{
  "args": {
    "N": 31,
    "bound_exponent": 0.5,
    "seed": "polarity",
    "density": 0.3,
    "runs": 1,
    "iters": 300,
    "tabu_tenure": 30,
    "neighborhood_sample": 300,
    "full_neighborhood": false,
    "no_aspiration": false,
    "log_every": 1000,
    "output": "results.json",
    "seed_rng": null
  },
  "bound": 10.317635549826303,
  "global_best_score": 13,
  "global_best_score_ratio": 2.334868926348074,
  "beats_bound": false,
  "runs": [
    {
      "run": 1,
      "N": 31,
      "best_score": 13,
      "ratio_to_sqrt_N": 2.334868926348074,
      "erdos_rogers_bound": 10.317635549826303,
      "beats_conjecture_bound": false,
      "num_edges": 138,
      "seed": "polarity",
      "iters": 300
    }
  ],
  "best_graph_edges": [
    [
      15,
      21
    ],
    [
      6,
      18
    ],
    [
      16,
      20
    ],
    [
      7,
      17
    ],
    [
      16,
      29
    ],
    [
      8,
      9
    ],
    [
      3,
      22
    ],
    [
      8,
      18
    ],
    [
      4,
      30
    ],
    [
      11,
      23
    ],
    [
      1,
      15
    ],
    [
      13,
      17
    ],
    [
      1,
      24
    ],
    [
      15,
      23
    ],
    [
      3,
      15
    ],
    [
      14,
      15
    ],
    [
      22,
      28
    ],
    [
      8,
      11
    ],
    [
      9,
      10
    ],
    [
      2,
      4
    ],
    [
      4,
      23
    ],
    [
      5,
      30
    ],
    [
      1,
      17
    ],
    [
      13,
      19
    ],
    [
      6,
      13
    ],
    [
      10,
      29
    ],
    [
      24,
      28
    ],
    [
      1,
      26
    ],
    [
      7,
      12
    ],
    [
      7,
      30
    ],
    [
      20,
      24
    ],
    [
      3,
      17
    ],
    [
      0,
      9
    ],
    [
      14,
      26
    ],
    [
      5,
      23
    ],
    [
      2,
      27
    ],
    [
      18,
      23
    ],
    [
      12,
      13
    ],
    [
      3,
      10
    ],
    [
      14,
      19
    ],
    [
      5,
      16
    ],
    [
      13,
      14
    ],
    [
      19,
      27
    ],
    [
      13,
      23
    ],
    [
      2,
      29
    ],
    [
      12,
      15
    ],
    [
      20,
      28
    ],
    [
      21,
      27
    ],
    [
      23,
      24
    ],
    [
      3,
      21
    ],
    [
      4,
      20
    ],
    [
      1,
      5
    ],
    [
      1,
      14
    ],
    [
      8,
      29
    ],
    [
      10,
      26
    ],
    [
      7,
      9
    ],
    [
      19,
      29
    ],
    [
      3,
      5
    ],
    [
      6,
      22
    ],
    [
      12,
      26
    ],
    [
      14,
      23
    ],
    [
      1,
      7
    ],
    [
      17,
      25
    ],
    [
      8,
      22
    ],
    [
      10,
      19
    ],
    [
      19,
      22
    ],
    [
      1,
      16
    ],
    [
      11,
      18
    ],
    [
      0,
      18
    ],
    [
      9,
      30
    ],
    [
      11,
      27
    ],
    [
      26,
      27
    ],
    [
      4,
      6
    ],
    [
      14,
      16
    ],
    [
      3,
      25
    ],
    [
      4,
      24
    ],
    [
      10,
      12
    ],
    [
      27,
      28
    ],
    [
      2,
      8
    ],
    [
      19,
      24
    ],
    [
      9,
      23
    ],
    [
      1,
      18
    ],
    [
      0,
      20
    ],
    [
      10,
      30
    ],
    [
      11,
      29
    ],
    [
      25,
      28
    ],
    [
      2,
      26
    ],
    [
      15,
      20
    ],
    [
      6,
      26
    ],
    [
      20,
      25
    ],
    [
      5,
      6
    ],
    [
      12,
      30
    ],
    [
      23,
      30
    ],
    [
      1,
      2
    ],
    [
      1,
      11
    ],
    [
      19,
      26
    ],
    [
      11,
      22
    ],
    [
      13,
      25
    ],
    [
      18,
      27
    ],
    [
      0,
      6
    ],
    [
      5,
      20
    ],
    [
      8,
      19
    ],
    [
      10,
      16
    ],
    [
      1,
      13
    ],
    [
      5,
      29
    ],
    [
      10,
      25
    ],
    [
      2,
      21
    ],
    [
      2,
      30
    ],
    [
      6,
      12
    ],
    [
      13,
      27
    ],
    [
      7,
      20
    ],
    [
      18,
      20
    ],
    [
      12,
      16
    ],
    [
      4,
      12
    ],
    [
      7,
      29
    ],
    [
      8,
      12
    ],
    [
      5,
      22
    ],
    [
      8,
      21
    ],
    [
      0,
      26
    ],
    [
      13,
      20
    ],
    [
      6,
      14
    ],
    [
      4,
      14
    ],
    [
      0,
      1
    ],
    [
      9,
      13
    ],
    [
      2,
      16
    ],
    [
      11,
      28
    ],
    [
      15,
      19
    ],
    [
      7,
      15
    ],
    [
      26,
      28
    ],
    [
      22,
      24
    ],
    [
      14,
      20
    ],
    [
      17,
      19
    ],
    [
      14,
      29
    ],
    [
      5,
      26
    ],
    [
      2,
      9
    ],
    [
      17,
      28
    ],
    [
      9,
      24
    ],
    [
      1,
      22
    ]
  ]
}