{
  "id": "c9fab076-27de-4b84-8c17-b1af82f2fe8f",
  "generation": 1,
  "iteration": 2,
  "timestamp": 1777018283.9805877,
  "parent_id": "adc23c0d-9ac0-4f4d-991c-c7d7e2bd6f00",
  "metrics": {
    "valid": 1.0,
    "alpha": 4.0,
    "d_max": 4.0,
    "c_log": 0.8243971662222649,
    "combined_score": 1.1756028337777351,
    "reliability": 1.0
  },
  "language": "python",
  "saved_at": 1777019567.5156784
}