graph_id,label,kind,n,m,alpha,edge_u,edge_v,drop_alpha,drop_e_max,drop_l_hc,lp_dual,sdp_dual,hoffman_grad
616eac31100bc37e,Paley(17),frontier,17,68,3,0,1,1,0.8968715700895551,0.012125100145412349,0.1250000144295261,3.219223676880871,
616eac31100bc37e,Paley(17),frontier,17,68,3,0,2,1,0.8968715700895546,0.012125100145412349,0.12500001442952594,3.2192236768809095,
616eac31100bc37e,Paley(17),frontier,17,68,3,0,3,1,0.8968715700895542,0.012125100145412349,0.1250000144295257,3.2192236768808637,
616eac31100bc37e,Paley(17),frontier,17,68,3,0,4,1,0.8968715700895542,0.012125100145412349,0.12500001442952594,3.21922367688088,
616eac31100bc37e,Paley(17),frontier,17,68,3,0,5,1,0.8968715700895546,0.012125100145412349,0.12500001442952632,3.219223676880886,
616eac31100bc37e,Paley(17),frontier,17,68,3,0,6,1,0.8968715700895546,0.012125100145412349,0.1250000144295261,3.219223676880905,
616eac31100bc37e,Paley(17),frontier,17,68,3,0,7,1,0.8968715700895542,0.012125100145412349,0.1250000144295261,3.219223676880898,
616eac31100bc37e,Paley(17),frontier,17,68,3,0,8,1,0.8968715700895542,0.012125100145412349,0.12500001442952557,3.2192236768808953,
616eac31100bc37e,Paley(17),frontier,17,68,3,1,2,1,0.8968715700895533,0.012125100145412349,0.12500001442952616,3.2192236768808873,
616eac31100bc37e,Paley(17),frontier,17,68,3,1,3,1,0.8968715700895538,0.01212510014541257,0.125000014429526,3.2192236768808518,
616eac31100bc37e,Paley(17),frontier,17,68,3,1,4,1,0.8968715700895533,0.012125100145412349,0.12500001442952605,3.219223676880843,
616eac31100bc37e,Paley(17),frontier,17,68,3,1,9,1,0.8968715700895542,0.012125100145412349,0.12500001442952563,3.219223676880847,
616eac31100bc37e,Paley(17),frontier,17,68,3,1,10,1,0.8968715700895542,0.01212510014541257,0.12500001442952563,3.219223676880852,
616eac31100bc37e,Paley(17),frontier,17,68,3,1,11,1,0.8968715700895538,0.01212510014541257,0.1250000144295261,3.2192236768807914,
616eac31100bc37e,Paley(17),frontier,17,68,3,1,12,1,0.8968715700895533,0.01212510014541257,0.12500001442952563,3.219223676880892,
616eac31100bc37e,Paley(17),frontier,17,68,3,2,6,1,0.8968715700895533,0.01212510014541257,0.12500001442952605,3.2192236768808318,
616eac31100bc37e,Paley(17),frontier,17,68,3,2,8,1,0.8968715700895533,0.012125100145412349,0.1250000144295256,3.219223676880883,
616eac31100bc37e,Paley(17),frontier,17,68,3,2,9,1,0.8968715700895533,0.01212510014541246,0.1250000144295256,3.2192236768808793,
616eac31100bc37e,Paley(17),frontier,17,68,3,2,12,1,0.8968715700895533,0.01212510014541257,0.12500001442952627,3.219223676880748,
616eac31100bc37e,Paley(17),frontier,17,68,3,2,15,1,0.8968715700895533,0.01212510014541246,0.12500001442952585,3.21922367688083,
616eac31100bc37e,Paley(17),frontier,17,68,3,2,16,1,0.8968715700895542,0.01212510014541246,0.12500001442952607,3.219223676880869,
616eac31100bc37e,Paley(17),frontier,17,68,3,3,5,1,0.8968715700895529,0.01212510014541257,0.12500001442952616,3.2192236768808327,
616eac31100bc37e,Paley(17),frontier,17,68,3,3,7,1,0.8968715700895538,0.012125100145412349,0.12500001442952619,3.2192236768808695,
616eac31100bc37e,Paley(17),frontier,17,68,3,3,11,1,0.8968715700895533,0.01212510014541257,0.12500001442952582,3.219223676880808,
616eac31100bc37e,Paley(17),frontier,17,68,3,3,12,1,0.8968715700895529,0.01212510014541257,0.1250000144295262,3.2192236768807927,
616eac31100bc37e,Paley(17),frontier,17,68,3,3,14,1,0.8968715700895533,0.01212510014541257,0.1250000144295255,3.2192236768808975,
616eac31100bc37e,Paley(17),frontier,17,68,3,3,15,1,0.8968715700895533,0.01212510014541257,0.12500001442952585,3.219223676880853,
616eac31100bc37e,Paley(17),frontier,17,68,3,4,7,1,0.8968715700895533,0.01212510014541246,0.12500001442952646,3.2192236768808615,
616eac31100bc37e,Paley(17),frontier,17,68,3,4,8,1,0.8968715700895538,0.01212510014541257,0.1250000144295257,3.219223676880912,
616eac31100bc37e,Paley(17),frontier,17,68,3,4,10,1,0.8968715700895529,0.01212510014541257,0.1250000144295257,3.21922367688081,
616eac31100bc37e,Paley(17),frontier,17,68,3,4,11,1,0.8968715700895546,0.01212510014541257,0.12500001442952607,3.219223676880898,
616eac31100bc37e,Paley(17),frontier,17,68,3,4,13,1,0.8968715700895529,0.012125100145412793,0.1250000144295261,3.2192236768808487,
616eac31100bc37e,Paley(17),frontier,17,68,3,4,16,1,0.8968715700895533,0.01212510014541246,0.12500001442952602,3.2192236768808566,
616eac31100bc37e,Paley(17),frontier,17,68,3,5,6,1,0.8968715700895533,0.012125100145412349,0.12500001442952546,3.2192236768808637,
616eac31100bc37e,Paley(17),frontier,17,68,3,5,8,1,0.8968715700895538,0.01212510014541257,0.12500001442952582,3.219223676880859,
616eac31100bc37e,Paley(17),frontier,17,68,3,5,9,1,0.8968715700895538,0.01212510014541257,0.12500001442952569,3.2192236768808744,
616eac31100bc37e,Paley(17),frontier,17,68,3,5,11,1,0.8968715700895538,0.01212510014541257,0.12500001442952624,3.2192236768808296,
616eac31100bc37e,Paley(17),frontier,17,68,3,5,13,1,0.8968715700895529,0.01212510014541257,0.12500001442952546,3.2192236768808673,
616eac31100bc37e,Paley(17),frontier,17,68,3,5,14,1,0.8968715700895533,0.01212510014541257,0.12500001442952582,3.2192236768807945,
616eac31100bc37e,Paley(17),frontier,17,68,3,6,7,1,0.8968715700895538,0.01212510014541257,0.1250000144295256,3.219223676880873,
616eac31100bc37e,Paley(17),frontier,17,68,3,6,9,1,0.8968715700895538,0.01212510014541257,0.12500001442952655,3.2192236768808766,
616eac31100bc37e,Paley(17),frontier,17,68,3,6,10,1,0.8968715700895542,0.012125100145412349,0.12500001442952646,3.219223676880831,
616eac31100bc37e,Paley(17),frontier,17,68,3,6,13,1,0.8968715700895546,0.01212510014541257,0.12500001442952635,3.219223676880834,
616eac31100bc37e,Paley(17),frontier,17,68,3,6,15,1,0.8968715700895533,0.01212510014541257,0.12500001442952585,3.2192236768808,
616eac31100bc37e,Paley(17),frontier,17,68,3,7,10,1,0.8968715700895533,0.01212510014541257,0.1250000144295258,3.219223676880846,
616eac31100bc37e,Paley(17),frontier,17,68,3,7,14,1,0.8968715700895542,0.01212510014541257,0.12500001442952588,3.219223676880923,
616eac31100bc37e,Paley(17),frontier,17,68,3,7,15,1,0.8968715700895533,0.01212510014541246,0.12500001442952624,3.219223676880876,
616eac31100bc37e,Paley(17),frontier,17,68,3,7,16,1,0.8968715700895533,0.012125100145412349,0.1250000144295254,3.219223676880871,
616eac31100bc37e,Paley(17),frontier,17,68,3,8,12,1,0.8968715700895533,0.01212510014541257,0.12500001442952582,3.2192236768808127,
616eac31100bc37e,Paley(17),frontier,17,68,3,8,13,1,0.8968715700895533,0.012125100145412349,0.12500001442952646,3.21922367688087,
616eac31100bc37e,Paley(17),frontier,17,68,3,8,14,1,0.8968715700895538,0.01212510014541246,0.12500001442952605,3.2192236768808575,
616eac31100bc37e,Paley(17),frontier,17,68,3,8,16,1,0.8968715700895533,0.01212510014541246,0.12500001442952632,3.219223676880819,
616eac31100bc37e,Paley(17),frontier,17,68,3,9,10,1,0.8968715700895542,0.01212510014541257,0.12500001442952605,3.2192236768809077,
616eac31100bc37e,Paley(17),frontier,17,68,3,9,11,1,0.8968715700895542,0.01212510014541257,0.12500001442952563,3.219223676880885,
616eac31100bc37e,Paley(17),frontier,17,68,3,9,14,1,0.8968715700895542,0.01212510014541257,0.1250000144295261,3.2192236768809344,
616eac31100bc37e,Paley(17),frontier,17,68,3,9,16,1,0.8968715700895542,0.012125100145412682,0.12500001442952663,3.2192236768809255,
616eac31100bc37e,Paley(17),frontier,17,68,3,10,12,1,0.8968715700895542,0.01212510014541257,0.12500001442952582,3.2192236768809113,
616eac31100bc37e,Paley(17),frontier,17,68,3,10,13,1,0.8968715700895542,0.012125100145412793,0.12500001442952646,3.219223676880967,
616eac31100bc37e,Paley(17),frontier,17,68,3,10,14,1,0.8968715700895538,0.012125100145412793,0.12500001442952616,3.2192236768809317,
616eac31100bc37e,Paley(17),frontier,17,68,3,11,13,1,0.8968715700895542,0.012125100145412793,0.12500001442952602,3.219223676880883,
616eac31100bc37e,Paley(17),frontier,17,68,3,11,15,1,0.8968715700895542,0.01212510014541257,0.1250000144295257,3.21922367688095,
616eac31100bc37e,Paley(17),frontier,17,68,3,11,16,1,0.8968715700895542,0.012125100145412682,0.12500001442952605,3.2192236768809086,
616eac31100bc37e,Paley(17),frontier,17,68,3,12,13,1,0.8968715700895546,0.01212510014541257,0.12500001442952535,3.2192236768808433,
616eac31100bc37e,Paley(17),frontier,17,68,3,12,14,1,0.8968715700895542,0.012125100145412793,0.1250000144295257,3.219223676880934,
616eac31100bc37e,Paley(17),frontier,17,68,3,12,15,1,0.8968715700895542,0.012125100145412793,0.1250000144295261,3.2192236768808997,
616eac31100bc37e,Paley(17),frontier,17,68,3,13,15,1,0.8968715700895551,0.01212510014541257,0.12500001442952596,3.2192236768808944,
616eac31100bc37e,Paley(17),frontier,17,68,3,14,16,1,0.8968715700895551,0.012125100145412682,0.12500001442952646,3.2192236768808598,
616eac31100bc37e,Paley(17),frontier,17,68,3,15,16,1,0.8968715700895542,0.01212510014541257,0.1250000144295257,3.219223676880901,
6a8d281aabad2908,CR(19),frontier,19,57,4,0,1,1,0.9196305129644222,0.022045017329119787,0.16666668086806588,4.58652831980136,
6a8d281aabad2908,CR(19),frontier,19,57,4,0,2,1,0.9196305129644231,0.022045017329119787,0.16666668086806516,4.586528319801314,
6a8d281aabad2908,CR(19),frontier,19,57,4,0,3,1,0.9196305129644231,0.022045017329119787,0.16666668086806571,4.5865283198012765,
6a8d281aabad2908,CR(19),frontier,19,57,4,0,4,1,0.9196305129644222,0.022045017329119787,0.1666666808680658,4.58652831980131,
6a8d281aabad2908,CR(19),frontier,19,57,4,0,5,1,0.9196305129644231,0.022045017329119787,0.1666666808680655,4.586528319801319,
6a8d281aabad2908,CR(19),frontier,19,57,4,0,6,1,0.9196305129644222,0.022045017329119787,0.16666668086806594,4.586528319801319,
6a8d281aabad2908,CR(19),frontier,19,57,4,1,2,1,0.9196305129644231,0.022045017329119787,0.16666668086806571,4.586528319801319,
6a8d281aabad2908,CR(19),frontier,19,57,4,1,3,1,0.9196305129644231,0.022045017329119787,0.16666668086806505,4.58652831980135,
6a8d281aabad2908,CR(19),frontier,19,57,4,1,7,1,0.9196305129644222,0.02204501732912001,0.16666668086806558,4.58652831980134,
6a8d281aabad2908,CR(19),frontier,19,57,4,1,13,1,0.919630512964424,0.022045017329119787,0.166666680868065,4.586528319801324,
6a8d281aabad2908,CR(19),frontier,19,57,4,1,14,1,0.9196305129644213,0.022045017329119787,0.16666668086806535,4.586528319801419,
6a8d281aabad2908,CR(19),frontier,19,57,4,2,5,1,0.9196305129644222,0.022045017329119787,0.16666668086806563,4.586528319801336,
6a8d281aabad2908,CR(19),frontier,19,57,4,2,11,1,0.9196305129644222,0.02204501732912001,0.16666668086806552,4.58652831980135,
6a8d281aabad2908,CR(19),frontier,19,57,4,2,14,1,0.9196305129644231,0.022045017329119787,0.16666668086806594,4.586528319801314,
6a8d281aabad2908,CR(19),frontier,19,57,4,2,17,1,0.9196305129644231,0.02204501732912001,0.16666668086806508,4.586528319801276,
6a8d281aabad2908,CR(19),frontier,19,57,4,3,6,1,0.9196305129644231,0.022045017329119787,0.16666668086806544,4.58652831980131,
6a8d281aabad2908,CR(19),frontier,19,57,4,3,12,1,0.9196305129644231,0.02204501732912001,0.16666668086806574,4.586528319801301,
6a8d281aabad2908,CR(19),frontier,19,57,4,3,13,1,0.9196305129644222,0.022045017329119787,0.16666668086806544,4.586528319801327,
6a8d281aabad2908,CR(19),frontier,19,57,4,3,18,1,0.9196305129644231,0.02204501732912001,0.16666668086806558,4.586528319801391,
6a8d281aabad2908,CR(19),frontier,19,57,4,4,5,1,0.9196305129644231,0.022045017329119787,0.16666668086806535,4.5865283198013485,
6a8d281aabad2908,CR(19),frontier,19,57,4,4,6,1,0.9196305129644231,0.02204501732912001,0.16666668086806558,4.586528319801283,
6a8d281aabad2908,CR(19),frontier,19,57,4,4,10,1,0.9196305129644231,0.02204501732912001,0.16666668086806521,4.586528319801288,
6a8d281aabad2908,CR(19),frontier,19,57,4,4,15,1,0.9196305129644231,0.022045017329119787,0.16666668086806544,4.586528319801369,
6a8d281aabad2908,CR(19),frontier,19,57,4,4,16,1,0.9196305129644222,0.022045017329119787,0.16666668086806544,4.586528319801356,
6a8d281aabad2908,CR(19),frontier,19,57,4,5,8,1,0.9196305129644222,0.02204501732912001,0.16666668086806563,4.586528319801336,
6a8d281aabad2908,CR(19),frontier,19,57,4,5,15,1,0.9196305129644213,0.022045017329119787,0.1666666808680652,4.586528319801419,
6a8d281aabad2908,CR(19),frontier,19,57,4,5,17,1,0.9196305129644231,0.022045017329119787,0.16666668086806552,4.58652831980136,
6a8d281aabad2908,CR(19),frontier,19,57,4,6,9,1,0.9196305129644222,0.02204501732912001,0.16666668086806563,4.586528319801347,
6a8d281aabad2908,CR(19),frontier,19,57,4,6,16,1,0.9196305129644231,0.02204501732912001,0.16666668086806521,4.586528319801325,
6a8d281aabad2908,CR(19),frontier,19,57,4,6,18,1,0.9196305129644231,0.02204501732912001,0.16666668086806535,4.58652831980137,
6a8d281aabad2908,CR(19),frontier,19,57,4,7,8,1,0.9196305129644231,0.02204501732912001,0.16666668086806544,4.586528319801364,
6a8d281aabad2908,CR(19),frontier,19,57,4,7,9,1,0.9196305129644231,0.02204501732912001,0.1666666808680658,4.586528319801357,
6a8d281aabad2908,CR(19),frontier,19,57,4,7,13,1,0.9196305129644231,0.02204501732912001,0.1666666808680655,4.5865283198012925,
6a8d281aabad2908,CR(19),frontier,19,57,4,7,14,1,0.9196305129644222,0.02204501732912001,0.16666668086806544,4.586528319801331,
6a8d281aabad2908,CR(19),frontier,19,57,4,7,15,1,0.9196305129644222,0.02204501732912001,0.1666666808680655,4.58652831980131,
6a8d281aabad2908,CR(19),frontier,19,57,4,8,9,1,0.9196305129644231,0.02204501732912001,0.16666668086806552,4.586528319801355,
6a8d281aabad2908,CR(19),frontier,19,57,4,8,15,1,0.9196305129644231,0.02204501732912001,0.16666668086806558,4.5865283198013564,
6a8d281aabad2908,CR(19),frontier,19,57,4,8,17,1,0.9196305129644231,0.02204501732912001,0.16666668086806552,4.586528319801267,
6a8d281aabad2908,CR(19),frontier,19,57,4,8,18,1,0.9196305129644231,0.02204501732912001,0.16666668086806563,4.586528319801358,
6a8d281aabad2908,CR(19),frontier,19,57,4,9,14,1,0.9196305129644231,0.02204501732912001,0.16666668086806558,4.586528319801319,
6a8d281aabad2908,CR(19),frontier,19,57,4,9,16,1,0.9196305129644222,0.02204501732912001,0.16666668086806527,4.586528319801296,
6a8d281aabad2908,CR(19),frontier,19,57,4,9,18,1,0.9196305129644231,0.02204501732912001,0.1666666808680655,4.586528319801321,
6a8d281aabad2908,CR(19),frontier,19,57,4,10,11,1,0.9196305129644231,0.02204501732912001,0.1666666808680651,4.586528319801373,
6a8d281aabad2908,CR(19),frontier,19,57,4,10,12,1,0.9196305129644231,0.02204501732912001,0.16666668086806527,4.586528319801374,
6a8d281aabad2908,CR(19),frontier,19,57,4,10,13,1,0.9196305129644222,0.02204501732912001,0.1666666808680661,4.586528319801279,
6a8d281aabad2908,CR(19),frontier,19,57,4,10,15,1,0.919630512964424,0.02204501732912001,0.1666666808680652,4.586528319801343,
6a8d281aabad2908,CR(19),frontier,19,57,4,10,16,1,0.9196305129644222,0.02204501732912001,0.16666668086806596,4.586528319801343,
6a8d281aabad2908,CR(19),frontier,19,57,4,11,12,1,0.9196305129644231,0.02204501732912001,0.16666668086806535,4.58652831980135,
6a8d281aabad2908,CR(19),frontier,19,57,4,11,14,1,0.9196305129644231,0.02204501732912001,0.16666668086806538,4.586528319801324,
6a8d281aabad2908,CR(19),frontier,19,57,4,11,16,1,0.9196305129644231,0.02204501732912001,0.16666668086806544,4.58652831980131,
6a8d281aabad2908,CR(19),frontier,19,57,4,11,17,1,0.9196305129644231,0.02204501732912001,0.1666666808680657,4.586528319801399,
6a8d281aabad2908,CR(19),frontier,19,57,4,12,13,1,0.9196305129644222,0.02204501732912001,0.16666668086806546,4.586528319801379,
6a8d281aabad2908,CR(19),frontier,19,57,4,12,17,1,0.9196305129644231,0.02204501732912001,0.16666668086806563,4.586528319801329,
6a8d281aabad2908,CR(19),frontier,19,57,4,12,18,1,0.9196305129644222,0.02204501732912001,0.16666668086806571,4.586528319801308,
6a8d281aabad2908,CR(19),frontier,19,57,4,13,15,1,0.9196305129644231,0.02204501732912001,0.16666668086806558,4.5865283198014035,
6a8d281aabad2908,CR(19),frontier,19,57,4,14,16,1,0.9196305129644222,0.02204501732912001,0.16666668086806538,4.58652831980139,
6a8d281aabad2908,CR(19),frontier,19,57,4,17,18,1,0.9196305129644222,0.02204501732912001,0.16666668086806571,4.58652831980139,
6a8d281aabad2908+1,CR(19) (+1 edge),perturbed,19,58,4,0,1,1,0.9225673480738221,0.01273430783736984,0.14968152883550762,4.846571409434782,
6a8d281aabad2908+1,CR(19) (+1 edge),perturbed,19,58,4,0,2,1,0.9225673480738203,0.0234444777677687,0.1751592361971825,4.455252446493376,
6a8d281aabad2908+1,CR(19) (+1 edge),perturbed,19,58,4,0,3,1,0.9225673480738203,0.0234444777677687,0.1751592361971813,4.542237063301931,
6a8d281aabad2908+1,CR(19) (+1 edge),perturbed,19,58,4,0,4,1,0.9225673480738221,0.01273430783736984,0.1496815288355085,4.846571409434792,
6a8d281aabad2908+1,CR(19) (+1 edge),perturbed,19,58,4,0,5,1,0.9225673480738203,0.0234444777677687,0.1751592361971822,4.5422370633019336,
6a8d281aabad2908+1,CR(19) (+1 edge),perturbed,19,58,4,0,6,1,0.9225673480738212,0.0234444777677687,0.1751592361971832,4.455252446493382,
6a8d281aabad2908+1,CR(19) (+1 edge),perturbed,19,58,4,1,2,1,0.9029954226232508,0.020259034907307294,0.14570063649353807,4.240517908452569,
6a8d281aabad2908+1,CR(19) (+1 edge),perturbed,19,58,4,1,3,1,0.8875574796620898,0.020259034907307516,0.1457006364935373,4.227016635175152,
6a8d281aabad2908+1,CR(19) (+1 edge),perturbed,19,58,4,1,4,0,0.00012752556052264552,0.027281835138161625,0.12022292913186357,1.246724268964742,
6a8d281aabad2908+1,CR(19) (+1 edge),perturbed,19,58,4,1,7,1,0.9149312049686298,0.019371827247032236,0.1464968153242138,4.714390134197382,
6a8d281aabad2908+1,CR(19) (+1 edge),perturbed,19,58,4,1,13,1,0.8675497009533659,0.01922293405618425,0.14570063649353734,4.0762354885558745,
6a8d281aabad2908+1,CR(19) (+1 edge),perturbed,19,58,4,1,14,1,0.9149312049686298,0.019222934056184027,0.14649681532421377,4.548744237081171,
6a8d281aabad2908+1,CR(19) (+1 edge),perturbed,19,58,4,2,5,1,0.922567348073823,0.021611596120956644,0.17117834385521088,4.534519654003894,
6a8d281aabad2908+1,CR(19) (+1 edge),perturbed,19,58,4,2,11,1,0.9225673480738239,0.02174542538589508,0.16719745151324011,4.874315513078329,
6a8d281aabad2908+1,CR(19) (+1 edge),perturbed,19,58,4,2,14,1,0.9225673480738203,0.02216084118094419,0.17197452268588873,4.640942741458721,
6a8d281aabad2908+1,CR(19) (+1 edge),perturbed,19,58,4,2,17,1,0.9225673480738212,0.0217454253858953,0.16878980917459413,4.6791085301845134,
6a8d281aabad2908+1,CR(19) (+1 edge),perturbed,19,58,4,3,6,1,0.9225673480738239,0.021611596120956644,0.17117834385521288,4.534519654003903,
6a8d281aabad2908+1,CR(19) (+1 edge),perturbed,19,58,4,3,12,1,0.922567348073823,0.02174542538589508,0.16799363034391718,4.808621265364337,
6a8d281aabad2908+1,CR(19) (+1 edge),perturbed,19,58,4,3,13,1,0.9225673480738203,0.02216084118094419,0.1711783438552114,4.595395564397935,
6a8d281aabad2908+1,CR(19) (+1 edge),perturbed,19,58,4,3,18,1,0.9225673480738212,0.02174542538589508,0.168789809174594,4.624529138457308,
6a8d281aabad2908+1,CR(19) (+1 edge),perturbed,19,58,4,4,5,1,0.8875574796620889,0.020259034907307294,0.14570063649353682,4.227016635175147,
6a8d281aabad2908+1,CR(19) (+1 edge),perturbed,19,58,4,4,6,1,0.9029954226232508,0.020259034907307294,0.1457006364935375,4.2405179084525635,
6a8d281aabad2908+1,CR(19) (+1 edge),perturbed,19,58,4,4,10,1,0.9149312049686307,0.019371827247032236,0.14649681532421516,4.7143901341973855,
6a8d281aabad2908+1,CR(19) (+1 edge),perturbed,19,58,4,4,15,1,0.8675497009533659,0.019222934056184027,0.14570063649353704,4.076235488555886,
6a8d281aabad2908+1,CR(19) (+1 edge),perturbed,19,58,4,4,16,1,0.9149312049686298,0.019222934056184027,0.1464968153242136,4.548744237081181,
6a8d281aabad2908+1,CR(19) (+1 edge),perturbed,19,58,4,5,8,1,0.922567348073823,0.02174542538589508,0.16799363034391776,4.808621265364332,
6a8d281aabad2908+1,CR(19) (+1 edge),perturbed,19,58,4,5,15,1,0.9225673480738212,0.02216084118094419,0.1711783438552126,4.595395564397926,
6a8d281aabad2908+1,CR(19) (+1 edge),perturbed,19,58,4,5,17,1,0.9225673480738221,0.02174542538589508,0.1687898091745937,4.624529138457282,
6a8d281aabad2908+1,CR(19) (+1 edge),perturbed,19,58,4,6,9,1,0.922567348073823,0.0217454253858953,0.16719745151324017,4.874315513078313,
6a8d281aabad2908+1,CR(19) (+1 edge),perturbed,19,58,4,6,16,1,0.9225673480738203,0.022160841180944413,0.17197452268588742,4.640942741458719,
6a8d281aabad2908+1,CR(19) (+1 edge),perturbed,19,58,4,6,18,1,0.9225673480738212,0.0217454253858953,0.16878980917459327,4.679108530184517,
6a8d281aabad2908+1,CR(19) (+1 edge),perturbed,19,58,4,7,8,1,0.9225673480738221,0.02174542538589508,0.16878980917459377,4.563085864939547,
6a8d281aabad2908+1,CR(19) (+1 edge),perturbed,19,58,4,7,9,1,0.9225673480738203,0.02174542538589508,0.1679936303439175,4.570435329610159,
6a8d281aabad2908+1,CR(19) (+1 edge),perturbed,19,58,4,7,13,1,0.9225673480738177,0.02226508267269489,0.1719745226858883,4.5889456250456195,
6a8d281aabad2908+1,CR(19) (+1 edge),perturbed,19,58,4,7,14,1,0.9225673480738221,0.022265082672695113,0.1727707015165646,4.6132537824955095,
6a8d281aabad2908+1,CR(19) (+1 edge),perturbed,19,58,4,7,15,1,0.9225673480738221,0.02174542538589508,0.17197452268588823,4.614929074184212,
6a8d281aabad2908+1,CR(19) (+1 edge),perturbed,19,58,4,8,9,1,0.9012755293674921,0.0217454253858953,0.16401273800194652,4.204190741369182,
6a8d281aabad2908+1,CR(19) (+1 edge),perturbed,19,58,4,8,15,1,0.9225673480738239,0.02174542538589508,0.16799363034391748,4.798709441550377,
6a8d281aabad2908+1,CR(19) (+1 edge),perturbed,19,58,4,8,17,1,0.923032366197722,0.02174542538589508,0.16560509566329906,4.667263046436698,
6a8d281aabad2908+1,CR(19) (+1 edge),perturbed,19,58,4,8,18,1,0.9133857553803049,0.0217454253858953,0.16560509566329984,4.414801241247939,
6a8d281aabad2908+1,CR(19) (+1 edge),perturbed,19,58,4,9,14,1,0.9225673480738203,0.0217454253858953,0.1679936303439174,4.6296646568504585,
6a8d281aabad2908+1,CR(19) (+1 edge),perturbed,19,58,4,9,16,1,0.9225673480738212,0.0217454253858953,0.16799363034391795,4.751216820322624,
6a8d281aabad2908+1,CR(19) (+1 edge),perturbed,19,58,4,9,18,1,0.9133857553803013,0.0217454253858953,0.16480891683262353,4.460061108643144,
6a8d281aabad2908+1,CR(19) (+1 edge),perturbed,19,58,4,10,11,1,0.9225673480738212,0.02174542538589508,0.16799363034391754,4.570435329610162,
6a8d281aabad2908+1,CR(19) (+1 edge),perturbed,19,58,4,10,12,1,0.9225673480738221,0.02174542538589508,0.1687898091745937,4.563085864939572,
6a8d281aabad2908+1,CR(19) (+1 edge),perturbed,19,58,4,10,13,1,0.9225673480738221,0.0217454253858953,0.17197452268588806,4.614929074184217,
6a8d281aabad2908+1,CR(19) (+1 edge),perturbed,19,58,4,10,15,1,0.9225673480738186,0.022265082672695113,0.17197452268588695,4.588945625045606,
6a8d281aabad2908+1,CR(19) (+1 edge),perturbed,19,58,4,10,16,1,0.9225673480738221,0.022265082672695113,0.17277070151656507,4.613253782495514,
6a8d281aabad2908+1,CR(19) (+1 edge),perturbed,19,58,4,11,12,1,0.9012755293674921,0.02174542538589508,0.16401273800194652,4.204190741369191,
6a8d281aabad2908+1,CR(19) (+1 edge),perturbed,19,58,4,11,14,1,0.9225673480738212,0.0217454253858953,0.16799363034391754,4.7512168203226155,
6a8d281aabad2908+1,CR(19) (+1 edge),perturbed,19,58,4,11,16,1,0.9225673480738203,0.0217454253858953,0.167993630343918,4.629664656850466,
6a8d281aabad2908+1,CR(19) (+1 edge),perturbed,19,58,4,11,17,1,0.9133857553803013,0.02174542538589508,0.1648089168326232,4.4600611086431226,
6a8d281aabad2908+1,CR(19) (+1 edge),perturbed,19,58,4,12,13,1,0.9225673480738239,0.02174542538589508,0.16799363034391698,4.79870944155037,
6a8d281aabad2908+1,CR(19) (+1 edge),perturbed,19,58,4,12,17,1,0.9133857553803058,0.0217454253858953,0.16560509566330084,4.414801241247945,
6a8d281aabad2908+1,CR(19) (+1 edge),perturbed,19,58,4,12,18,1,0.923032366197722,0.02174542538589508,0.16560509566329984,4.6672630464366875,
6a8d281aabad2908+1,CR(19) (+1 edge),perturbed,19,58,4,13,15,1,0.9225673480738203,0.0217454253858953,0.17117834385521238,4.660231071108672,
6a8d281aabad2908+1,CR(19) (+1 edge),perturbed,19,58,4,14,16,1,0.922567348073823,0.021745425385895523,0.17277070151656443,4.463430441782818,
6a8d281aabad2908+1,CR(19) (+1 edge),perturbed,19,58,4,17,18,1,0.9230323661977247,0.0217454253858953,0.16640127449397593,4.601531687893471,
aa356a092d0eb4fc,n=22 cayley,frontier,22,88,4,0,1,1,0.829990938635905,0.016944378224941437,0.12500001122759238,3.0432832263215572,
aa356a092d0eb4fc,n=22 cayley,frontier,22,88,4,0,2,1,0.829990938635905,0.016944378224941437,0.12500001122759238,3.043283226321554,
aa356a092d0eb4fc,n=22 cayley,frontier,22,88,4,0,3,1,0.8662454405912805,0.01336162137775987,0.12500001122759238,3.6688596845396404,
aa356a092d0eb4fc,n=22 cayley,frontier,22,88,4,0,4,1,0.8662454405912814,0.01336162137775987,0.12500001122759258,3.668859684539644,
aa356a092d0eb4fc,n=22 cayley,frontier,22,88,4,0,5,1,0.8798936693980433,0.01336162137775987,0.12500001122759294,3.83327734018314,
aa356a092d0eb4fc,n=22 cayley,frontier,22,88,4,0,6,1,0.8798936693980433,0.01336162137775987,0.12500001122759294,3.833277340183138,
aa356a092d0eb4fc,n=22 cayley,frontier,22,88,4,0,7,1,0.9432346251733175,0.006813502532287519,0.12500001122759252,5.7836473181052765,
aa356a092d0eb4fc,n=22 cayley,frontier,22,88,4,0,8,1,0.9432346251733175,0.006813502532287519,0.12500001122759297,5.783647318105269,
aa356a092d0eb4fc,n=22 cayley,frontier,22,88,4,1,7,1,0.9432346251733184,0.006813502532287519,0.12500001122759247,5.783647318105264,
aa356a092d0eb4fc,n=22 cayley,frontier,22,88,4,1,11,1,0.9432346251733175,0.006813502532287519,0.12500001122759266,5.783647318105267,
aa356a092d0eb4fc,n=22 cayley,frontier,22,88,4,1,13,1,0.8299909386359059,0.016944378224941437,0.12500001122759238,3.043283226321569,
aa356a092d0eb4fc,n=22 cayley,frontier,22,88,4,1,15,1,0.8798936693980441,0.01336162137775987,0.1250000112275929,3.8332773401831455,
aa356a092d0eb4fc,n=22 cayley,frontier,22,88,4,1,17,1,0.8798936693980433,0.01336162137775987,0.12500001122759302,3.8332773401831455,
aa356a092d0eb4fc,n=22 cayley,frontier,22,88,4,1,19,1,0.8662454405912805,0.01336162137775987,0.12500001122759224,3.668859684539648,
aa356a092d0eb4fc,n=22 cayley,frontier,22,88,4,1,21,1,0.8662454405912796,0.01336162137775987,0.1250000112275927,3.668859684539638,
aa356a092d0eb4fc,n=22 cayley,frontier,22,88,4,2,8,1,0.9432346251733184,0.006813502532287519,0.1250000112275926,5.78364731810526,
aa356a092d0eb4fc,n=22 cayley,frontier,22,88,4,2,12,1,0.9432346251733166,0.006813502532287519,0.1250000112275927,5.783647318105264,
aa356a092d0eb4fc,n=22 cayley,frontier,22,88,4,2,14,1,0.8299909386359059,0.016944378224941437,0.12500001122759288,3.0432832263215666,
aa356a092d0eb4fc,n=22 cayley,frontier,22,88,4,2,16,1,0.8798936693980433,0.01336162137775987,0.1250000112275927,3.8332773401831433,
aa356a092d0eb4fc,n=22 cayley,frontier,22,88,4,2,18,1,0.8798936693980424,0.01336162137775987,0.12500001122759233,3.8332773401831455,
aa356a092d0eb4fc,n=22 cayley,frontier,22,88,4,2,20,1,0.8662454405912805,0.01336162137775987,0.1250000112275927,3.6688596845396493,
aa356a092d0eb4fc,n=22 cayley,frontier,22,88,4,2,21,1,0.8662454405912796,0.01336162137775987,0.1250000112275927,3.668859684539638,
aa356a092d0eb4fc,n=22 cayley,frontier,22,88,4,3,5,1,0.9432346251733166,0.006813502532287519,0.12500001122759266,5.783647318105274,
aa356a092d0eb4fc,n=22 cayley,frontier,22,88,4,3,7,1,0.8798936693980433,0.01336162137775987,0.12500001122759252,3.8332773401831335,
aa356a092d0eb4fc,n=22 cayley,frontier,22,88,4,3,10,1,0.879893669398045,0.01336162137775987,0.12500001122759227,3.833277340183139,
aa356a092d0eb4fc,n=22 cayley,frontier,22,88,4,3,14,1,0.8662454405912823,0.01336162137775987,0.12500001122759286,3.6688596845396293,
aa356a092d0eb4fc,n=22 cayley,frontier,22,88,4,3,17,1,0.9432346251733184,0.006813502532287519,0.1250000112275928,5.783647318105262,
aa356a092d0eb4fc,n=22 cayley,frontier,22,88,4,3,20,1,0.8299909386359041,0.016944378224941437,0.1250000112275927,3.043283226321561,
aa356a092d0eb4fc,n=22 cayley,frontier,22,88,4,3,21,1,0.8299909386359032,0.016944378224941437,0.12500001122759274,3.0432832263215666,
aa356a092d0eb4fc,n=22 cayley,frontier,22,88,4,4,6,1,0.9432346251733175,0.006813502532287519,0.1250000112275928,5.783647318105272,
aa356a092d0eb4fc,n=22 cayley,frontier,22,88,4,4,8,1,0.8798936693980441,0.01336162137775987,0.12500001122759274,3.833277340183138,
aa356a092d0eb4fc,n=22 cayley,frontier,22,88,4,4,9,1,0.879893669398045,0.01336162137775987,0.12500001122759297,3.833277340183147,
aa356a092d0eb4fc,n=22 cayley,frontier,22,88,4,4,13,1,0.8662454405912823,0.01336162137775987,0.1250000112275923,3.6688596845396297,
aa356a092d0eb4fc,n=22 cayley,frontier,22,88,4,4,18,1,0.9432346251733184,0.006813502532287519,0.12500001122759236,5.783647318105266,
aa356a092d0eb4fc,n=22 cayley,frontier,22,88,4,4,19,1,0.8299909386359041,0.016944378224941437,0.12500001122759244,3.0432832263215666,
aa356a092d0eb4fc,n=22 cayley,frontier,22,88,4,4,21,1,0.8299909386359032,0.016944378224941437,0.12500001122759274,3.0432832263215643,
aa356a092d0eb4fc,n=22 cayley,frontier,22,88,4,5,8,1,0.8662454405912805,0.01336162137775987,0.12500001122759222,3.668859684539638,
aa356a092d0eb4fc,n=22 cayley,frontier,22,88,4,5,10,1,0.8662454405912832,0.01336162137775987,0.12500001122759288,3.668859684539641,
aa356a092d0eb4fc,n=22 cayley,frontier,22,88,4,5,15,1,0.8798936693980424,0.01336162137775987,0.12500001122759244,3.83327734018313,
aa356a092d0eb4fc,n=22 cayley,frontier,22,88,4,5,16,1,0.8299909386359041,0.01694437822494166,0.12500001122759252,3.043283226321569,
aa356a092d0eb4fc,n=22 cayley,frontier,22,88,4,5,17,1,0.8299909386359041,0.016944378224941437,0.12500001122759255,3.0432832263215652,
aa356a092d0eb4fc,n=22 cayley,frontier,22,88,4,5,20,1,0.9432346251733175,0.006813502532287519,0.1250000112275923,5.783647318105262,
aa356a092d0eb4fc,n=22 cayley,frontier,22,88,4,6,7,1,0.8662454405912805,0.01336162137775987,0.12500001122759272,3.6688596845396324,
aa356a092d0eb4fc,n=22 cayley,frontier,22,88,4,6,9,1,0.8662454405912832,0.01336162137775987,0.1250000112275921,3.668859684539638,
aa356a092d0eb4fc,n=22 cayley,frontier,22,88,4,6,15,1,0.829990938635905,0.01694437822494166,0.12500001122759236,3.0432832263215697,
aa356a092d0eb4fc,n=22 cayley,frontier,22,88,4,6,16,1,0.8798936693980424,0.01336162137775987,0.1250000112275923,3.8332773401831286,
aa356a092d0eb4fc,n=22 cayley,frontier,22,88,4,6,18,1,0.8299909386359041,0.016944378224941437,0.12500001122759266,3.043283226321565,
aa356a092d0eb4fc,n=22 cayley,frontier,22,88,4,6,19,1,0.9432346251733175,0.006813502532287519,0.12500001122759272,5.7836473181052614,
aa356a092d0eb4fc,n=22 cayley,frontier,22,88,4,7,8,1,0.8299909386359032,0.016944378224941437,0.12500001122759286,3.0432832263215857,
aa356a092d0eb4fc,n=22 cayley,frontier,22,88,4,7,11,1,0.829990938635905,0.016944378224941437,0.12500001122759286,3.0432832263215643,
aa356a092d0eb4fc,n=22 cayley,frontier,22,88,4,7,17,1,0.8662454405912814,0.01336162137775987,0.125000011227593,3.668859684539634,
aa356a092d0eb4fc,n=22 cayley,frontier,22,88,4,7,19,1,0.8798936693980424,0.01336162137775987,0.12500001122759236,3.8332773401831357,
aa356a092d0eb4fc,n=22 cayley,frontier,22,88,4,8,12,1,0.8299909386359059,0.016944378224941437,0.12500001122759244,3.0432832263215652,
aa356a092d0eb4fc,n=22 cayley,frontier,22,88,4,8,18,1,0.8662454405912814,0.01336162137775987,0.12500001122759294,3.6688596845396346,
aa356a092d0eb4fc,n=22 cayley,frontier,22,88,4,8,20,1,0.8798936693980424,0.01336162137775987,0.1250000112275925,3.8332773401831357,
aa356a092d0eb4fc,n=22 cayley,frontier,22,88,4,9,11,1,0.8299909386359041,0.016944378224941437,0.12500001122759233,3.0432832263215603,
aa356a092d0eb4fc,n=22 cayley,frontier,22,88,4,9,12,1,0.8798936693980424,0.01336162137775987,0.1250000112275926,3.833277340183141,
aa356a092d0eb4fc,n=22 cayley,frontier,22,88,4,9,13,1,0.9432346251733175,0.006813502532287519,0.125000011227593,5.783647318105269,
aa356a092d0eb4fc,n=22 cayley,frontier,22,88,4,9,14,1,0.8662454405912805,0.01336162137775987,0.12500001122759258,3.668859684539646,
aa356a092d0eb4fc,n=22 cayley,frontier,22,88,4,9,16,1,0.9432346251733184,0.006813502532287519,0.12500001122759258,5.783647318105266,
aa356a092d0eb4fc,n=22 cayley,frontier,22,88,4,9,20,1,0.8299909386359032,0.016944378224941437,0.1250000112275933,3.043283226321553,
aa356a092d0eb4fc,n=22 cayley,frontier,22,88,4,10,11,1,0.8798936693980433,0.01336162137775987,0.12500001122759274,3.833277340183142,
aa356a092d0eb4fc,n=22 cayley,frontier,22,88,4,10,12,1,0.8299909386359032,0.016944378224941437,0.125000011227593,3.04328322632156,
aa356a092d0eb4fc,n=22 cayley,frontier,22,88,4,10,13,1,0.8662454405912796,0.01336162137775987,0.12500001122759238,3.668859684539647,
aa356a092d0eb4fc,n=22 cayley,frontier,22,88,4,10,14,1,0.9432346251733184,0.006813502532287519,0.12500001122759274,5.783647318105268,
aa356a092d0eb4fc,n=22 cayley,frontier,22,88,4,10,15,1,0.9432346251733175,0.006813502532287519,0.12500001122759297,5.783647318105266,
aa356a092d0eb4fc,n=22 cayley,frontier,22,88,4,10,19,1,0.8299909386359032,0.016944378224941437,0.12500001122759222,3.0432832263215537,
aa356a092d0eb4fc,n=22 cayley,frontier,22,88,4,11,13,1,0.9432346251733175,0.006813502532287519,0.12500001122759283,5.783647318105262,
aa356a092d0eb4fc,n=22 cayley,frontier,22,88,4,11,15,1,0.8662454405912814,0.01336162137775987,0.12500001122759244,3.668859684539645,
aa356a092d0eb4fc,n=22 cayley,frontier,22,88,4,11,18,1,0.8662454405912796,0.013361621377759647,0.1250000112275926,3.668859684539644,
aa356a092d0eb4fc,n=22 cayley,frontier,22,88,4,11,21,1,0.8798936693980424,0.01336162137775987,0.12500001122759222,3.8332773401831424,
aa356a092d0eb4fc,n=22 cayley,frontier,22,88,4,12,14,1,0.9432346251733175,0.006813502532287519,0.12500001122759277,5.7836473181052614,
aa356a092d0eb4fc,n=22 cayley,frontier,22,88,4,12,16,1,0.8662454405912814,0.01336162137775987,0.12500001122759272,3.668859684539644,
aa356a092d0eb4fc,n=22 cayley,frontier,22,88,4,12,17,1,0.8662454405912805,0.01336162137775987,0.12500001122759266,3.6688596845396457,
aa356a092d0eb4fc,n=22 cayley,frontier,22,88,4,12,21,1,0.8798936693980424,0.01336162137775987,0.12500001122759222,3.83327734018314,
aa356a092d0eb4fc,n=22 cayley,frontier,22,88,4,13,14,1,0.8798936693980424,0.01336162137775987,0.1250000112275927,3.8332773401831366,
aa356a092d0eb4fc,n=22 cayley,frontier,22,88,4,13,16,1,0.829990938635905,0.016944378224941437,0.12500001122759297,3.0432832263215754,
aa356a092d0eb4fc,n=22 cayley,frontier,22,88,4,13,18,1,0.8798936693980424,0.01336162137775987,0.12500001122759244,3.8332773401831335,
aa356a092d0eb4fc,n=22 cayley,frontier,22,88,4,14,15,1,0.829990938635905,0.016944378224941437,0.12500001122759266,3.043283226321573,
aa356a092d0eb4fc,n=22 cayley,frontier,22,88,4,14,17,1,0.8798936693980424,0.01336162137775987,0.1250000112275925,3.8332773401831397,
aa356a092d0eb4fc,n=22 cayley,frontier,22,88,4,15,19,1,0.9432346251733175,0.006813502532287519,0.12500001122759286,5.783647318105269,
aa356a092d0eb4fc,n=22 cayley,frontier,22,88,4,15,20,1,0.8662454405912796,0.01336162137775987,0.1250000112275925,3.6688596845396324,
aa356a092d0eb4fc,n=22 cayley,frontier,22,88,4,16,19,1,0.8662454405912796,0.013361621377760091,0.12500001122759297,3.6688596845396404,
aa356a092d0eb4fc,n=22 cayley,frontier,22,88,4,16,20,1,0.9432346251733175,0.006813502532287519,0.12500001122759224,5.78364731810526,
aa356a092d0eb4fc,n=22 cayley,frontier,22,88,4,17,18,1,0.829990938635905,0.01694437822494166,0.12500001122759305,3.0432832263215643,
aa356a092d0eb4fc,n=22 cayley,frontier,22,88,4,17,21,1,0.9432346251733175,0.006813502532287519,0.1250000112275921,5.783647318105266,
aa356a092d0eb4fc,n=22 cayley,frontier,22,88,4,18,21,1,0.9432346251733175,0.006813502532287519,0.12500001122759363,5.783647318105262,
aa356a092d0eb4fc,n=22 cayley,frontier,22,88,4,19,20,1,0.8798936693980424,0.01336162137775987,0.12500001122759297,3.8332773401831455,
aa356a092d0eb4fc+1,n=22 cayley (+1 edge),perturbed,22,89,4,0,1,1,0.8370647158942521,0.016941752954570566,0.12705955842233996,2.9544157994866773,
aa356a092d0eb4fc+1,n=22 cayley (+1 edge),perturbed,22,89,4,0,2,1,0.8370647158942504,0.016962258452545287,0.1259190365073961,3.093380291245645,
aa356a092d0eb4fc+1,n=22 cayley (+1 edge),perturbed,22,89,4,0,3,1,0.8720482228087372,0.013350314588805201,0.12591903650739605,3.693317872444298,
aa356a092d0eb4fc+1,n=22 cayley (+1 edge),perturbed,22,89,4,0,4,1,0.872048222808739,0.013414105450997305,0.12705955842233985,3.6875201563026674,
aa356a092d0eb4fc+1,n=22 cayley (+1 edge),perturbed,22,89,4,0,5,1,0.8852275713846938,0.01337950160536372,0.1259190365073961,3.941853119753697,
aa356a092d0eb4fc+1,n=22 cayley (+1 edge),perturbed,22,89,4,0,6,1,0.8370647158942495,0.012910907285405004,0.11223956408032752,3.5154505877374005,
aa356a092d0eb4fc+1,n=22 cayley (+1 edge),perturbed,22,89,4,0,7,1,0.9460727585107378,0.007203908727038133,0.13011452748672817,5.698168288245135,
aa356a092d0eb4fc+1,n=22 cayley (+1 edge),perturbed,22,89,4,0,8,1,0.9460727585107387,0.0067807641428832,0.12576968279612813,6.004808357462247,
aa356a092d0eb4fc+1,n=22 cayley (+1 edge),perturbed,22,89,4,1,7,1,0.9460727585107387,0.007178253473684393,0.1290351048518889,5.836104142515078,
aa356a092d0eb4fc+1,n=22 cayley (+1 edge),perturbed,22,89,4,1,11,1,0.904021545113129,0.006744172199298237,0.11116014144548986,5.193270369307522,
aa356a092d0eb4fc+1,n=22 cayley (+1 edge),perturbed,22,89,4,1,13,1,0.8370647158942504,0.016971440658019254,0.12598013578750314,3.045987283435829,
aa356a092d0eb4fc+1,n=22 cayley (+1 edge),perturbed,22,89,4,1,15,1,0.8852275713846929,0.013816550403777494,0.1290351048518898,3.821751972249855,
aa356a092d0eb4fc+1,n=22 cayley (+1 edge),perturbed,22,89,4,1,17,1,0.8852275713846947,0.013350314588805201,0.12469026016128919,4.056954741309886,
aa356a092d0eb4fc+1,n=22 cayley (+1 edge),perturbed,22,89,4,1,19,1,0.872048222808739,0.013321127572246905,0.12598013578750228,3.783930505126119,
aa356a092d0eb4fc+1,n=22 cayley (+1 edge),perturbed,22,89,4,1,21,1,0.872048222808739,0.013414105450997305,0.12705955842233985,3.6875201563026736,
aa356a092d0eb4fc+1,n=22 cayley (+1 edge),perturbed,22,89,4,2,8,1,0.9399989657257048,0.006800404061666487,0.12354973824634477,5.629752657795878,
aa356a092d0eb4fc+1,n=22 cayley (+1 edge),perturbed,22,89,4,2,12,1,0.9399989657257057,0.006813502532287519,0.12369909195761288,5.768068460562409,
aa356a092d0eb4fc+1,n=22 cayley (+1 edge),perturbed,22,89,4,2,14,1,0.8103851224446403,0.016962258452545287,0.12354973824634535,3.0136733524898154,
aa356a092d0eb4fc+1,n=22 cayley (+1 edge),perturbed,22,89,4,2,16,1,0.8852275713846964,0.01337950160536372,0.1259190365073957,3.9418531197536923,
aa356a092d0eb4fc+1,n=22 cayley (+1 edge),perturbed,22,89,4,2,18,1,0.8852275713846947,0.013491846215150094,0.12789458293694478,3.7950896217560075,
aa356a092d0eb4fc+1,n=22 cayley (+1 edge),perturbed,22,89,4,2,20,1,0.8561847319577796,0.013379501605363942,0.1235497382463454,3.6661721051880183,
aa356a092d0eb4fc+1,n=22 cayley (+1 edge),perturbed,22,89,4,2,21,1,0.8720482228087381,0.013350314588805201,0.12591903650739592,3.6933178724442914,
aa356a092d0eb4fc+1,n=22 cayley (+1 edge),perturbed,22,89,4,3,5,1,0.9399989657257057,0.006813502532287519,0.12369909195761238,5.768068460562463,
aa356a092d0eb4fc+1,n=22 cayley (+1 edge),perturbed,22,89,4,3,7,1,0.8852275713846947,0.013491846215150316,0.12789458293694464,3.7950896217559946,
aa356a092d0eb4fc+1,n=22 cayley (+1 edge),perturbed,22,89,4,3,10,1,0.8852275713846955,0.01337950160536372,0.12591903650739636,3.9418531197537137,
aa356a092d0eb4fc+1,n=22 cayley (+1 edge),perturbed,22,89,4,3,14,1,0.8561847319577796,0.013379501605363942,0.12354973824634535,3.666172105188008,
aa356a092d0eb4fc+1,n=22 cayley (+1 edge),perturbed,22,89,4,3,17,1,0.9399989657257048,0.006800404061666487,0.12354973824634499,5.629752657795833,
aa356a092d0eb4fc+1,n=22 cayley (+1 edge),perturbed,22,89,4,3,20,1,0.8103851224446403,0.01696225845254551,0.12354973824634535,3.013673352489818,
aa356a092d0eb4fc+1,n=22 cayley (+1 edge),perturbed,22,89,4,3,21,1,0.8370647158942495,0.01696225845254551,0.125919036507396,3.0933802912456687,
aa356a092d0eb4fc+1,n=22 cayley (+1 edge),perturbed,22,89,4,4,6,1,0.9040215451131299,0.006744172199298237,0.11116014144548955,5.193270369307574,
aa356a092d0eb4fc+1,n=22 cayley (+1 edge),perturbed,22,89,4,4,8,1,0.8852275713846955,0.013350314588805201,0.1246902601612907,4.056954741309888,
aa356a092d0eb4fc+1,n=22 cayley (+1 edge),perturbed,22,89,4,4,9,1,0.8852275713846947,0.013816550403777716,0.12903510485188996,3.8217519722498383,
aa356a092d0eb4fc+1,n=22 cayley (+1 edge),perturbed,22,89,4,4,13,1,0.8720482228087398,0.013321127572246683,0.12598013578750147,3.78393050512611,
aa356a092d0eb4fc+1,n=22 cayley (+1 edge),perturbed,22,89,4,4,18,1,0.9460727585107378,0.007178253473684393,0.12903510485189026,5.83610414251505,
aa356a092d0eb4fc+1,n=22 cayley (+1 edge),perturbed,22,89,4,4,19,1,0.8370647158942504,0.016971440658019254,0.12598013578750203,3.0459872834358173,
aa356a092d0eb4fc+1,n=22 cayley (+1 edge),perturbed,22,89,4,4,21,1,0.8370647158942521,0.016941752954570788,0.12705955842233999,2.9544157994866977,
aa356a092d0eb4fc+1,n=22 cayley (+1 edge),perturbed,22,89,4,5,8,1,0.8561847319577796,0.01337950160536372,0.12354973824634485,3.6661721051879796,
aa356a092d0eb4fc+1,n=22 cayley (+1 edge),perturbed,22,89,4,5,10,1,0.8720482228087372,0.013350314588805201,0.12591903650739614,3.693317872444279,
aa356a092d0eb4fc+1,n=22 cayley (+1 edge),perturbed,22,89,4,5,15,1,0.8852275713846947,0.013491846215150316,0.12789458293694586,3.7950896217560066,
aa356a092d0eb4fc+1,n=22 cayley (+1 edge),perturbed,22,89,4,5,16,1,0.8370647158942521,0.01696225845254551,0.12591903650739575,3.093380291245665,
aa356a092d0eb4fc+1,n=22 cayley (+1 edge),perturbed,22,89,4,5,17,1,0.8103851224446403,0.016962258452545287,0.12354973824634485,3.0136733524898167,
aa356a092d0eb4fc+1,n=22 cayley (+1 edge),perturbed,22,89,4,5,20,1,0.9399989657257057,0.006800404061666709,0.1235497382463454,5.629752657795834,
aa356a092d0eb4fc+1,n=22 cayley (+1 edge),perturbed,22,89,4,6,7,1,0.8720482228087398,0.010215148194639312,0.114215110509877,3.8277602388576124,
aa356a092d0eb4fc+1,n=22 cayley (+1 edge),perturbed,22,89,4,6,9,1,0.8720482228087381,0.010215148194639312,0.11421511050987708,3.8277602388575924,
aa356a092d0eb4fc+1,n=22 cayley (+1 edge),perturbed,22,89,4,6,11,0,0.0001806357266027625,0.006157147012256781,0.09634014710347708,1.6752426354852432,
aa356a092d0eb4fc+1,n=22 cayley (+1 edge),perturbed,22,89,4,6,15,1,0.837064715894253,0.013652034769153776,0.11421511050987748,3.2850681707717597,
aa356a092d0eb4fc+1,n=22 cayley (+1 edge),perturbed,22,89,4,6,16,1,0.8370647158942495,0.012910907285405004,0.1122395640803277,3.5154505877373867,
aa356a092d0eb4fc+1,n=22 cayley (+1 edge),perturbed,22,89,4,6,18,1,0.837064715894253,0.013652034769153776,0.11421511050987687,3.285068170771744,
aa356a092d0eb4fc+1,n=22 cayley (+1 edge),perturbed,22,89,4,6,19,1,0.9040215451131264,0.006744172199298237,0.11116014144548944,5.1932703693075,
aa356a092d0eb4fc+1,n=22 cayley (+1 edge),perturbed,22,89,4,7,8,1,0.837064715894253,0.017089029960715152,0.1277452292256771,3.0032469798292625,
aa356a092d0eb4fc+1,n=22 cayley (+1 edge),perturbed,22,89,4,7,11,1,0.8370647158942539,0.013652034769153776,0.11421511050987708,3.2850681707717326,
aa356a092d0eb4fc+1,n=22 cayley (+1 edge),perturbed,22,89,4,7,17,1,0.8720482228087381,0.013491846215150094,0.12774522922567735,3.647964569425878,
aa356a092d0eb4fc+1,n=22 cayley (+1 edge),perturbed,22,89,4,7,19,1,0.8852275713846929,0.013816550403777494,0.1290351048518903,3.8217519722498294,
aa356a092d0eb4fc+1,n=22 cayley (+1 edge),perturbed,22,89,4,8,12,1,0.8103851224446403,0.016962258452545287,0.12354973824634499,3.0136733524898394,
aa356a092d0eb4fc+1,n=22 cayley (+1 edge),perturbed,22,89,4,8,18,1,0.8720482228087372,0.013491846215150094,0.1277452292256769,3.647964569425892,
aa356a092d0eb4fc+1,n=22 cayley (+1 edge),perturbed,22,89,4,8,20,1,0.856184731957776,0.013379501605363942,0.12340038453507782,3.5469929779086034,
aa356a092d0eb4fc+1,n=22 cayley (+1 edge),perturbed,22,89,4,9,11,1,0.837064715894253,0.013652034769153776,0.11421511050987732,3.2850681707717286,
aa356a092d0eb4fc+1,n=22 cayley (+1 edge),perturbed,22,89,4,9,12,1,0.8852275713846938,0.013491846215150316,0.1278945829369442,3.7950896217560346,
aa356a092d0eb4fc+1,n=22 cayley (+1 edge),perturbed,22,89,4,9,13,1,0.9460727585107387,0.007178253473684393,0.12903510485189093,5.836104142515066,
aa356a092d0eb4fc+1,n=22 cayley (+1 edge),perturbed,22,89,4,9,14,1,0.8720482228087372,0.013491846215150316,0.12774522922567724,3.6479645694258713,
aa356a092d0eb4fc+1,n=22 cayley (+1 edge),perturbed,22,89,4,9,16,1,0.9460727585107369,0.007203908727037911,0.1301145274867272,5.698168288245131,
aa356a092d0eb4fc+1,n=22 cayley (+1 edge),perturbed,22,89,4,9,20,1,0.8370647158942539,0.017089029960715152,0.1277452292256769,3.003246979829223,
aa356a092d0eb4fc+1,n=22 cayley (+1 edge),perturbed,22,89,4,10,11,1,0.8370647158942504,0.012910907285405004,0.11223956408032751,3.5154505877373983,
aa356a092d0eb4fc+1,n=22 cayley (+1 edge),perturbed,22,89,4,10,12,1,0.8370647158942512,0.016962258452545287,0.12591903650739655,3.0933802912456763,
aa356a092d0eb4fc+1,n=22 cayley (+1 edge),perturbed,22,89,4,10,13,1,0.872048222808739,0.013414105450997083,0.12705955842233949,3.687520156302715,
aa356a092d0eb4fc+1,n=22 cayley (+1 edge),perturbed,22,89,4,10,14,1,0.9460727585107378,0.0067807641428832,0.12576968279612763,6.004808357462226,
aa356a092d0eb4fc+1,n=22 cayley (+1 edge),perturbed,22,89,4,10,15,1,0.9460727585107369,0.007203908727038133,0.13011452748672767,5.698168288245148,
aa356a092d0eb4fc+1,n=22 cayley (+1 edge),perturbed,22,89,4,10,19,1,0.8370647158942521,0.016941752954570788,0.1270595584223402,2.954415799486661,
aa356a092d0eb4fc+1,n=22 cayley (+1 edge),perturbed,22,89,4,11,13,1,0.904021545113129,0.006744172199298237,0.11116014144548966,5.193270369307533,
aa356a092d0eb4fc+1,n=22 cayley (+1 edge),perturbed,22,89,4,11,15,1,0.8720482228087398,0.010215148194639312,0.11421511050987705,3.8277602388575924,
aa356a092d0eb4fc+1,n=22 cayley (+1 edge),perturbed,22,89,4,11,18,1,0.8720482228087398,0.010215148194639312,0.11421511050987694,3.8277602388576004,
aa356a092d0eb4fc+1,n=22 cayley (+1 edge),perturbed,22,89,4,11,21,1,0.8370647158942486,0.012910907285405226,0.11223956408032723,3.5154505877373925,
aa356a092d0eb4fc+1,n=22 cayley (+1 edge),perturbed,22,89,4,12,14,1,0.9399989657257048,0.006800404061666487,0.12354973824634563,5.6297526577958905,
aa356a092d0eb4fc+1,n=22 cayley (+1 edge),perturbed,22,89,4,12,16,1,0.8720482228087372,0.013350314588805201,0.1259190365073957,3.693317872444289,
aa356a092d0eb4fc+1,n=22 cayley (+1 edge),perturbed,22,89,4,12,17,1,0.8561847319577804,0.01337950160536372,0.12354973824634521,3.666172105187997,
aa356a092d0eb4fc+1,n=22 cayley (+1 edge),perturbed,22,89,4,12,21,1,0.8852275713846938,0.013379501605363942,0.1259190365073962,3.9418531197537265,
aa356a092d0eb4fc+1,n=22 cayley (+1 edge),perturbed,22,89,4,13,14,1,0.8852275713846938,0.013350314588805423,0.12469026016128879,4.056954741309887,
aa356a092d0eb4fc+1,n=22 cayley (+1 edge),perturbed,22,89,4,13,16,1,0.8370647158942512,0.016941752954570566,0.1270595584223407,2.9544157994866933,
aa356a092d0eb4fc+1,n=22 cayley (+1 edge),perturbed,22,89,4,13,18,1,0.8852275713846929,0.013816550403777494,0.12903510485188965,3.821751972249834,
aa356a092d0eb4fc+1,n=22 cayley (+1 edge),perturbed,22,89,4,14,15,1,0.837064715894253,0.017089029960715152,0.12774522922567697,3.0032469798292643,
aa356a092d0eb4fc+1,n=22 cayley (+1 edge),perturbed,22,89,4,14,17,1,0.8561847319577751,0.01337950160536372,0.12340038453507815,3.5469929779085883,
aa356a092d0eb4fc+1,n=22 cayley (+1 edge),perturbed,22,89,4,15,19,1,0.9460727585107369,0.007178253473684393,0.12903510485188963,5.836104142515098,
aa356a092d0eb4fc+1,n=22 cayley (+1 edge),perturbed,22,89,4,15,20,1,0.8720482228087381,0.013491846215150094,0.12774522922567672,3.647964569425881,
aa356a092d0eb4fc+1,n=22 cayley (+1 edge),perturbed,22,89,4,16,19,1,0.872048222808739,0.013414105450997083,0.127059558422341,3.687520156302687,
aa356a092d0eb4fc+1,n=22 cayley (+1 edge),perturbed,22,89,4,16,20,1,0.9460727585107369,0.0067807641428832,0.12576968279612818,6.004808357462249,
aa356a092d0eb4fc+1,n=22 cayley (+1 edge),perturbed,22,89,4,17,18,1,0.8370647158942539,0.017089029960715152,0.12774522922567705,3.003246979829222,
aa356a092d0eb4fc+1,n=22 cayley (+1 edge),perturbed,22,89,4,17,21,1,0.9460727585107387,0.0067807641428832,0.12576968279612838,6.0048083574622675,
aa356a092d0eb4fc+1,n=22 cayley (+1 edge),perturbed,22,89,4,18,21,1,0.9460727585107378,0.007203908727037911,0.1301145274867279,5.698168288245129,
aa356a092d0eb4fc+1,n=22 cayley (+1 edge),perturbed,22,89,4,19,20,1,0.8852275713846938,0.013350314588805645,0.12469026016128894,4.0569547413098785,
94aba0c67d46d31a,n=21 cayley_gap,frontier,21,84,4,0,1,1,0.6399717533335485,0.01502283954163186,0.12500001274947203,3.1713410708104517,
94aba0c67d46d31a,n=21 cayley_gap,frontier,21,84,4,0,2,1,0.6399717533335485,0.01502283954163186,0.12500001274947176,3.1713410708104477,
94aba0c67d46d31a,n=21 cayley_gap,frontier,21,84,4,0,3,1,0.8416966092163785,0.011409369473060593,0.1250000127494719,3.402291930260939,
94aba0c67d46d31a,n=21 cayley_gap,frontier,21,84,4,0,4,1,0.8416966092163785,0.011409369473060593,0.12500001274947226,3.402291930260922,
94aba0c67d46d31a,n=21 cayley_gap,frontier,21,84,4,0,5,1,0.8785793667750301,0.011070324952080712,0.12500001274947176,6.1829854264022535,
94aba0c67d46d31a,n=21 cayley_gap,frontier,21,84,4,0,6,1,0.878579366775031,0.011070324952080712,0.1250000127494717,6.182985426402243,
94aba0c67d46d31a,n=21 cayley_gap,frontier,21,84,4,0,7,1,0.8416966092163785,0.011409369473060593,0.12500001274947123,3.4022919302606005,
94aba0c67d46d31a,n=21 cayley_gap,frontier,21,84,4,0,8,1,0.8416966092163785,0.011409369473060593,0.12500001274947184,3.40229193026059,
94aba0c67d46d31a,n=21 cayley_gap,frontier,21,84,4,1,5,1,0.8785793667750292,0.011070324952080712,0.1250000127494721,6.18298542640202,
94aba0c67d46d31a,n=21 cayley_gap,frontier,21,84,4,1,7,1,0.8416966092163758,0.011409369473060593,0.1250000127494718,3.4022919302605845,
94aba0c67d46d31a,n=21 cayley_gap,frontier,21,84,4,1,13,1,0.8416966092163758,0.011409369473060593,0.12500001274947214,3.4022919302607506,
94aba0c67d46d31a,n=21 cayley_gap,frontier,21,84,4,1,15,1,0.8416966092163767,0.011409369473060815,0.1250000127494722,3.4022919302606947,
94aba0c67d46d31a,n=21 cayley_gap,frontier,21,84,4,1,17,1,0.8416966092163767,0.011409369473060593,0.12500001274947134,3.4022919302608816,
94aba0c67d46d31a,n=21 cayley_gap,frontier,21,84,4,1,19,1,0.6399717533335485,0.015022839541632305,0.1250000127494716,3.1713410708106076,
94aba0c67d46d31a,n=21 cayley_gap,frontier,21,84,4,1,20,1,0.8785793667750292,0.011070324952080934,0.1250000127494722,6.182985426402171,
94aba0c67d46d31a,n=21 cayley_gap,frontier,21,84,4,2,6,1,0.8785793667750292,0.011070324952080934,0.12500001274947192,6.182985426402045,
94aba0c67d46d31a,n=21 cayley_gap,frontier,21,84,4,2,8,1,0.8416966092163767,0.011409369473060593,0.1250000127494715,3.4022919302605894,
94aba0c67d46d31a,n=21 cayley_gap,frontier,21,84,4,2,14,1,0.8416966092163758,0.011409369473060815,0.1250000127494717,3.4022919302607515,
94aba0c67d46d31a,n=21 cayley_gap,frontier,21,84,4,2,16,1,0.8416966092163758,0.011409369473060815,0.12500001274947203,3.40229193026069,
94aba0c67d46d31a,n=21 cayley_gap,frontier,21,84,4,2,18,1,0.8416966092163776,0.011409369473060815,0.12500001274947203,3.402291930260896,
94aba0c67d46d31a,n=21 cayley_gap,frontier,21,84,4,2,19,1,0.8785793667750292,0.011070324952080712,0.1250000127494716,6.1829854264021655,
94aba0c67d46d31a,n=21 cayley_gap,frontier,21,84,4,2,20,1,0.6399717533335485,0.015022839541632305,0.1250000127494719,3.171341070810612,
94aba0c67d46d31a,n=21 cayley_gap,frontier,21,84,4,3,4,1,0.6399717533335485,0.01502283954163186,0.1250000127494714,3.1713410708107426,
94aba0c67d46d31a,n=21 cayley_gap,frontier,21,84,4,3,6,1,0.8416966092163776,0.011409369473060815,0.1250000127494721,3.402291930260522,
94aba0c67d46d31a,n=21 cayley_gap,frontier,21,84,4,3,7,1,0.8416966092163785,0.011409369473060593,0.12500001274947173,3.40229193026088,
94aba0c67d46d31a,n=21 cayley_gap,frontier,21,84,4,3,10,1,0.8785793667750301,0.01107032495208049,0.1250000127494716,6.1829854264023325,
94aba0c67d46d31a,n=21 cayley_gap,frontier,21,84,4,3,12,1,0.8416966092163785,0.011409369473060593,0.12500001274947134,3.402291930260642,
94aba0c67d46d31a,n=21 cayley_gap,frontier,21,84,4,3,15,1,0.8785793667750292,0.011070324952080712,0.12500001274947212,6.182985426402016,
94aba0c67d46d31a,n=21 cayley_gap,frontier,21,84,4,3,18,1,0.6399717533335485,0.01502283954163186,0.12500001274947203,3.1713410708104637,
94aba0c67d46d31a,n=21 cayley_gap,frontier,21,84,4,4,5,1,0.8416966092163776,0.011409369473060593,0.12500001274947217,3.402291930260497,
94aba0c67d46d31a,n=21 cayley_gap,frontier,21,84,4,4,8,1,0.8416966092163785,0.011409369473060593,0.12500001274947145,3.4022919302608976,
94aba0c67d46d31a,n=21 cayley_gap,frontier,21,84,4,4,10,1,0.8785793667750301,0.01107032495208049,0.12500001274947203,6.182985426402342,
94aba0c67d46d31a,n=21 cayley_gap,frontier,21,84,4,4,11,1,0.8416966092163776,0.011409369473060593,0.12500001274947156,3.40229193026066,
94aba0c67d46d31a,n=21 cayley_gap,frontier,21,84,4,4,16,1,0.8785793667750301,0.011070324952080712,0.12500001274947214,6.1829854264020065,
94aba0c67d46d31a,n=21 cayley_gap,frontier,21,84,4,4,17,1,0.6399717533335485,0.015022839541632083,0.12500001274947153,3.171341070810471,
94aba0c67d46d31a,n=21 cayley_gap,frontier,21,84,4,5,6,1,0.6399717533335485,0.01502283954163186,0.12500001274947167,3.1713410708108003,
94aba0c67d46d31a,n=21 cayley_gap,frontier,21,84,4,5,9,1,0.8416966092163767,0.011409369473060593,0.1250000127494718,3.4022919302609935,
94aba0c67d46d31a,n=21 cayley_gap,frontier,21,84,4,5,11,1,0.8416966092163785,0.011409369473060815,0.125000012749472,3.402291930260636,
94aba0c67d46d31a,n=21 cayley_gap,frontier,21,84,4,5,17,1,0.8416966092163776,0.011409369473060593,0.1250000127494719,3.4022919302607404,
94aba0c67d46d31a,n=21 cayley_gap,frontier,21,84,4,5,20,1,0.6399717533335485,0.015022839541632083,0.12500001274947153,3.1713410708105174,
94aba0c67d46d31a,n=21 cayley_gap,frontier,21,84,4,6,9,1,0.8416966092163767,0.011409369473060593,0.12500001274947167,3.4022919302610113,
94aba0c67d46d31a,n=21 cayley_gap,frontier,21,84,4,6,12,1,0.8416966092163785,0.011409369473060593,0.1250000127494721,3.402291930260639,
94aba0c67d46d31a,n=21 cayley_gap,frontier,21,84,4,6,18,1,0.8416966092163776,0.011409369473060815,0.12500001274947187,3.4022919302607213,
94aba0c67d46d31a,n=21 cayley_gap,frontier,21,84,4,6,19,1,0.6399717533335485,0.015022839541632083,0.1250000127494722,3.1713410708105068,
94aba0c67d46d31a,n=21 cayley_gap,frontier,21,84,4,7,8,1,0.878579366775031,0.011070324952080712,0.12500001274947273,6.182985426402069,
94aba0c67d46d31a,n=21 cayley_gap,frontier,21,84,4,7,12,1,0.6399717533335485,0.01502283954163186,0.1250000127494727,3.171341070810567,
94aba0c67d46d31a,n=21 cayley_gap,frontier,21,84,4,7,13,1,0.8785793667750292,0.011070324952080712,0.12500001274947145,6.182985426402174,
94aba0c67d46d31a,n=21 cayley_gap,frontier,21,84,4,7,14,1,0.6399717533335485,0.01502283954163186,0.1250000127494722,3.171341070810508,
94aba0c67d46d31a,n=21 cayley_gap,frontier,21,84,4,7,15,1,0.8416966092163776,0.011409369473060593,0.12500001274947165,3.402291930260763,
94aba0c67d46d31a,n=21 cayley_gap,frontier,21,84,4,8,11,1,0.6399717533335485,0.01502283954163186,0.12500001274947137,3.1713410708105676,
94aba0c67d46d31a,n=21 cayley_gap,frontier,21,84,4,8,13,1,0.6399717533335485,0.01502283954163186,0.125000012749472,3.1713410708105276,
94aba0c67d46d31a,n=21 cayley_gap,frontier,21,84,4,8,14,1,0.8785793667750292,0.011070324952080712,0.1250000127494727,6.182985426402173,
94aba0c67d46d31a,n=21 cayley_gap,frontier,21,84,4,8,16,1,0.8416966092163767,0.011409369473060593,0.1250000127494721,3.402291930260763,
94aba0c67d46d31a,n=21 cayley_gap,frontier,21,84,4,9,11,1,0.8785793667750292,0.01107032495208049,0.125000012749472,6.18298542640225,
94aba0c67d46d31a,n=21 cayley_gap,frontier,21,84,4,9,12,1,0.8785793667750301,0.01107032495208049,0.12500001274947214,6.182985426402233,
94aba0c67d46d31a,n=21 cayley_gap,frontier,21,84,4,9,13,1,0.6399717533335485,0.01502283954163186,0.12500001274947184,3.1713410708104814,
94aba0c67d46d31a,n=21 cayley_gap,frontier,21,84,4,9,14,1,0.6399717533335485,0.01502283954163186,0.12500001274947145,3.1713410708105028,
94aba0c67d46d31a,n=21 cayley_gap,frontier,21,84,4,9,17,1,0.8416966092163785,0.011409369473060815,0.12500001274947212,3.4022919302606507,
94aba0c67d46d31a,n=21 cayley_gap,frontier,21,84,4,9,18,1,0.8416966092163785,0.011409369473060815,0.1250000127494719,3.4022919302606227,
94aba0c67d46d31a,n=21 cayley_gap,frontier,21,84,4,10,11,1,0.8416966092163776,0.011409369473060593,0.12500001274947184,3.4022919302608825,
94aba0c67d46d31a,n=21 cayley_gap,frontier,21,84,4,10,12,1,0.8416966092163776,0.011409369473060593,0.12500001274947248,3.402291930260888,
94aba0c67d46d31a,n=21 cayley_gap,frontier,21,84,4,10,15,1,0.6399717533335485,0.01502283954163186,0.1250000127494716,3.1713410708105383,
94aba0c67d46d31a,n=21 cayley_gap,frontier,21,84,4,10,16,1,0.6399717533335485,0.01502283954163186,0.12500001274947145,3.1713410708105374,
94aba0c67d46d31a,n=21 cayley_gap,frontier,21,84,4,10,19,1,0.8416966092163776,0.011409369473060815,0.12500001274947198,3.4022919302606662,
94aba0c67d46d31a,n=21 cayley_gap,frontier,21,84,4,10,20,1,0.8416966092163785,0.011409369473060815,0.12500001274947242,3.4022919302606702,
94aba0c67d46d31a,n=21 cayley_gap,frontier,21,84,4,11,12,1,0.6399717533335485,0.01502283954163186,0.12500001274947134,3.1713410708107355,
94aba0c67d46d31a,n=21 cayley_gap,frontier,21,84,4,11,14,1,0.8785793667750301,0.011070324952080712,0.12500001274947195,6.1829854264021105,
94aba0c67d46d31a,n=21 cayley_gap,frontier,21,84,4,11,20,1,0.8416966092163776,0.011409369473060593,0.125000012749472,3.4022919302607053,
94aba0c67d46d31a,n=21 cayley_gap,frontier,21,84,4,12,13,1,0.8785793667750301,0.011070324952080712,0.125000012749472,6.182985426402107,
94aba0c67d46d31a,n=21 cayley_gap,frontier,21,84,4,12,19,1,0.8416966092163767,0.011409369473060593,0.1250000127494715,3.4022919302607058,
94aba0c67d46d31a,n=21 cayley_gap,frontier,21,84,4,13,16,1,0.8416966092163776,0.011409369473060593,0.12500001274947165,3.402291930260671,
94aba0c67d46d31a,n=21 cayley_gap,frontier,21,84,4,13,17,1,0.8416966092163776,0.011409369473060593,0.12500001274947195,3.4022919302607373,
94aba0c67d46d31a,n=21 cayley_gap,frontier,21,84,4,13,19,1,0.8416966092163776,0.011409369473060593,0.12500001274947228,3.402291930260791,
94aba0c67d46d31a,n=21 cayley_gap,frontier,21,84,4,14,15,1,0.8416966092163767,0.011409369473060815,0.1250000127494717,3.4022919302606693,
94aba0c67d46d31a,n=21 cayley_gap,frontier,21,84,4,14,18,1,0.8416966092163785,0.011409369473060815,0.1250000127494716,3.4022919302607297,
94aba0c67d46d31a,n=21 cayley_gap,frontier,21,84,4,14,20,1,0.8416966092163785,0.011409369473060593,0.12500001274947226,3.4022919302607857,
94aba0c67d46d31a,n=21 cayley_gap,frontier,21,84,4,15,17,1,0.6399717533335485,0.015022839541632083,0.1250000127494721,3.1713410708106236,
94aba0c67d46d31a,n=21 cayley_gap,frontier,21,84,4,15,18,1,0.8785793667750292,0.011070324952080712,0.12500001274947198,6.182985426402072,
94aba0c67d46d31a,n=21 cayley_gap,frontier,21,84,4,15,20,1,0.8416966092163785,0.011409369473060815,0.12500001274947178,3.402291930260726,
94aba0c67d46d31a,n=21 cayley_gap,frontier,21,84,4,16,17,1,0.8785793667750292,0.011070324952080712,0.125000012749472,6.182985426402067,
94aba0c67d46d31a,n=21 cayley_gap,frontier,21,84,4,16,18,1,0.6399717533335485,0.015022839541632083,0.1250000127494717,3.171341070810596,
94aba0c67d46d31a,n=21 cayley_gap,frontier,21,84,4,16,19,1,0.8416966092163776,0.011409369473060815,0.12500001274947212,3.40229193026071,
94aba0c67d46d31a,n=21 cayley_gap,frontier,21,84,4,17,18,1,0.878579366775031,0.011070324952080712,0.12500001274947203,6.1829854264021895,
94aba0c67d46d31a,n=21 cayley_gap,frontier,21,84,4,19,20,1,0.8785793667750292,0.011070324952080934,0.1250000127494721,6.182985426402248,
9bf19784dcba2a76,n=8 brute,frontier,8,16,2,0,1,1,0.9716585902935599,0.031187900629944143,0.2499998207715443,3.3137086239715057,
9bf19784dcba2a76,n=8 brute,frontier,8,16,2,0,2,1,0.9716585902935599,0.031187900629944143,0.2499998207715444,3.3137086239715035,
9bf19784dcba2a76,n=8 brute,frontier,8,16,2,0,3,1,0.9419291394454263,0.07651835031708432,0.24999982077154445,2.3431456923023526,
9bf19784dcba2a76,n=8 brute,frontier,8,16,2,0,4,1,0.9419291394454263,0.07651835031708432,0.24999982077154448,2.3431456923023513,
9bf19784dcba2a76,n=8 brute,frontier,8,16,2,1,2,1,0.9419291394454263,0.07651835031708432,0.2499998207715442,2.343145692302355,
9bf19784dcba2a76,n=8 brute,frontier,8,16,2,1,3,1,0.9716585902935599,0.031187900629944032,0.24999982077154448,3.3137086239715003,
9bf19784dcba2a76,n=8 brute,frontier,8,16,2,1,5,1,0.9419291394454263,0.07651835031708432,0.2499998207715443,2.3431456923023473,
9bf19784dcba2a76,n=8 brute,frontier,8,16,2,2,4,1,0.9716585902935599,0.031187900629944032,0.24999982077154445,3.3137086239714972,
9bf19784dcba2a76,n=8 brute,frontier,8,16,2,2,6,1,0.9419291394454268,0.07651835031708432,0.2499998207715443,2.343145692302351,
9bf19784dcba2a76,n=8 brute,frontier,8,16,2,3,5,1,0.9716585902935599,0.031187900629944032,0.2499998207715444,3.3137086239715052,
9bf19784dcba2a76,n=8 brute,frontier,8,16,2,3,7,1,0.9419291394454268,0.07651835031708432,0.24999982077154426,2.3431456923023517,
9bf19784dcba2a76,n=8 brute,frontier,8,16,2,4,6,1,0.9716585902935599,0.03118790062994392,0.2499998207715443,3.3137086239715057,
9bf19784dcba2a76,n=8 brute,frontier,8,16,2,4,7,1,0.9419291394454263,0.07651835031708432,0.24999982077154417,2.343145692302343,
9bf19784dcba2a76,n=8 brute,frontier,8,16,2,5,6,1,0.9419291394454268,0.07651835031708432,0.2499998207715444,2.343145692302355,
9bf19784dcba2a76,n=8 brute,frontier,8,16,2,5,7,1,0.9716585902935599,0.03118790062994392,0.24999982077154417,3.3137086239715043,
9bf19784dcba2a76,n=8 brute,frontier,8,16,2,6,7,1,0.9716585902935599,0.03118790062994392,0.24999982077154467,3.3137086239715026,
9bf19784dcba2a76+1,n=8 brute (+1 edge),perturbed,8,17,2,0,1,1,0.9466569792399047,0.03091929624930101,0.2037036197426579,3.0953631614922963,
9bf19784dcba2a76+1,n=8 brute (+1 edge),perturbed,8,17,2,0,2,1,0.9466569792399042,0.03091929624930101,0.2037036197426579,3.0953631614923016,
9bf19784dcba2a76+1,n=8 brute (+1 edge),perturbed,8,17,2,0,3,1,0.9466569792399042,0.04091856368480262,0.22222228172794217,2.4523170256077367,
9bf19784dcba2a76+1,n=8 brute (+1 edge),perturbed,8,17,2,0,4,1,0.9466569792399038,0.04091856368480262,0.222222281727943,2.452317025607734,
9bf19784dcba2a76+1,n=8 brute (+1 edge),perturbed,8,17,2,0,7,0,0.00030130412323758904,0.030650691868657876,0.14814802113694442,0.5343495254148575,
9bf19784dcba2a76+1,n=8 brute (+1 edge),perturbed,8,17,2,1,2,1,0.9466569792399016,0.07647769801181281,0.2592592183483725,2.313340882267721,
9bf19784dcba2a76+1,n=8 brute (+1 edge),perturbed,8,17,2,1,3,1,0.9743099869478309,0.039928692409314404,0.27777788033365647,3.3239138487011557,
9bf19784dcba2a76+1,n=8 brute (+1 edge),perturbed,8,17,2,1,5,1,0.9466569792399011,0.07507100717566673,0.25925921834837257,2.362747028805434,
9bf19784dcba2a76+1,n=8 brute (+1 edge),perturbed,8,17,2,2,4,1,0.9743099869478309,0.039928692409314515,0.277777880333657,3.3239138487011504,
9bf19784dcba2a76+1,n=8 brute (+1 edge),perturbed,8,17,2,2,6,1,0.9466569792399016,0.07507100717566673,0.25925921834837223,2.362747028805432,
9bf19784dcba2a76+1,n=8 brute (+1 edge),perturbed,8,17,2,3,5,1,0.9743099869478309,0.039928692409314515,0.27777788033365697,3.323913848701147,
9bf19784dcba2a76+1,n=8 brute (+1 edge),perturbed,8,17,2,3,7,1,0.9466569792399042,0.04091856368480262,0.22222228172794328,2.452317025607736,
9bf19784dcba2a76+1,n=8 brute (+1 edge),perturbed,8,17,2,4,6,1,0.9743099869478309,0.039928692409314515,0.2777778803336568,3.3239138487011495,
9bf19784dcba2a76+1,n=8 brute (+1 edge),perturbed,8,17,2,4,7,1,0.9466569792399042,0.04091856368480262,0.22222228172794234,2.452317025607742,
9bf19784dcba2a76+1,n=8 brute (+1 edge),perturbed,8,17,2,5,6,1,0.9466569792399011,0.07647769801181281,0.25925921834837207,2.313340882267716,
9bf19784dcba2a76+1,n=8 brute (+1 edge),perturbed,8,17,2,5,7,1,0.9466569792399042,0.030919296249300898,0.20370361974265763,3.0953631614923,
9bf19784dcba2a76+1,n=8 brute (+1 edge),perturbed,8,17,2,6,7,1,0.9466569792399042,0.030919296249300898,0.20370361974265805,3.095363161492305,
deb8b8e3b037c022,n=14 sat_exact,frontier,14,41,3,0,6,1,0.9692622311128649,0.013603476113622337,0.20300503103435083,4.993986052006157,
deb8b8e3b037c022,n=14 sat_exact,frontier,14,41,3,0,8,1,0.9449086406489537,0.024589223517775816,0.20133508443742534,4.295925323187012,
deb8b8e3b037c022,n=14 sat_exact,frontier,14,41,3,0,9,1,0.9564209467614027,0.025749371796407905,0.2012756305718376,4.2111242840358845,
deb8b8e3b037c022,n=14 sat_exact,frontier,14,41,3,0,12,1,0.8932373864450804,0.036912426795129516,0.19973441455212754,1.59017160137535,
deb8b8e3b037c022,n=14 sat_exact,frontier,14,41,3,0,13,1,0.9449086406489537,0.024734157420483793,0.1946498345200329,4.6791720896128455,
deb8b8e3b037c022,n=14 sat_exact,frontier,14,41,3,1,5,1,0.9634873264183121,0.013940424245314498,0.20293426699620368,5.263659587639215,
deb8b8e3b037c022,n=14 sat_exact,frontier,14,41,3,1,7,1,0.9449086406489537,0.02481959743877593,0.20139293211561662,4.201633437484884,
deb8b8e3b037c022,n=14 sat_exact,frontier,14,41,3,1,10,1,0.9564209467614035,0.025707619757485256,0.20133881130392975,3.8684318137794556,
deb8b8e3b037c022,n=14 sat_exact,frontier,14,41,3,1,11,1,0.9277417149822638,0.03636705586919908,0.19968497837063223,2.865045646068159,
deb8b8e3b037c022,n=14 sat_exact,frontier,14,41,3,1,13,1,0.9449086406489529,0.024642426919809335,0.1946490175218914,3.992797228187042,
deb8b8e3b037c022,n=14 sat_exact,frontier,14,41,3,2,3,1,0.9277417149822629,0.02420779391996919,0.1708809261791349,2.917468062789635,
deb8b8e3b037c022,n=14 sat_exact,frontier,14,41,3,2,4,1,0.9564209467614053,0.013972937551759435,0.17123744217105377,4.803413191646676,
deb8b8e3b037c022,n=14 sat_exact,frontier,14,41,3,2,5,1,0.9277417149822678,0.021847459526938673,0.16648289843773564,3.6826746563120314,
deb8b8e3b037c022,n=14 sat_exact,frontier,14,41,3,2,8,1,0.8952135830080978,0.03432400443275663,0.16488289888081542,3.079496694617571,
deb8b8e3b037c022,n=14 sat_exact,frontier,14,41,3,2,11,1,0.9277417149822624,0.02255405713785197,0.16323360981216367,3.2279073655894543,
deb8b8e3b037c022,n=14 sat_exact,frontier,14,41,3,2,12,1,0.9277417149822673,0.02301876476000153,0.16328222899551728,4.008611276891475,
deb8b8e3b037c022,n=14 sat_exact,frontier,14,41,3,3,4,1,0.8932373864450804,0.02316454256878009,0.17088094947208846,2.329007582036151,
deb8b8e3b037c022,n=14 sat_exact,frontier,14,41,3,3,6,1,0.8952135830080965,0.03233227045243803,0.16619635277877592,2.593884151005188,
deb8b8e3b037c022,n=14 sat_exact,frontier,14,41,3,3,7,1,0.9277417149822633,0.02177697667146372,0.16458507085818094,3.5048402300778316,
deb8b8e3b037c022,n=14 sat_exact,frontier,14,41,3,3,10,1,0.9277417149822647,0.022612397708327237,0.1645309500464959,3.98279139508575,
deb8b8e3b037c022,n=14 sat_exact,frontier,14,41,3,3,12,1,0.9564209467614044,0.012670838983363852,0.1629257362965524,5.78911105338263,
deb8b8e3b037c022,n=14 sat_exact,frontier,14,41,3,4,7,1,0.8932373864450782,0.02343753225911316,0.16494158685010102,3.169559485030797,
deb8b8e3b037c022,n=14 sat_exact,frontier,14,41,3,4,8,1,0.9449086406489529,0.014128871348087158,0.1648829221737692,4.604517678879532,
deb8b8e3b037c022,n=14 sat_exact,frontier,14,41,3,4,9,1,0.8932373864450804,0.02301028435071717,0.16482346830818323,2.8420995272047995,
deb8b8e3b037c022,n=14 sat_exact,frontier,14,41,3,4,11,1,0.9277417149822642,0.023108459840701867,0.16323363310511743,3.6956482560083668,
deb8b8e3b037c022,n=14 sat_exact,frontier,14,41,3,5,10,1,0.9277417149822647,0.02231746653150779,0.16013292230509726,2.8284328308046014,
deb8b8e3b037c022,n=14 sat_exact,frontier,14,41,3,5,11,1,0.9277417149822647,0.020811542978142805,0.1584790893717977,4.02353787932751,
deb8b8e3b037c022,n=14 sat_exact,frontier,14,41,3,5,12,1,0.80358246309354,0.021729696963334266,0.1585277085551532,2.86308297345318,
deb8b8e3b037c022,n=14 sat_exact,frontier,14,41,3,5,13,1,0.8067846489446322,0.03227214222621799,0.1534431285230595,1.7268647066098166,
deb8b8e3b037c022,n=14 sat_exact,frontier,14,41,3,6,9,1,0.9277417149822624,0.020664647452498963,0.16013887161486878,4.046496889012692,
deb8b8e3b037c022,n=14 sat_exact,frontier,14,41,3,6,11,1,0.806784648944634,0.03056949879273385,0.15854903641180493,2.777180972056487,
deb8b8e3b037c022,n=14 sat_exact,frontier,14,41,3,6,12,1,0.8932373864450804,0.02070629431316595,0.15859765559515837,2.620269184235881,
deb8b8e3b037c022,n=14 sat_exact,frontier,14,41,3,6,13,1,0.8952135830080983,0.03156521958010727,0.15351307556306473,2.8344364500556365,
deb8b8e3b037c022,n=14 sat_exact,frontier,14,41,3,7,8,1,0.89323738644508,0.023108833610075763,0.15858704355986222,2.4853202857151375,
deb8b8e3b037c022,n=14 sat_exact,frontier,14,41,3,7,10,1,0.9277417149822633,0.020768927208810295,0.15859158742450882,3.689063263574699,
deb8b8e3b037c022,n=14 sat_exact,frontier,14,41,3,7,13,1,0.9277417149822651,0.0209848652623994,0.15190179364246978,3.756341505888228,
deb8b8e3b037c022,n=14 sat_exact,frontier,14,41,3,8,9,1,0.9277417149822642,0.02189532347313361,0.15846892501794374,2.8459935433877495,
deb8b8e3b037c022,n=14 sat_exact,frontier,14,41,3,8,13,1,0.9277417149822678,0.020879616597422546,0.15184312896613777,3.431244933386148,
deb8b8e3b037c022,n=14 sat_exact,frontier,14,41,3,9,10,1,0.8100126323130694,0.04222825993268908,0.15847346888258937,1.600044107047249,
deb8b8e3b037c022,n=14 sat_exact,frontier,14,41,3,9,11,1,0.9277417149822607,0.019648088177137923,0.15681963594929157,3.8446920528398807,
deb8b8e3b037c022,n=14 sat_exact,frontier,14,41,3,10,12,1,0.9277417149822642,0.022487272452303753,0.1569322528628787,3.8905958069791495,
deb8b8e3b037c022+1,n=14 sat_exact (+1 edge),perturbed,14,42,3,0,6,1,0.9594129688268525,0.01376195356224108,0.18078780668189884,4.887277987685297,
deb8b8e3b037c022+1,n=14 sat_exact (+1 edge),perturbed,14,42,3,0,8,1,0.9485037895912622,0.02435762626867133,0.20125785254540257,4.380583597381156,
deb8b8e3b037c022+1,n=14 sat_exact (+1 edge),perturbed,14,42,3,0,9,1,0.9594129688268498,0.0257647288704832,0.20573804009996227,4.177717019171162,
deb8b8e3b037c022+1,n=14 sat_exact (+1 edge),perturbed,14,42,3,0,12,1,0.8994746951361852,0.03845381645987911,0.207946070136651,1.7114489285679029,
deb8b8e3b037c022+1,n=14 sat_exact (+1 edge),perturbed,14,42,3,0,13,1,0.9485037895912627,0.02652960888284084,0.20427023323854798,4.569311443349653,
deb8b8e3b037c022+1,n=14 sat_exact (+1 edge),perturbed,14,42,3,1,5,1,0.9485037895912614,0.014210385569136674,0.18104088108390226,5.015915882527741,
deb8b8e3b037c022+1,n=14 sat_exact (+1 edge),perturbed,14,42,3,1,7,1,0.9485037895912627,0.024588000189671444,0.2012545473062857,4.382897051731659,
deb8b8e3b037c022+1,n=14 sat_exact (+1 edge),perturbed,14,42,3,1,10,1,0.9594129688268511,0.025749430858127864,0.20491714491383484,3.959034097911772,
deb8b8e3b037c022+1,n=14 sat_exact (+1 edge),perturbed,14,42,3,1,11,1,0.9322925527707104,0.038262795981341746,0.20852993464561684,2.82683320900293,
deb8b8e3b037c022+1,n=14 sat_exact (+1 edge),perturbed,14,42,3,1,13,1,0.9485037895912622,0.02646918555215594,0.2042575173950993,3.897097420362738,
deb8b8e3b037c022+1,n=14 sat_exact (+1 edge),perturbed,14,42,3,2,3,1,0.9322925527707078,0.02407382813829506,0.1755275177391945,3.0895412691429347,
deb8b8e3b037c022+1,n=14 sat_exact (+1 edge),perturbed,14,42,3,2,4,1,0.9594129688268493,0.01380537378932467,0.17115255539603405,4.9140076357235625,
deb8b8e3b037c022+1,n=14 sat_exact (+1 edge),perturbed,14,42,3,2,5,1,0.9014775913815907,0.021810241254731633,0.14468353642617243,3.6306017015179144,
deb8b8e3b037c022+1,n=14 sat_exact (+1 edge),perturbed,14,42,3,2,8,1,0.9014775913815924,0.034285827267234614,0.16488779204422363,3.085491938260035,
deb8b8e3b037c022+1,n=14 sat_exact (+1 edge),perturbed,14,42,3,2,11,1,0.9322925527707087,0.02424960502061202,0.1721725899878863,3.1954657148848096,
deb8b8e3b037c022+1,n=14 sat_exact (+1 edge),perturbed,14,42,3,2,12,1,0.9322925527707131,0.024510976870545154,0.17157600963547093,3.87504892089661,
deb8b8e3b037c022+1,n=14 sat_exact (+1 edge),perturbed,14,42,3,3,4,1,0.8994746951361852,0.023142438383954023,0.17192639145626978,2.5316318030889815,
deb8b8e3b037c022+1,n=14 sat_exact (+1 edge),perturbed,14,42,3,3,6,1,0.8201525513234125,0.03121306702038895,0.14519158224095613,2.456182069264992,
deb8b8e3b037c022+1,n=14 sat_exact (+1 edge),perturbed,14,42,3,3,7,1,0.9322925527707091,0.021754872486637655,0.1656710387087889,3.4412640397805987,
deb8b8e3b037c022+1,n=14 sat_exact (+1 edge),perturbed,14,42,3,3,10,1,0.9322925527707104,0.022478431926652886,0.16933363631633974,3.9735973940991776,
deb8b8e3b037c022+1,n=14 sat_exact (+1 edge),perturbed,14,42,3,3,12,1,0.9594129688268493,0.01406532283922024,0.1723498456957077,5.787769348762076,
deb8b8e3b037c022+1,n=14 sat_exact (+1 edge),perturbed,14,42,3,4,7,1,0.8135643219716311,0.023415428074287092,0.16129607636563034,2.8853350313881347,
deb8b8e3b037c022+1,n=14 sat_exact (+1 edge),perturbed,14,42,3,4,8,1,0.9308631497503606,0.014128871348086935,0.16128666576129913,4.287284326753681,
deb8b8e3b037c022+1,n=14 sat_exact (+1 edge),perturbed,14,42,3,4,9,1,0.8994746951361856,0.022821302870945193,0.1657668533158584,2.962848314535186,
deb8b8e3b037c022+1,n=14 sat_exact (+1 edge),perturbed,14,42,3,4,11,1,0.9322925527707095,0.02323416888462826,0.168571463704961,3.8229744320442385,
deb8b8e3b037c022+1,n=14 sat_exact (+1 edge),perturbed,14,42,3,5,6,0,0.0002610367437623218,0.013203523931713868,0.11434760092793374,0.5837582860941485,
deb8b8e3b037c022+1,n=14 sat_exact (+1 edge),perturbed,14,42,3,5,10,1,0.8168450595511021,0.02110894302623767,0.13848965500331753,2.465966567373028,
deb8b8e3b037c022+1,n=14 sat_exact (+1 edge),perturbed,14,42,3,5,11,1,0.9322925527707091,0.012523150367217184,0.14210244473509964,4.254708652618981,
deb8b8e3b037c022+1,n=14 sat_exact (+1 edge),perturbed,14,42,3,5,12,1,0.813564321971632,0.014540583673520402,0.14150586438268395,2.777118745693615,
deb8b8e3b037c022+1,n=14 sat_exact (+1 edge),perturbed,14,42,3,5,13,1,0.8168450595510977,0.022019268380275347,0.13783002748458204,1.7104387589607246,
deb8b8e3b037c022+1,n=14 sat_exact (+1 edge),perturbed,14,42,3,6,9,1,0.9014775913815916,0.019615279283623277,0.13903204410054512,3.8597987326209315,
deb8b8e3b037c022+1,n=14 sat_exact (+1 edge),perturbed,14,42,3,6,11,1,0.8168450595511003,0.021926732987323838,0.14183665448964777,2.7835625183510597,
deb8b8e3b037c022+1,n=14 sat_exact (+1 edge),perturbed,14,42,3,6,12,1,0.8994746951361838,0.013654521901401706,0.1412400741372325,2.8409871528492325,
deb8b8e3b037c022+1,n=14 sat_exact (+1 edge),perturbed,14,42,3,6,13,1,0.901477591381592,0.021540194480295538,0.13756423723913072,2.871838238832622,
deb8b8e3b037c022+1,n=14 sat_exact (+1 edge),perturbed,14,42,3,7,8,1,0.8135643219716311,0.02303526535880218,0.1550313130138201,2.2089652586239765,
deb8b8e3b037c022+1,n=14 sat_exact (+1 edge),perturbed,14,42,3,7,10,1,0.9322925527707091,0.020746823023984007,0.15870332122569836,3.8031983710395596,
deb8b8e3b037c022+1,n=14 sat_exact (+1 edge),perturbed,14,42,3,7,13,1,0.9322925527707113,0.02134094822732613,0.1580436937069653,3.9616006564760475,
deb8b8e3b037c022+1,n=14 sat_exact (+1 edge),perturbed,14,42,3,8,9,1,0.9322925527707104,0.021873219288307544,0.1595020899640485,2.969695278863397,
deb8b8e3b037c022+1,n=14 sat_exact (+1 edge),perturbed,14,42,3,8,13,1,0.932292552770714,0.021235699562349275,0.15803428310263393,3.4829322410068313,
deb8b8e3b037c022+1,n=14 sat_exact (+1 edge),perturbed,14,42,3,9,10,1,0.8201525513234089,0.0421801107600126,0.16317409817592887,1.5748991037964306,
deb8b8e3b037c022+1,n=14 sat_exact (+1 edge),perturbed,14,42,3,9,11,1,0.9322925527707069,0.021365189026151032,0.16678688790771243,3.815468387207961,
deb8b8e3b037c022+1,n=14 sat_exact (+1 edge),perturbed,14,42,3,10,12,1,0.9322925527707104,0.024021643610112164,0.16538212821261766,3.8239755659878063,
c74fc2e2b3c8a27d,n=14 sat_near,frontier,14,41,3,0,5,1,0.9684842827909468,0.013724594019867142,0.2030100349522978,5.43335074114251,
c74fc2e2b3c8a27d,n=14 sat_near,frontier,14,41,3,0,7,1,0.943691566542276,0.024496874841321015,0.20133779128913482,4.142385019220418,
c74fc2e2b3c8a27d,n=14 sat_near,frontier,14,41,3,0,9,1,0.9554024544320958,0.02550141340082801,0.20133779128913343,3.8316321702995912,
c74fc2e2b3c8a27d,n=14 sat_near,frontier,14,41,3,0,12,1,0.9262107755487237,0.03551328048393576,0.19966554762597044,2.7799012807378545,
c74fc2e2b3c8a27d,n=14 sat_near,frontier,14,41,3,0,13,1,0.9436915665422756,0.024365469450760235,0.1946488263118042,4.069399284903819,
c74fc2e2b3c8a27d,n=14 sat_near,frontier,14,41,3,1,6,1,0.9684842827909468,0.013724594019867142,0.2030100349522977,5.433350741142524,
c74fc2e2b3c8a27d,n=14 sat_near,frontier,14,41,3,1,8,1,0.943691566542276,0.024496874841321237,0.20133779128913395,4.142385019220419,
c74fc2e2b3c8a27d,n=14 sat_near,frontier,14,41,3,1,10,1,0.9554024544320958,0.02550141340082801,0.2013377912891345,3.8316321702995917,
c74fc2e2b3c8a27d,n=14 sat_near,frontier,14,41,3,1,11,1,0.9262107755487232,0.03551328048393576,0.19966554762597005,2.779901280737842,
c74fc2e2b3c8a27d,n=14 sat_near,frontier,14,41,3,1,13,1,0.9436915665422756,0.024365469450760235,0.1946488263118049,4.069399284903829,
c74fc2e2b3c8a27d,n=14 sat_near,frontier,14,41,3,2,3,1,0.8034677442057485,0.03320480737575693,0.17056855900463463,0.6741571675424365,
c74fc2e2b3c8a27d,n=14 sat_near,frontier,14,41,3,2,4,1,0.9554024544320958,0.013614679638568772,0.17123745912824626,4.25544863112603,
c74fc2e2b3c8a27d,n=14 sat_near,frontier,14,41,3,2,6,1,0.893122667557285,0.031628073506882126,0.16622073781408056,2.535088077681413,
c74fc2e2b3c8a27d,n=14 sat_near,frontier,14,41,3,2,7,1,0.9262107755487237,0.022807524368940957,0.16454849415091455,3.9074197282027106,
c74fc2e2b3c8a27d,n=14 sat_near,frontier,14,41,3,2,9,1,0.9262107755487254,0.02227882937663228,0.1645484941509166,3.7237840153949895,
c74fc2e2b3c8a27d,n=14 sat_near,frontier,14,41,3,2,11,1,0.955402454432094,0.012447736600762704,0.16287625048775117,5.294310981125305,
c74fc2e2b3c8a27d,n=14 sat_near,frontier,14,41,3,3,4,1,0.9554024544320958,0.013614679638568772,0.1712374591282457,4.255448631126052,
c74fc2e2b3c8a27d,n=14 sat_near,frontier,14,41,3,3,5,1,0.8931226675572845,0.031628073506881904,0.16622073781407992,2.535088077681457,
c74fc2e2b3c8a27d,n=14 sat_near,frontier,14,41,3,3,8,1,0.9262107755487232,0.022807524368940957,0.16454849415091705,3.9074197282027168,
c74fc2e2b3c8a27d,n=14 sat_near,frontier,14,41,3,3,10,1,0.9262107755487254,0.02227882937663228,0.16454849415091516,3.7237840153949806,
c74fc2e2b3c8a27d,n=14 sat_near,frontier,14,41,3,3,12,1,0.9554024544320932,0.012447736600762926,0.16287625048775187,5.294310981125272,
c74fc2e2b3c8a27d,n=14 sat_near,frontier,14,41,3,4,7,1,0.9262107755487263,0.022720561457429733,0.16521739427452725,3.4286003300939005,
c74fc2e2b3c8a27d,n=14 sat_near,frontier,14,41,3,4,8,1,0.9262107755487263,0.022720561457429733,0.1652173942745263,3.4286003300938916,
c74fc2e2b3c8a27d,n=14 sat_near,frontier,14,41,3,4,11,1,0.8931226675572863,0.032833319584774756,0.1635451506113628,2.719970629330636,
c74fc2e2b3c8a27d,n=14 sat_near,frontier,14,41,3,4,12,1,0.8931226675572863,0.032833319584774756,0.16354515061136318,2.719970629330614,
c74fc2e2b3c8a27d,n=14 sat_near,frontier,14,41,3,5,9,1,0.9262107755487241,0.02037358192184402,0.1602006729603608,3.855989301238424,
c74fc2e2b3c8a27d,n=14 sat_near,frontier,14,41,3,5,11,1,0.8034677442057467,0.029800640624286556,0.15852842929719746,2.371995191338906,
c74fc2e2b3c8a27d,n=14 sat_near,frontier,14,41,3,5,12,1,0.9262107755487228,0.020052309025371695,0.1585284292971976,3.420017981505511,
c74fc2e2b3c8a27d,n=14 sat_near,frontier,14,41,3,5,13,1,0.8931226675572854,0.03102515116513449,0.15351170798303043,2.67973921352982,
c74fc2e2b3c8a27d,n=14 sat_near,frontier,14,41,3,6,10,1,0.9262107755487241,0.02037358192184402,0.16020067296036114,3.8559893012384014,
c74fc2e2b3c8a27d,n=14 sat_near,frontier,14,41,3,6,11,1,0.9262107755487228,0.020052309025371473,0.158528429297197,3.420017981505496,
c74fc2e2b3c8a27d,n=14 sat_near,frontier,14,41,3,6,12,1,0.8034677442057467,0.02980064062428678,0.15852842929719713,2.371995191338883,
c74fc2e2b3c8a27d,n=14 sat_near,frontier,14,41,3,6,13,1,0.8931226675572859,0.03102515116513449,0.1535117079830303,2.6797392135298086,
c74fc2e2b3c8a27d,n=14 sat_near,frontier,14,41,3,7,8,1,0.8911552296563676,0.021782723415905814,0.15852842929719682,2.520056960123306,
c74fc2e2b3c8a27d,n=14 sat_near,frontier,14,41,3,7,9,1,0.9262107755487232,0.020620844068665933,0.15852842929719665,2.852454794182803,
c74fc2e2b3c8a27d,n=14 sat_near,frontier,14,41,3,7,13,1,0.9262107755487272,0.02090253667941,0.15183946431986828,3.5158321440529523,
c74fc2e2b3c8a27d,n=14 sat_near,frontier,14,41,3,8,10,1,0.9262107755487232,0.020620844068665933,0.15852842929719757,2.8524547941827914,
c74fc2e2b3c8a27d,n=14 sat_near,frontier,14,41,3,8,13,1,0.9262107755487277,0.020902536679410222,0.15183946431986686,3.5158321440529696,
c74fc2e2b3c8a27d,n=14 sat_near,frontier,14,41,3,9,10,1,0.8066699300568407,0.04134602234618279,0.15852842929719724,1.7060779466401852,
c74fc2e2b3c8a27d,n=14 sat_near,frontier,14,41,3,9,11,1,0.9262107755487223,0.020731552689494448,0.1568561856340334,3.8129882808434226,
c74fc2e2b3c8a27d,n=14 sat_near,frontier,14,41,3,10,12,1,0.9262107755487223,0.020731552689494448,0.1568561856340325,3.812988280843439,
c74fc2e2b3c8a27d+1,n=14 sat_near (+1 edge),perturbed,14,42,3,0,4,0,0.000247345655333131,0.021429377238316727,0.14419418468192635,0.1777064735416552,
c74fc2e2b3c8a27d+1,n=14 sat_near (+1 edge),perturbed,14,42,3,0,5,1,0.947265197858751,0.012852433371107752,0.16997558457858652,5.371358706052976,
c74fc2e2b3c8a27d+1,n=14 sat_near (+1 edge),perturbed,14,42,3,0,7,1,0.947265197858751,0.015596155769046494,0.17524586957967206,4.172249556258717,
c74fc2e2b3c8a27d+1,n=14 sat_near (+1 edge),perturbed,14,42,3,0,9,1,0.9307347397741377,0.023623463404313316,0.1701829250248355,3.7667646749928316,
c74fc2e2b3c8a27d+1,n=14 sat_near (+1 edge),perturbed,14,42,3,0,12,1,0.9307347397741372,0.023051166366256925,0.1760202281886143,2.835323100309644,
c74fc2e2b3c8a27d+1,n=14 sat_near (+1 edge),perturbed,14,42,3,0,13,1,0.9307347397741381,0.022533192247207845,0.16438120155680294,4.024533058643329,
c74fc2e2b3c8a27d+1,n=14 sat_near (+1 edge),perturbed,14,42,3,1,6,1,0.9651603838456082,0.013741081337820926,0.19877987402468683,5.425703079572244,
c74fc2e2b3c8a27d+1,n=14 sat_near (+1 edge),perturbed,14,42,3,1,8,1,0.9472651978587496,0.024202325704529404,0.20310984879600907,4.141477929139157,
c74fc2e2b3c8a27d+1,n=14 sat_near (+1 edge),perturbed,14,42,3,1,10,1,0.9472651978587505,0.02515856043674436,0.19754796526537205,3.812125624302678,
c74fc2e2b3c8a27d+1,n=14 sat_near (+1 edge),perturbed,14,42,3,1,11,1,0.9307347397741377,0.034904016588653164,0.20282875345525267,2.778496419648686,
c74fc2e2b3c8a27d+1,n=14 sat_near (+1 edge),perturbed,14,42,3,1,13,1,0.9472651978587501,0.024068289279638444,0.1977335390233178,4.073785031636778,
c74fc2e2b3c8a27d+1,n=14 sat_near (+1 edge),perturbed,14,42,3,2,3,1,0.8134359119954087,0.032781468335991715,0.17519820863661217,0.6750318440676608,
c74fc2e2b3c8a27d+1,n=14 sat_near (+1 edge),perturbed,14,42,3,2,4,1,0.930734739774135,0.012728266898120566,0.14424915788584594,4.211279211765193,
c74fc2e2b3c8a27d+1,n=14 sat_near (+1 edge),perturbed,14,42,3,2,6,1,0.899346285159961,0.03114110273755366,0.16548250976209222,2.5579583479854175,
c74fc2e2b3c8a27d+1,n=14 sat_near (+1 edge),perturbed,14,42,3,2,7,1,0.9307347397741372,0.023877041445643066,0.17530084278359223,3.9088335852392158,
c74fc2e2b3c8a27d+1,n=14 sat_near (+1 edge),perturbed,14,42,3,2,9,1,0.9307347397741377,0.021917161341610703,0.17023789822875554,3.7348163411744273,
c74fc2e2b3c8a27d+1,n=14 sat_near (+1 edge),perturbed,14,42,3,2,11,1,0.9583755942509433,0.012822922432365269,0.1695313891926574,5.278168117537957,
c74fc2e2b3c8a27d+1,n=14 sat_near (+1 edge),perturbed,14,42,3,3,4,1,0.9307347397741377,0.012778243072033346,0.14432591466489592,4.194680054650988,
c74fc2e2b3c8a27d+1,n=14 sat_near (+1 edge),perturbed,14,42,3,3,5,1,0.8993462851599605,0.03098248161187911,0.17010731456155592,2.5363974534040743,
c74fc2e2b3c8a27d+1,n=14 sat_near (+1 edge),perturbed,14,42,3,3,8,1,0.9307347397741359,0.022713165505407584,0.16988924131246316,3.9032741017323755,
c74fc2e2b3c8a27d+1,n=14 sat_near (+1 edge),perturbed,14,42,3,3,10,1,0.9307347397741399,0.021893893318443602,0.16432735778182692,3.749840429306314,
c74fc2e2b3c8a27d+1,n=14 sat_near (+1 edge),perturbed,14,42,3,3,12,1,0.9583755942509438,0.014046943942771284,0.17615195817158374,5.292678778480695,
c74fc2e2b3c8a27d+1,n=14 sat_near (+1 edge),perturbed,14,42,3,4,7,1,0.9307347397741395,0.01412750086538761,0.14442854881187595,3.505093097439521,
c74fc2e2b3c8a27d+1,n=14 sat_near (+1 edge),perturbed,14,42,3,4,8,1,0.8993462851599601,0.021234455928247575,0.1389401905616973,3.39985705985472,
c74fc2e2b3c8a27d+1,n=14 sat_near (+1 edge),perturbed,14,42,3,4,11,1,0.8167166495748783,0.029675070328327724,0.13865909522094172,2.655459794390929,
c74fc2e2b3c8a27d+1,n=14 sat_near (+1 edge),perturbed,14,42,3,4,12,1,0.8993462851599614,0.021054140013051947,0.14520290742081798,2.7561604051649367,
c74fc2e2b3c8a27d+1,n=14 sat_near (+1 edge),perturbed,14,42,3,5,9,1,0.930734739774135,0.020393647589975528,0.1651470041536994,3.855658334518454,
c74fc2e2b3c8a27d+1,n=14 sat_near (+1 edge),perturbed,14,42,3,5,11,1,0.8134359119954104,0.029389482506432696,0.16444049511760225,2.388836353370146,
c74fc2e2b3c8a27d+1,n=14 sat_near (+1 edge),perturbed,14,42,3,5,12,1,0.9307347397741359,0.021899129415734242,0.170984307317478,3.417328899805261,
c74fc2e2b3c8a27d+1,n=14 sat_near (+1 edge),perturbed,14,42,3,5,13,1,0.8993462851599605,0.030740395003131527,0.15934528068566697,2.699958390449028,
c74fc2e2b3c8a27d+1,n=14 sat_near (+1 edge),perturbed,14,42,3,6,10,1,0.8973523254217635,0.020123294026163974,0.1546116589073052,3.800387477798242,
c74fc2e2b3c8a27d+1,n=14 sat_near (+1 edge),perturbed,14,42,3,6,11,1,0.9307347397741377,0.019909949306068153,0.15989244709718747,3.411268847223598,
c74fc2e2b3c8a27d+1,n=14 sat_near (+1 edge),perturbed,14,42,3,6,12,1,0.8134359119954087,0.029973340624308342,0.16643625929706368,2.3476690642484144,
c74fc2e2b3c8a27d+1,n=14 sat_near (+1 edge),perturbed,14,42,3,6,13,1,0.8993462851599614,0.03055606375315878,0.15479723266525078,2.7177623163068096,
c74fc2e2b3c8a27d+1,n=14 sat_near (+1 edge),perturbed,14,42,3,7,8,1,0.897352325421763,0.02307150399292368,0.1699918754594434,2.5299035615767513,
c74fc2e2b3c8a27d+1,n=14 sat_near (+1 edge),perturbed,14,42,3,7,9,1,0.9307347397741372,0.02207933500652337,0.17041728915478585,2.844049298718978,
c74fc2e2b3c8a27d+1,n=14 sat_near (+1 edge),perturbed,14,42,3,7,13,1,0.9307347397741408,0.02234638913758258,0.1646155656867531,3.480891750785958,
c74fc2e2b3c8a27d+1,n=14 sat_near (+1 edge),perturbed,14,42,3,8,10,1,0.9307347397741381,0.020453785898093324,0.15894163367862876,2.876330439454877,
c74fc2e2b3c8a27d+1,n=14 sat_near (+1 edge),perturbed,14,42,3,8,13,1,0.9307347397741408,0.02059342098739103,0.15912720743657427,3.4934324427935195,
c74fc2e2b3c8a27d+1,n=14 sat_near (+1 edge),perturbed,14,42,3,9,10,1,0.8167166495748748,0.040588214078140616,0.15936704737397053,1.7010066288194627,
c74fc2e2b3c8a27d+1,n=14 sat_near (+1 edge),perturbed,14,42,3,9,11,1,0.930734739774135,0.02055823313645666,0.16464783556385057,3.8601774045264787,
c74fc2e2b3c8a27d+1,n=14 sat_near (+1 edge),perturbed,14,42,3,10,12,1,0.9307347397741368,0.020896082868026022,0.16520435053774912,3.8113946955899105,
220d4fe79b1c3a63,n=15 sat_near,frontier,15,51,3,0,3,1,0.7940608019569253,0.021719019750503055,0.16841371588957482,1.0508134177552437,
220d4fe79b1c3a63,n=15 sat_near,frontier,15,51,3,0,7,1,0.9537524287459633,0.015268492712761761,0.17005059679048432,4.18986501631604,
220d4fe79b1c3a63,n=15 sat_near,frontier,15,51,3,0,9,1,0.8873526090049619,0.020672317133790585,0.16480814206947136,3.422393737980656,
220d4fe79b1c3a63,n=15 sat_near,frontier,15,51,3,0,11,1,0.9416385907736724,0.014682452424117809,0.1655726740283362,3.970515802586107,
220d4fe79b1c3a63,n=15 sat_near,frontier,15,51,3,0,12,1,0.941638590773672,0.014800892061241688,0.16557742029780176,4.562657536296767,
220d4fe79b1c3a63,n=15 sat_near,frontier,15,51,3,0,14,1,0.9537524287459611,0.014543174119848956,0.16557745718547584,5.096755956726959,
220d4fe79b1c3a63,n=15 sat_near,frontier,15,51,3,1,4,1,0.8873526090049624,0.02148637199702952,0.16900376139565645,2.2067296532459277,
220d4fe79b1c3a63,n=15 sat_near,frontier,15,51,3,1,6,1,0.9537524287459633,0.015274265882104121,0.17003041158198456,4.466409801858065,
220d4fe79b1c3a63,n=15 sat_near,frontier,15,51,3,1,10,1,0.9416385907736706,0.014725308105181023,0.16467813942190956,4.563967728961503,
220d4fe79b1c3a63,n=15 sat_near,frontier,15,51,3,1,11,1,0.9416385907736728,0.014729854405247655,0.16542011459458977,4.301276580143412,
220d4fe79b1c3a63,n=15 sat_near,frontier,15,51,3,1,13,1,0.9416385907736724,0.014704466932550675,0.16544267139457064,4.23777481247608,
220d4fe79b1c3a63,n=15 sat_near,frontier,15,51,3,1,14,1,0.8873526090049619,0.020585087181784312,0.16542489775172994,2.677674727270321,
220d4fe79b1c3a63,n=15 sat_near,frontier,15,51,3,2,5,1,0.9416385907736728,0.015477079576387887,0.169134356942344,4.260855541037838,
220d4fe79b1c3a63,n=15 sat_near,frontier,15,51,3,2,8,1,0.9537524287459633,0.015268492712761761,0.17005178258156256,4.210588638534285,
220d4fe79b1c3a63,n=15 sat_near,frontier,15,51,3,2,9,1,0.923521915741286,0.021292858210383958,0.16480873497269005,3.541213488693285,
220d4fe79b1c3a63,n=15 sat_near,frontier,15,51,3,2,10,1,0.8873526090049615,0.021444921513617432,0.16483129175887432,2.4736122259540827,
220d4fe79b1c3a63,n=15 sat_near,frontier,15,51,3,2,12,1,0.941638590773672,0.014716353669185445,0.16557801320102072,4.1998804256279385,
220d4fe79b1c3a63,n=15 sat_near,frontier,15,51,3,2,13,1,0.9416385907736733,0.014625722895544202,0.1655958237315358,3.6484492278051044,
220d4fe79b1c3a63,n=15 sat_near,frontier,15,51,3,3,4,1,0.9235219157412837,0.013430697352138754,0.13872944668279952,4.1469673734869845,
220d4fe79b1c3a63,n=15 sat_near,frontier,15,51,3,3,5,1,0.923521915741286,0.013557927090361854,0.13870688989252206,4.330064018981528,
220d4fe79b1c3a63,n=15 sat_near,frontier,15,51,3,3,6,1,0.9235219157412864,0.013398384739151004,0.13975609686912743,4.064766499867471,
220d4fe79b1c3a63,n=15 sat_near,frontier,15,51,3,3,7,1,0.9235219157412851,0.01301559231768179,0.13962372264388173,3.2486003453019414,
220d4fe79b1c3a63,n=15 sat_near,frontier,15,51,3,3,8,1,0.8893024330753598,0.019212659367620954,0.13962431553174076,3.0390125246375974,
220d4fe79b1c3a63,n=15 sat_near,frontier,15,51,3,3,11,1,0.7971866147931106,0.018292527645576984,0.13514579988173314,2.053969830628399,
220d4fe79b1c3a63,n=15 sat_near,frontier,15,51,3,4,6,1,0.9235219157412828,0.012236681921171222,0.14049870180895527,3.5186601796685806,
220d4fe79b1c3a63,n=15 sat_near,frontier,15,51,3,4,7,1,0.8003373072088134,0.02518499313521727,0.1403663275837095,1.5056617271904609,
220d4fe79b1c3a63,n=15 sat_near,frontier,15,51,3,4,8,1,0.923521915741286,0.012654898175015417,0.14036692047156835,4.138147967599427,
220d4fe79b1c3a63,n=15 sat_near,frontier,15,51,3,4,9,1,0.8893024330753594,0.01821374077555893,0.1351238728626943,3.1612244289189917,
220d4fe79b1c3a63,n=15 sat_near,frontier,15,51,3,4,13,1,0.889302433075359,0.018068712920665808,0.13591096162153996,2.283190853934681,
220d4fe79b1c3a63,n=15 sat_near,frontier,15,51,3,5,6,1,0.889302433075359,0.019215979490336377,0.14047614501867797,3.188983867589042,
220d4fe79b1c3a63,n=15 sat_near,frontier,15,51,3,5,7,1,0.9235219157412868,0.013398384739151004,0.14034377079343238,3.684976867717117,
220d4fe79b1c3a63,n=15 sat_near,frontier,15,51,3,5,8,1,0.797186614793111,0.019021090715622302,0.1403443636812908,1.1691007016255277,
220d4fe79b1c3a63,n=15 sat_near,frontier,15,51,3,5,10,1,0.923521915741286,0.012439623957265722,0.13512387285860322,4.321885043272817,
220d4fe79b1c3a63,n=15 sat_near,frontier,15,51,3,5,12,1,0.7971866147931088,0.019144259877295733,0.1358705943007475,1.8511967408106156,
220d4fe79b1c3a63,n=15 sat_near,frontier,15,51,3,6,9,1,0.800337307208812,0.0242527134283117,0.13615052304902414,1.5319118412642596,
220d4fe79b1c3a63,n=15 sat_near,frontier,15,51,3,6,10,1,0.8893024330753612,0.018810992974487517,0.13617307983520852,2.2733128555276925,
220d4fe79b1c3a63,n=15 sat_near,frontier,15,51,3,6,11,1,0.8893024330753607,0.018806577195537466,0.13691505500788867,3.099918509622423,
220d4fe79b1c3a63,n=15 sat_near,frontier,15,51,3,7,10,1,0.8893024330753585,0.01842629014655972,0.13604070560996273,3.8801184962224218,
220d4fe79b1c3a63,n=15 sat_near,frontier,15,51,3,7,12,1,0.8893024330753603,0.018806577195537466,0.13678742705210864,2.0961225186573453,
220d4fe79b1c3a63,n=15 sat_near,frontier,15,51,3,7,14,1,0.8893024330753603,0.017904575641896958,0.13678746393978294,3.7912760478504204,
220d4fe79b1c3a63,n=15 sat_near,frontier,15,51,3,8,9,1,0.9235219157412824,0.011559778705859891,0.13601874171163725,4.275515178882865,
220d4fe79b1c3a63,n=15 sat_near,frontier,15,51,3,8,13,1,0.8893024330753598,0.018898982010375542,0.13680583047048303,2.857058983514326,
220d4fe79b1c3a63,n=15 sat_near,frontier,15,51,3,8,14,1,0.800337307208812,0.024327290745842722,0.1367880568276418,1.831169155337612,
220d4fe79b1c3a63,n=15 sat_near,frontier,15,51,3,9,12,1,0.8893024330753603,0.017640462352547015,0.13154497233109347,2.46782340142414,
220d4fe79b1c3a63,n=15 sat_near,frontier,15,51,3,9,14,1,0.8893024330753594,0.017002124220358406,0.13154500921876972,3.0762532129138,
220d4fe79b1c3a63,n=15 sat_near,frontier,15,51,3,10,13,1,0.7971866147931106,0.01867139407662277,0.1315853396477951,1.6749795971938006,
220d4fe79b1c3a63,n=15 sat_near,frontier,15,51,3,10,14,1,0.889302433075359,0.017222667380685897,0.13156756600495392,3.7496398153781487,
220d4fe79b1c3a63,n=15 sat_near,frontier,15,51,3,11,12,1,0.8893024330753594,0.01823478722783589,0.13230950428996005,3.263495477432807,
220d4fe79b1c3a63,n=15 sat_near,frontier,15,51,3,11,13,1,0.8893024330753616,0.01823478722783589,0.13232731482047672,3.592248081062358,
220d4fe79b1c3a63,n=15 sat_near,frontier,15,51,3,11,14,1,0.8893024330753607,0.01845085091629528,0.13230954117763388,2.3447415871783233,
220d4fe79b1c3a63,n=15 sat_near,frontier,15,51,3,12,13,1,0.8893024330753603,0.01823478722783589,0.13233206108993928,3.783216595807202,
220d4fe79b1c3a63+1,n=15 sat_near (+1 edge),perturbed,15,52,3,0,3,1,0.8005003434243658,0.02171006164970901,0.17149282168827884,1.282823164721164,
220d4fe79b1c3a63+1,n=15 sat_near (+1 edge),perturbed,15,52,3,0,7,1,0.945076388520941,0.014508573059234031,0.1545431148940145,3.9427831051224627,
220d4fe79b1c3a63+1,n=15 sat_near (+1 edge),perturbed,15,52,3,0,9,1,0.8914091133677067,0.020507557748378424,0.1647065679419897,3.4462434563784505,
220d4fe79b1c3a63+1,n=15 sat_near (+1 edge),perturbed,15,52,3,0,11,1,0.94397409293618,0.0145479820299248,0.16868997829973856,4.0110994690697765,
220d4fe79b1c3a63+1,n=15 sat_near (+1 edge),perturbed,15,52,3,0,12,1,0.94397409293618,0.015564746279382202,0.17186748436021707,4.429585850824936,
220d4fe79b1c3a63+1,n=15 sat_near (+1 edge),perturbed,15,52,3,0,14,1,0.9556913141975443,0.014616023258281263,0.1687000400270791,5.073560501437907,
220d4fe79b1c3a63+1,n=15 sat_near (+1 edge),perturbed,15,52,3,1,4,1,0.8914091133677089,0.02246218199740757,0.17510267227700024,2.2020095794617287,
220d4fe79b1c3a63+1,n=15 sat_near (+1 edge),perturbed,15,52,3,1,6,1,0.9556913141975478,0.015044070550357613,0.16946540135880905,4.577665541043254,
220d4fe79b1c3a63+1,n=15 sat_near (+1 edge),perturbed,15,52,3,1,10,1,0.9439740929361786,0.015504814119301713,0.17037495450854262,4.368768157660839,
220d4fe79b1c3a63+1,n=15 sat_near (+1 edge),perturbed,15,52,3,1,11,1,0.9439740929361822,0.014742771383599473,0.16787871895551673,4.311952560825356,
220d4fe79b1c3a63+1,n=15 sat_near (+1 edge),perturbed,15,52,3,1,13,1,0.9264831495872001,0.01449752536979898,0.14928947740043644,3.949855982088359,
220d4fe79b1c3a63+1,n=15 sat_near (+1 edge),perturbed,15,52,3,1,14,1,0.8914091133677089,0.020427997174916834,0.1678887806828591,2.810911928509258,
220d4fe79b1c3a63+1,n=15 sat_near (+1 edge),perturbed,15,52,3,2,5,1,0.9439740929361804,0.015269176286051955,0.1713435326296977,4.292314411240749,
220d4fe79b1c3a63+1,n=15 sat_near (+1 edge),perturbed,15,52,3,2,8,1,0.9556913141975474,0.015281409691113135,0.1727522341212047,4.2378594097220095,
220d4fe79b1c3a63+1,n=15 sat_near (+1 edge),perturbed,15,52,3,2,9,1,0.9264831495872041,0.021103934048329442,0.1642173774292128,3.7878685227103666,
220d4fe79b1c3a63+1,n=15 sat_near (+1 edge),perturbed,15,52,3,2,10,1,0.8914091133677076,0.022324272538985834,0.1706970233399873,2.407179805394877,
220d4fe79b1c3a63+1,n=15 sat_near (+1 edge),perturbed,15,52,3,2,12,1,0.9439740929361795,0.015477699887222585,0.17137829384744,4.288770248491269,
220d4fe79b1c3a63+1,n=15 sat_near (+1 edge),perturbed,15,52,3,2,13,1,0.926483149587201,0.014437593209718047,0.1496115462318793,3.007442124041729,
220d4fe79b1c3a63+1,n=15 sat_near (+1 edge),perturbed,15,52,3,3,4,1,0.9264831495872006,0.014385827560019715,0.14491548750278865,4.193516024201804,
220d4fe79b1c3a63+1,n=15 sat_near (+1 edge),perturbed,15,52,3,3,5,1,0.9264831495872023,0.0135451503137205,0.14083427902404025,4.2546154444012005,
220d4fe79b1c3a63+1,n=15 sat_near (+1 edge),perturbed,15,52,3,3,6,1,0.926483149587205,0.013266775612691628,0.13927821658459538,4.408415209891588,
220d4fe79b1c3a63+1,n=15 sat_near (+1 edge),perturbed,15,52,3,3,7,1,0.8933763460467996,0.01231797664612344,0.12354467077557925,2.948547729567376,
220d4fe79b1c3a63+1,n=15 sat_near (+1 edge),perturbed,15,52,3,3,8,1,0.8933763460467974,0.019078188973427945,0.14224298051554743,3.0912235348495454,
220d4fe79b1c3a63+1,n=15 sat_near (+1 edge),perturbed,15,52,3,3,11,1,0.803676419801886,0.018231490147526896,0.1376915341813056,2.1728113783214487,
220d4fe79b1c3a63+1,n=15 sat_near (+1 edge),perturbed,15,52,3,4,6,1,0.9264831495872006,0.012345202086018192,0.1436993265175387,3.1950512532227564,
220d4fe79b1c3a63+1,n=15 sat_near (+1 edge),perturbed,15,52,3,4,7,1,0.8068779791625027,0.018526107672197867,0.12796578070852055,2.237040920107256,
220d4fe79b1c3a63+1,n=15 sat_near (+1 edge),perturbed,15,52,3,4,8,1,0.9264831495872023,0.013628840259821917,0.14666409044849013,4.09757238365943,
220d4fe79b1c3a63+1,n=15 sat_near (+1 edge),perturbed,15,52,3,4,9,1,0.8933763460467974,0.01839798114442881,0.13812923375649624,2.896244548700909,
220d4fe79b1c3a63+1,n=15 sat_near (+1 edge),perturbed,15,52,3,4,13,1,0.893376346046796,0.01187822684508566,0.12352340255916626,3.0155192483496362,
220d4fe79b1c3a63+1,n=15 sat_near (+1 edge),perturbed,15,52,3,5,6,1,0.8933763460467978,0.019078188973427945,0.13961811803878962,3.5024914757655172,
220d4fe79b1c3a63+1,n=15 sat_near (+1 edge),perturbed,15,52,3,5,7,1,0.8933763460467987,0.01321025505332507,0.12388457222977341,2.9641013752068694,
220d4fe79b1c3a63+1,n=15 sat_near (+1 edge),perturbed,15,52,3,5,8,1,0.8036764198018851,0.018960053217571993,0.1425828819697431,1.5861244563634835,
220d4fe79b1c3a63+1,n=15 sat_near (+1 edge),perturbed,15,52,3,5,10,1,0.9264831495872023,0.013212452210324521,0.1405276711885263,4.491864428965702,
220d4fe79b1c3a63+1,n=15 sat_near (+1 edge),perturbed,15,52,3,5,12,1,0.8036764198018824,0.02002616222413356,0.14120894169597628,1.5827515303240327,
220d4fe79b1c3a63+1,n=15 sat_near (+1 edge),perturbed,15,52,3,6,9,0,0.00012732086092626105,0.02412139280644232,0.1324919628383047,0.36564149301608745,
220d4fe79b1c3a63+1,n=15 sat_near (+1 edge),perturbed,15,52,3,6,10,1,0.8933763460467987,0.018881149138796127,0.1389716087490798,2.568666222322697,
220d4fe79b1c3a63+1,n=15 sat_near (+1 edge),perturbed,15,52,3,6,11,1,0.8933763460467987,0.01874553969748738,0.13647537319605543,3.281188346661677,
220d4fe79b1c3a63+1,n=15 sat_near (+1 edge),perturbed,15,52,3,7,10,1,0.8933763460467974,0.012865715046511461,0.12323806294006488,3.492388266284006,
220d4fe79b1c3a63+1,n=15 sat_near (+1 edge),perturbed,15,52,3,7,12,1,0.8933763460467996,0.013134908836244907,0.12391933344751555,2.4957949029574014,
220d4fe79b1c3a63+1,n=15 sat_near (+1 edge),perturbed,15,52,3,7,13,0,0.00012732086092492878,0.011860866963454342,0.10215258583195669,2.286601318531551,
220d4fe79b1c3a63+1,n=15 sat_near (+1 edge),perturbed,15,52,3,7,14,1,0.8068779791625027,0.017073180017512568,0.12075188911437953,2.7970209097085355,
220d4fe79b1c3a63+1,n=15 sat_near (+1 edge),perturbed,15,52,3,8,9,1,0.926483149587201,0.011472290421910225,0.13545672676925802,4.689392800853079,
220d4fe79b1c3a63+1,n=15 sat_near (+1 edge),perturbed,15,52,3,8,13,1,0.8068779791625031,0.017962096353094203,0.12085089557192447,2.0498140710917796,
220d4fe79b1c3a63+1,n=15 sat_near (+1 edge),perturbed,15,52,3,8,14,1,0.8068779791625027,0.02420974146753352,0.13945019885434742,1.9340404114695,
220d4fe79b1c3a63+1,n=15 sat_near (+1 edge),perturbed,15,52,3,9,12,1,0.8933763460467978,0.017710618516855625,0.13408278649549144,2.576816428751497,
220d4fe79b1c3a63+1,n=15 sat_near (+1 edge),perturbed,15,52,3,9,14,1,0.8933763460467978,0.01694108672230832,0.13091534216235515,3.383609774643196,
220d4fe79b1c3a63+1,n=15 sat_near (+1 edge),perturbed,15,52,3,10,13,1,0.8036764198018864,0.012943065672745835,0.11879568479070703,2.030788564680602,
220d4fe79b1c3a63+1,n=15 sat_near (+1 edge),perturbed,15,52,3,10,14,1,0.8933763460467956,0.018186177291652283,0.13739498807312994,3.4664380276098643,
220d4fe79b1c3a63+1,n=15 sat_near (+1 edge),perturbed,15,52,3,11,12,1,0.8933763460467956,0.019217109015728262,0.13806619685324178,3.131786015939109,
220d4fe79b1c3a63+1,n=15 sat_near (+1 edge),perturbed,15,52,3,11,13,1,0.8068779791625023,0.01729372317784006,0.11629944923768182,2.5703589723584486,
220d4fe79b1c3a63+1,n=15 sat_near (+1 edge),perturbed,15,52,3,11,14,1,0.8933763460467974,0.018389813418245193,0.1348987525201059,2.7308785976266634,
220d4fe79b1c3a63+1,n=15 sat_near (+1 edge),perturbed,15,52,3,12,13,1,0.8933763460467983,0.012576998603877065,0.11947695529816132,3.7865461493974277,
d76f4a61474cfb29,n=20 sat_exact,frontier,20,70,4,0,1,1,0.8303929845779101,0.01738864705004106,0.14285716747988503,2.3423150194037525,0.00787112203680843
d76f4a61474cfb29,n=20 sat_exact,frontier,20,70,4,0,2,1,0.8982508526519744,0.01709954424698279,0.14285716747988475,4.110200200948419,0.04101122922388204
d76f4a61474cfb29,n=20 sat_exact,frontier,20,70,4,0,3,1,0.8607367615627743,0.017120181629984632,0.1428571674798847,2.75387795099325,0.059592129987187374
d76f4a61474cfb29,n=20 sat_exact,frontier,20,70,4,0,4,1,0.830392984577911,0.017874026894537876,0.14285716747988497,3.375246942235305,0.0759028230270016
d76f4a61474cfb29,n=20 sat_exact,frontier,20,70,4,0,5,1,0.9200782386000763,0.016483343012059226,0.14285716747988492,5.5173479223156745,0.11401994531813804
d76f4a61474cfb29,n=20 sat_exact,frontier,20,70,4,0,6,1,0.9182275828872375,0.011159033069670254,0.14285716747988467,6.2818838383802165,0.026008875247318087
d76f4a61474cfb29,n=20 sat_exact,frontier,20,70,4,0,7,1,0.9264869092138084,0.01123041418535009,0.14285716747988503,5.651502042787087,0.09081698820367651
d76f4a61474cfb29,n=20 sat_exact,frontier,20,70,4,1,2,1,0.9337454869884732,0.011797561642120424,0.14285716747988464,5.356476779004441,0.012225048203440139
d76f4a61474cfb29,n=20 sat_exact,frontier,20,70,4,1,3,1,0.9191495523027302,0.012464326876987508,0.14285716747988458,4.576788414836709,0.017763833843214817
d76f4a61474cfb29,n=20 sat_exact,frontier,20,70,4,1,9,1,0.898250852651977,0.017657478895191536,0.14285716747988472,4.695375942221848,0.017925883885250387
d76f4a61474cfb29,n=20 sat_exact,frontier,20,70,4,1,10,1,0.880949611662611,0.012016234498925638,0.1428571674798851,3.9087211410903935,0.010974599312636746
d76f4a61474cfb29,n=20 sat_exact,frontier,20,70,4,1,11,1,0.8822294600109859,0.017761590533937888,0.14285716747988492,3.739157968634451,0.013725398325576054
d76f4a61474cfb29,n=20 sat_exact,frontier,20,70,4,1,17,1,0.909122857936564,0.012439974228429573,0.14285716747988514,4.96221327214425,0.01655332821165408
d76f4a61474cfb29,n=20 sat_exact,frontier,20,70,4,2,6,1,0.9101450010156653,0.016841785255528263,0.14285716747988533,4.715446548400407,0.04039573419505137
d76f4a61474cfb29,n=20 sat_exact,frontier,20,70,4,2,9,1,0.9437880271135275,0.011569070565403905,0.14285716747988503,6.39287498038964,0.09339996630985908
d76f4a61474cfb29,n=20 sat_exact,frontier,20,70,4,2,13,1,0.8636664359435478,0.022023914458896954,0.14285716747988475,3.054146477580712,0.1287394514944401
d76f4a61474cfb29,n=20 sat_exact,frontier,20,70,4,2,17,1,0.7883708753146874,0.022267623949587367,0.14285716747988478,2.0947142464844783,0.08624848332062791
d76f4a61474cfb29,n=20 sat_exact,frontier,20,70,4,2,18,1,0.8976847091902838,0.016999575982376447,0.14285716747988467,3.8234785219180023,0.012590631761854406
d76f4a61474cfb29,n=20 sat_exact,frontier,20,70,4,3,7,1,0.9096363213296867,0.01632303108490496,0.14285716747988467,4.806032096001369,0.20495907458264365
d76f4a61474cfb29,n=20 sat_exact,frontier,20,70,4,3,10,1,0.8607367615627743,0.01773068733514571,0.1428571674798848,3.466285291404608,0.08308850323214262
d76f4a61474cfb29,n=20 sat_exact,frontier,20,70,4,3,16,1,0.9200782386000808,0.016185705561390096,0.14285716747988544,3.7707059486641312,0.0576222517942341
d76f4a61474cfb29,n=20 sat_exact,frontier,20,70,4,3,17,1,0.9200782386000799,0.01695511221811352,0.14285716747988478,5.484729540696385,0.12532496407709734
d76f4a61474cfb29,n=20 sat_exact,frontier,20,70,4,3,19,1,0.8841528375530978,0.021890663794894127,0.14285716747988467,4.429825416351844,0.12915259313069685
d76f4a61474cfb29,n=20 sat_exact,frontier,20,70,4,4,6,1,0.9186883342214114,0.012273632804182144,0.14285716747988467,3.979453398005639,0.07476367623400254
d76f4a61474cfb29,n=20 sat_exact,frontier,20,70,4,4,7,1,0.8320896494751158,0.016909758651443507,0.1428571674798851,2.610974836539003,0.26105749818254953
d76f4a61474cfb29,n=20 sat_exact,frontier,20,70,4,4,12,1,0.8636664359435504,0.022272136900446382,0.14285716747988467,4.074128012070131,0.3527642288542187
d76f4a61474cfb29,n=20 sat_exact,frontier,20,70,4,4,14,1,0.9333559568002623,0.011642184538122491,0.1428571674798849,6.096411304919576,0.018163221751350836
d76f4a61474cfb29,n=20 sat_exact,frontier,20,70,4,4,15,1,0.9337454869884669,0.011808935652391606,0.14285716747988486,6.2522769899666,0.11345869089966619
d76f4a61474cfb29,n=20 sat_exact,frontier,20,70,4,4,18,1,0.8982508526519761,0.017674399186943912,0.142857167479885,4.07464802356718,0.023302507935111315
d76f4a61474cfb29,n=20 sat_exact,frontier,20,70,4,5,6,1,0.8841528375530943,0.021512352644244226,0.14285716747988458,3.529231215998143,0.11230873814734704
d76f4a61474cfb29,n=20 sat_exact,frontier,20,70,4,5,7,1,0.8982508526519752,0.016732210142129222,0.14285716747988497,3.5624822768819246,0.39215618709037176
d76f4a61474cfb29,n=20 sat_exact,frontier,20,70,4,5,8,1,0.9269090954622841,0.011367540053401015,0.14285716747988478,6.344940538622387,0.03168500397579394
d76f4a61474cfb29,n=20 sat_exact,frontier,20,70,4,5,11,1,0.8993913300321217,0.022172253701920885,0.14285716747988497,3.7874944172701808,0.19882415229155892
d76f4a61474cfb29,n=20 sat_exact,frontier,20,70,4,5,12,1,0.8329500331497361,0.021874261011666896,0.14285716747988475,2.9474404244299404,0.5299164969113803
d76f4a61474cfb29,n=20 sat_exact,frontier,20,70,4,5,19,1,0.9101450010156626,0.016659894934487607,0.14285716747988492,3.6604745632706606,0.24711269104869968
d76f4a61474cfb29,n=20 sat_exact,frontier,20,70,4,6,14,1,0.7883708753146847,0.022206133994222776,0.14285716747988458,1.7346431243480673,0.0062238128936548945
d76f4a61474cfb29,n=20 sat_exact,frontier,20,70,4,6,16,1,0.8629341188104358,0.020945282171719315,0.14285716747988522,3.7595251078431406,0.02514912554238306
d76f4a61474cfb29,n=20 sat_exact,frontier,20,70,4,6,18,1,0.926486909213811,0.010491616083232458,0.1428571674798849,5.667326093688522,0.007984841639135695
d76f4a61474cfb29,n=20 sat_exact,frontier,20,70,4,7,13,1,0.7134066742883847,0.027140609824794826,0.1428571674798849,2.144743558849964,0.285086047625949
d76f4a61474cfb29,n=20 sat_exact,frontier,20,70,4,7,15,1,0.8982508526519761,0.017497833122398276,0.14285716747988472,4.9540796541748735,0.13575221819317623
d76f4a61474cfb29,n=20 sat_exact,frontier,20,70,4,7,19,1,0.9333559568002623,0.010984040086279068,0.1428571674798846,5.713943640744998,0.19682547895748279
d76f4a61474cfb29,n=20 sat_exact,frontier,20,70,4,8,11,1,0.9086153284993226,0.011946609180455203,0.1428571674798849,4.93515651239259,0.012795289040195262
d76f4a61474cfb29,n=20 sat_exact,frontier,20,70,4,8,12,1,0.9086153284993181,0.011254791833763544,0.1428571674798845,5.027308079815772,0.03410267146622063
d76f4a61474cfb29,n=20 sat_exact,frontier,20,70,4,8,14,1,0.8607367615627735,0.017715197243235226,0.14285716747988472,3.538909555501856,0.0017558877388625638
d76f4a61474cfb29,n=20 sat_exact,frontier,20,70,4,8,15,1,0.8286939398450417,0.011975697922872452,0.14285716747988497,2.489085735656261,0.010968358309191758
d76f4a61474cfb29,n=20 sat_exact,frontier,20,70,4,8,17,1,0.8600094453588949,0.017254693380651664,0.14285716747988497,3.1527741080055978,0.015431582677688375
d76f4a61474cfb29,n=20 sat_exact,frontier,20,70,4,8,19,1,0.8607367615627761,0.017778699448912638,0.1428571674798848,3.823723375717307,0.015902888411826122
d76f4a61474cfb29,n=20 sat_exact,frontier,20,70,4,9,10,1,0.8822294600109877,0.017590200721691707,0.14285716747988467,3.842870337491889,0.0838464756135711
d76f4a61474cfb29,n=20 sat_exact,frontier,20,70,4,9,12,1,0.8329500331497344,0.02157130120467765,0.14285716747988533,2.518941168725037,0.27948557434973786
d76f4a61474cfb29,n=20 sat_exact,frontier,20,70,4,9,13,1,0.9329667543190303,0.010861220938472416,0.1428571674798848,5.45517542352386,0.18877377172964843
d76f4a61474cfb29,n=20 sat_exact,frontier,20,70,4,9,18,1,0.8976847091902767,0.015746607258191547,0.1428571674798849,4.806265554032084,0.018461947899840257
d76f4a61474cfb29,n=20 sat_exact,frontier,20,70,4,9,19,1,0.787355294025168,0.021232561929767968,0.14285716747988472,2.329631130974022,0.13033078379215854
d76f4a61474cfb29,n=20 sat_exact,frontier,20,70,4,10,11,1,0.9106542550581413,0.017115404815371216,0.142857167479885,4.02746861534434,0.06419913703328596
d76f4a61474cfb29,n=20 sat_exact,frontier,20,70,4,10,13,1,0.9264869092138146,0.011096990721982669,0.14285716747988506,5.435515185758,0.11557123312467046
d76f4a61474cfb29,n=20 sat_exact,frontier,20,70,4,10,14,1,0.8329500331497379,0.02213938270054383,0.142857167479885,3.270860625459904,0.008809998524315018
d76f4a61474cfb29,n=20 sat_exact,frontier,20,70,4,10,16,1,0.9269090954622823,0.011208411413407449,0.14285716747988478,5.454137745863102,0.03559936050489075
d76f4a61474cfb29,n=20 sat_exact,frontier,20,70,4,11,15,1,0.832950033149737,0.022591082497131154,0.14285716747988483,3.7868842814432986,0.0688267088279727
d76f4a61474cfb29,n=20 sat_exact,frontier,20,70,4,11,16,1,0.9196160812668936,0.01671597897533328,0.1428571674798846,4.670338023928991,0.04452239112755466
d76f4a61474cfb29,n=20 sat_exact,frontier,20,70,4,11,17,1,0.926486909213811,0.012072297380154584,0.1428571674798851,4.374638547740542,0.09683354771716152
d76f4a61474cfb29,n=20 sat_exact,frontier,20,70,4,12,13,1,0.909636321329685,0.01581101507091187,0.14285716747988458,4.443570352348901,0.38523375290121237
d76f4a61474cfb29,n=20 sat_exact,frontier,20,70,4,12,14,1,0.9437880271135284,0.011390646814102512,0.1428571674798846,6.019407397308539,0.029366380394288058
d76f4a61474cfb29,n=20 sat_exact,frontier,20,70,4,12,17,1,0.8993913300321226,0.021462043705960054,0.14285716747988467,3.95876288043506,0.2580858200493269
d76f4a61474cfb29,n=20 sat_exact,frontier,20,70,4,13,14,1,0.910145001015668,0.016048381431044367,0.1428571674798849,4.483889785211647,0.019835021546193647
d76f4a61474cfb29,n=20 sat_exact,frontier,20,70,4,13,16,1,0.832950033149737,0.02176752678844629,0.1428571674798846,3.3616852248721014,0.08014917150058477
d76f4a61474cfb29,n=20 sat_exact,frontier,20,70,4,14,15,1,0.9106542550581405,0.01747147730267229,0.14285716747988458,3.8227424261394827,0.009445036666046023
d76f4a61474cfb29,n=20 sat_exact,frontier,20,70,4,15,18,1,0.897684709190282,0.017039433099627965,0.14285716747988508,3.9639336197907022,0.012117511137118942
d76f4a61474cfb29,n=20 sat_exact,frontier,20,70,4,15,19,1,0.9391585096177653,0.012288825996250363,0.14285716747988486,4.70459663173555,0.08554269206471907
d76f4a61474cfb29,n=20 sat_exact,frontier,20,70,4,16,17,1,0.8982508526519752,0.016094585759561353,0.1428571674798847,4.708822867071599,0.053695618562029326
d76f4a61474cfb29,n=20 sat_exact,frontier,20,70,4,16,18,1,0.8329500331497361,0.02105643441366256,0.14285716747988472,3.1908236608568785,0.007838535061842795
d76f4a61474cfb29,n=20 sat_exact,frontier,20,70,4,18,19,1,0.8976847091902784,0.015754741028801922,0.14285716747988522,4.875935504433308,0.01756903102638182
d76f4a61474cfb29+1,n=20 sat_exact (+1 edge),perturbed,20,71,4,0,1,1,0.8347987020497851,0.017143809847571134,0.1464102569014503,2.39833898192912,
d76f4a61474cfb29+1,n=20 sat_exact (+1 edge),perturbed,20,71,4,0,2,1,0.9012262305975374,0.0168642600842015,0.14343341804534607,4.039432569688339,
d76f4a61474cfb29+1,n=20 sat_exact (+1 edge),perturbed,20,71,4,0,3,1,0.8645354590670418,0.016883987093933905,0.1464960406644804,2.7873309863338256,
d76f4a61474cfb29+1,n=20 sat_exact (+1 edge),perturbed,20,71,4,0,4,1,0.7926219024168382,0.016109251518947154,0.1271942802140203,3.403633248091648,
d76f4a61474cfb29+1,n=20 sat_exact (+1 edge),perturbed,20,71,4,0,5,1,0.9225239926712443,0.01627304466272861,0.143632337871116,5.514512502149058,
d76f4a61474cfb29+1,n=20 sat_exact (+1 edge),perturbed,20,71,4,0,6,1,0.9206638608486375,0.011302201102290299,0.1461819685385913,6.2884026150405115,
d76f4a61474cfb29+1,n=20 sat_exact (+1 edge),perturbed,20,71,4,0,7,1,0.9287274314633387,0.011446042300319759,0.14665169807505854,5.5973751534264915,
d76f4a61474cfb29+1,n=20 sat_exact (+1 edge),perturbed,20,71,4,1,2,1,0.9358219859009265,0.011728998936388013,0.14328451633731445,5.283911839858598,
d76f4a61474cfb29+1,n=20 sat_exact (+1 edge),perturbed,20,71,4,1,3,1,0.9215905519638912,0.012559285105912421,0.14634713895644866,4.601228043553314,
d76f4a61474cfb29+1,n=20 sat_exact (+1 edge),perturbed,20,71,4,1,9,1,0.90122623059754,0.01760975072920279,0.14643271414467182,4.686451954228958,
d76f4a61474cfb29+1,n=20 sat_exact (+1 edge),perturbed,20,71,4,1,10,1,0.8862089235529775,0.010792798396016545,0.12708601020585078,3.9172479188832945,
d76f4a61474cfb29+1,n=20 sat_exact (+1 edge),perturbed,20,71,4,1,11,1,0.8855662991441737,0.017693689353731612,0.14686027763024184,3.7127363146390944,
d76f4a61474cfb29+1,n=20 sat_exact (+1 edge),perturbed,20,71,4,1,17,1,0.9117996052540591,0.012341797877553962,0.14357908543051276,4.928711680176468,
d76f4a61474cfb29+1,n=20 sat_exact (+1 edge),perturbed,20,71,4,2,6,1,0.9128275739830545,0.016618994713163637,0.14305622797445489,4.720466210744094,
d76f4a61474cfb29+1,n=20 sat_exact (+1 edge),perturbed,20,71,4,2,9,1,0.945596638875775,0.011507862958626491,0.14345587528856715,6.2762837157614175,
d76f4a61474cfb29+1,n=20 sat_exact (+1 edge),perturbed,20,71,4,2,13,1,0.8674905325823308,0.021674130053038088,0.14262458867638228,3.0866395861125753,
d76f4a61474cfb29+1,n=20 sat_exact (+1 edge),perturbed,20,71,4,2,17,1,0.5582713219083417,0.021906088595051276,0.140602246574406,2.314600804470325,
d76f4a61474cfb29+1,n=20 sat_exact (+1 edge),perturbed,20,71,4,2,18,1,0.9006564395973062,0.01676765152442794,0.14354312553304702,3.847289963530535,
d76f4a61474cfb29+1,n=20 sat_exact (+1 edge),perturbed,20,71,4,3,7,1,0.9123159902599318,0.016122611230046546,0.14658858013005846,4.7801910336894755,
d76f4a61474cfb29+1,n=20 sat_exact (+1 edge),perturbed,20,71,4,3,10,1,0.7926219024168355,0.016015755202481996,0.12717179396888045,3.4716096002655075,
d76f4a61474cfb29+1,n=20 sat_exact (+1 edge),perturbed,20,71,4,3,16,1,0.9225239926712452,0.01619900835394006,0.1460575715572006,3.816618785946063,
d76f4a61474cfb29+1,n=20 sat_exact (+1 edge),perturbed,20,71,4,3,17,1,0.9225239926712407,0.016725392098063008,0.1436648691935424,5.387848945447083,
d76f4a61474cfb29+1,n=20 sat_exact (+1 edge),perturbed,20,71,4,3,19,1,0.8875038932340256,0.021543324811833298,0.14367400733256835,4.3846856999500545,
d76f4a61474cfb29+1,n=20 sat_exact (+1 edge),perturbed,20,71,4,4,6,1,0.912827573983058,0.011326822745008958,0.12681709014312925,3.9654195178223235,
d76f4a61474cfb29+1,n=20 sat_exact (+1 edge),perturbed,20,71,4,4,7,1,0.7946827047043574,0.015190208453529364,0.12728681967959649,2.6727595297270725,
d76f4a61474cfb29+1,n=20 sat_exact (+1 edge),perturbed,20,71,4,4,10,0,0.00010355610569945384,0.01888534689916943,0.10787003351841869,0.31928979955994785,
d76f4a61474cfb29+1,n=20 sat_exact (+1 edge),perturbed,20,71,4,4,12,1,0.8399824904854172,0.020573554600224142,0.12724301541612573,4.154268235315693,
d76f4a61474cfb29+1,n=20 sat_exact (+1 edge),perturbed,20,71,4,4,14,1,0.9354307982379564,0.006324053722652989,0.1296667009317433,6.060053788694562,
d76f4a61474cfb29+1,n=20 sat_exact (+1 edge),perturbed,20,71,4,4,15,1,0.9225239926712425,0.010848819619590833,0.12661807285776658,6.324991764437369,
d76f4a61474cfb29+1,n=20 sat_exact (+1 edge),perturbed,20,71,4,4,18,1,0.8875038932340247,0.01583177336396635,0.12730398770171983,4.0461244105306315,
d76f4a61474cfb29+1,n=20 sat_exact (+1 edge),perturbed,20,71,4,5,6,1,0.8875038932340265,0.021183681062326265,0.14325514780022472,3.5661408029969826,
d76f4a61474cfb29+1,n=20 sat_exact (+1 edge),perturbed,20,71,4,5,7,1,0.9012262305975418,0.016512679773259098,0.1437248773366921,3.585897025865421,
d76f4a61474cfb29+1,n=20 sat_exact (+1 edge),perturbed,20,71,4,5,8,1,0.9215905519638903,0.011312501750823545,0.14081390147561018,6.353081800918281,
d76f4a61474cfb29+1,n=20 sat_exact (+1 edge),perturbed,20,71,4,5,11,1,0.9023740525588972,0.021812747708242153,0.1440823585999089,3.770983193382836,
d76f4a61474cfb29+1,n=20 sat_exact (+1 edge),perturbed,20,71,4,5,12,1,0.8373825106655954,0.021528712644662606,0.14368107307322092,2.8692915531062817,
d76f4a61474cfb29+1,n=20 sat_exact (+1 edge),perturbed,20,71,4,5,19,1,0.885566299144172,0.016444513355390766,0.14081030453920357,3.7591327387920357,
d76f4a61474cfb29+1,n=20 sat_exact (+1 edge),perturbed,20,71,4,6,14,1,0.7936509518124173,0.02268188944680727,0.14865438925631602,1.750439329848373,
d76f4a61474cfb29+1,n=20 sat_exact (+1 edge),perturbed,20,71,4,6,16,1,0.8667518536988434,0.020641392983236972,0.14574349943131118,3.730304482779718,
d76f4a61474cfb29+1,n=20 sat_exact (+1 edge),perturbed,20,71,4,6,18,1,0.9287274314633414,0.010662386952084546,0.14629167602629228,5.642527111059565,
d76f4a61474cfb29+1,n=20 sat_exact (+1 edge),perturbed,20,71,4,7,13,1,0.7198807972327264,0.026636568906207803,0.1458428687060946,2.183873950029137,
d76f4a61474cfb29+1,n=20 sat_exact (+1 edge),perturbed,20,71,4,7,15,1,0.9012262305975391,0.017432697392780083,0.1460754907188051,4.930517467856936,
d76f4a61474cfb29+1,n=20 sat_exact (+1 edge),perturbed,20,71,4,7,19,1,0.9354307982379573,0.010949227948961804,0.14382966474314654,5.706354756923547,
d76f4a61474cfb29+1,n=20 sat_exact (+1 edge),perturbed,20,71,4,8,11,1,0.9112891816245869,0.011869080369595997,0.1441907429427676,4.911291868303708,
d76f4a61474cfb29+1,n=20 sat_exact (+1 edge),perturbed,20,71,4,8,12,1,0.9112891816245852,0.011157862935591956,0.1437894574160817,5.0010145486641155,
d76f4a61474cfb29+1,n=20 sat_exact (+1 edge),perturbed,20,71,4,8,14,1,0.86453545906704,0.017546401716853843,0.14621314293169896,3.546370124457716,
d76f4a61474cfb29+1,n=20 sat_exact (+1 edge),perturbed,20,71,4,8,15,1,0.8330819315324676,0.011842027655735832,0.14316451485772255,2.4847706267656915,
d76f4a61474cfb29+1,n=20 sat_exact (+1 edge),perturbed,20,71,4,8,17,1,0.8645354590670418,0.017014044460579747,0.14090955074303874,3.2026834247658873,
d76f4a61474cfb29+1,n=20 sat_exact (+1 edge),perturbed,20,71,4,8,19,1,0.8356550287970825,0.017515462688952432,0.14091868888206413,3.878289648584545,
d76f4a61474cfb29+1,n=20 sat_exact (+1 edge),perturbed,20,71,4,9,10,1,0.866751853698847,0.015834304480008665,0.12725736915710356,3.8720283684259558,
d76f4a61474cfb29+1,n=20 sat_exact (+1 edge),perturbed,20,71,4,9,12,1,0.8373825106655954,0.02123947127540693,0.14663035105480832,2.565403968680613,
d76f4a61474cfb29+1,n=20 sat_exact (+1 edge),perturbed,20,71,4,9,13,1,0.9350399403734815,0.010995399206567225,0.14577278648373931,5.4526623870877335,
d76f4a61474cfb29+1,n=20 sat_exact (+1 edge),perturbed,20,71,4,9,18,1,0.9006564395973009,0.015572611670535919,0.1466913233404026,4.847850890655945,
d76f4a61474cfb29+1,n=20 sat_exact (+1 edge),perturbed,20,71,4,9,19,1,0.7926219024168399,0.020915421328540296,0.14375958252079113,2.3492611328179764,
d76f4a61474cfb29+1,n=20 sat_exact (+1 edge),perturbed,20,71,4,10,11,1,0.9023740525588981,0.015428671166565655,0.12768493264267367,4.122372032032105,
d76f4a61474cfb29+1,n=20 sat_exact (+1 edge),perturbed,20,71,4,10,13,1,0.9128275739830589,0.010344953819968028,0.12642608254491702,5.530763625806964,
d76f4a61474cfb29+1,n=20 sat_exact (+1 edge),perturbed,20,71,4,10,14,1,0.8373825106655963,0.015804395488431044,0.12970733263160522,3.1128923852563513,
d76f4a61474cfb29+1,n=20 sat_exact (+1 edge),perturbed,20,71,4,10,16,1,0.9012262305975347,0.009936601465551975,0.1267964428066009,5.630133156111334,
d76f4a61474cfb29+1,n=20 sat_exact (+1 edge),perturbed,20,71,4,11,15,1,0.8373825106655954,0.022213868160114503,0.14643297198202163,3.7754094561978344,
d76f4a61474cfb29+1,n=20 sat_exact (+1 edge),perturbed,20,71,4,11,16,1,0.9220594654745748,0.016706111457556627,0.1465707102309953,4.6940722304350455,
d76f4a61474cfb29+1,n=20 sat_exact (+1 edge),perturbed,20,71,4,11,17,1,0.9287274314633387,0.011989568637481351,0.1441780078673355,4.398330805394056,
d76f4a61474cfb29+1,n=20 sat_exact (+1 edge),perturbed,20,71,4,12,13,1,0.9123159902599336,0.01558560656077801,0.14579906444262367,4.451250463365294,
d76f4a61474cfb29+1,n=20 sat_exact (+1 edge),perturbed,20,71,4,12,14,1,0.9455966388757715,0.012145201618924961,0.14908031452931167,6.061586595903671,
d76f4a61474cfb29+1,n=20 sat_exact (+1 edge),perturbed,20,71,4,12,17,1,0.9023740525588964,0.021135778014267137,0.1437767223406476,3.880699527066549,
d76f4a61474cfb29+1,n=20 sat_exact (+1 edge),perturbed,20,71,4,13,14,1,0.9128275739830598,0.01668374505325909,0.14822274995824292,4.481215874335644,
d76f4a61474cfb29+1,n=20 sat_exact (+1 edge),perturbed,20,71,4,13,16,1,0.8373825106655954,0.02156845066442936,0.14531186013323855,3.2751999254544146,
d76f4a61474cfb29+1,n=20 sat_exact (+1 edge),perturbed,20,71,4,14,15,1,0.9133397369850198,0.017941793415456653,0.1484553719709529,3.8787310083656314,
d76f4a61474cfb29+1,n=20 sat_exact (+1 edge),perturbed,20,71,4,15,18,1,0.9006564395973045,0.01699350111163378,0.14609265874093003,3.937291081326676,
d76f4a61474cfb29+1,n=20 sat_exact (+1 edge),perturbed,20,71,4,15,19,1,0.9410913600365638,0.012196352837944069,0.1431609179213164,4.6312231526261405,
d76f4a61474cfb29+1,n=20 sat_exact (+1 edge),perturbed,20,71,4,16,17,1,0.9012262305975391,0.015905208015435157,0.14328951803126241,4.6312682583048685,
d76f4a61474cfb29+1,n=20 sat_exact (+1 edge),perturbed,20,71,4,16,18,1,0.8373825106655937,0.02074569795806669,0.14623039698990373,3.2079818486095686,
d76f4a61474cfb29+1,n=20 sat_exact (+1 edge),perturbed,20,71,4,18,19,1,0.9006564395973027,0.015579612199818627,0.1438468327652713,4.852129438820069,
c85eb47ebbd5a012,n=25 sat_exact,frontier,25,85,5,0,9,1,0.9252253179578211,0.018481783360899007,0.16693814517428912,6.1233424621853825,
c85eb47ebbd5a012,n=25 sat_exact,frontier,25,85,5,0,10,1,0.925225317957822,0.018481783360899007,0.16693814517428832,6.123342462185381,
c85eb47ebbd5a012,n=25 sat_exact,frontier,25,85,5,0,11,1,0.9534974107124388,0.013231822386465586,0.16691630986352413,7.259499188495414,
c85eb47ebbd5a012,n=25 sat_exact,frontier,25,85,5,0,12,1,0.9534974107124379,0.013231822386465586,0.16691630986352565,7.259499188495409,
c85eb47ebbd5a012,n=25 sat_exact,frontier,25,85,5,0,13,1,0.9132604655789551,0.018993618087314257,0.16614553996731693,5.128417578580931,
c85eb47ebbd5a012,n=25 sat_exact,frontier,25,85,5,0,14,1,0.9132604655789542,0.018993618087314035,0.16614553996731757,5.128417578580932,
c85eb47ebbd5a012,n=25 sat_exact,frontier,25,85,5,1,4,1,0.9638554851851655,0.014398747637683673,0.1935897992382499,7.283218247675987,
c85eb47ebbd5a012,n=25 sat_exact,frontier,25,85,5,1,16,1,0.9025417735245291,0.018551367758409487,0.16711447251526604,5.0785404397204825,
c85eb47ebbd5a012,n=25 sat_exact,frontier,25,85,5,1,20,1,0.9285434129254249,0.01753471882909352,0.1629343749481121,6.9897594264799014,
c85eb47ebbd5a012,n=25 sat_exact,frontier,25,85,5,1,21,1,0.8996048980947018,0.017906308225159595,0.15899988941149426,5.847600877245483,
c85eb47ebbd5a012,n=25 sat_exact,frontier,25,85,5,1,22,1,0.9217079611217729,0.018206207192464463,0.15899988941149507,6.032601253687545,
c85eb47ebbd5a012,n=25 sat_exact,frontier,25,85,5,1,24,1,0.9373879403634922,0.012582775285741032,0.1583615800928814,6.016649036410156,
c85eb47ebbd5a012,n=25 sat_exact,frontier,25,85,5,2,3,1,0.9638554851851655,0.014398747637683673,0.19358979923825012,7.283218247675984,
c85eb47ebbd5a012,n=25 sat_exact,frontier,25,85,5,2,15,1,0.90254177352453,0.018551367758409487,0.16711447251526618,5.078540439720476,
c85eb47ebbd5a012,n=25 sat_exact,frontier,25,85,5,2,19,1,0.9285434129254257,0.01753471882909352,0.16293437494811114,6.989759426479909,
c85eb47ebbd5a012,n=25 sat_exact,frontier,25,85,5,2,21,1,0.9217079611217729,0.018206207192464463,0.15899988941149476,6.0326012536875435,
c85eb47ebbd5a012,n=25 sat_exact,frontier,25,85,5,2,22,1,0.8996048980947018,0.017906308225159595,0.15899988941149532,5.847600877245475,
c85eb47ebbd5a012,n=25 sat_exact,frontier,25,85,5,2,23,1,0.9373879403634922,0.012582775285741032,0.15836158009288134,6.016649036410175,
c85eb47ebbd5a012,n=25 sat_exact,frontier,25,85,5,3,17,1,0.9285434129254213,0.01771713417202836,0.16676423403374835,7.051904645031541,
c85eb47ebbd5a012,n=25 sat_exact,frontier,25,85,5,3,19,1,0.9428209696297518,0.018539435643554647,0.16318151068255576,5.5469046360856815,
c85eb47ebbd5a012,n=25 sat_exact,frontier,25,85,5,3,21,1,0.9176327656106142,0.017979980410462337,0.15924702514593714,5.729874682784173,
c85eb47ebbd5a012,n=25 sat_exact,frontier,25,85,5,3,23,1,0.8752911115275817,0.02461289720430404,0.15860871582732355,3.816188953132156,
c85eb47ebbd5a012,n=25 sat_exact,frontier,25,85,5,3,24,1,0.9269199793149507,0.016892757963423932,0.15860871582732233,7.187545188433979,
c85eb47ebbd5a012,n=25 sat_exact,frontier,25,85,5,4,18,1,0.9285434129254213,0.01771713417202836,0.16676423403374932,7.051904645031541,
c85eb47ebbd5a012,n=25 sat_exact,frontier,25,85,5,4,20,1,0.9428209696297527,0.018539435643554647,0.16318151068255493,5.5469046360856735,
c85eb47ebbd5a012,n=25 sat_exact,frontier,25,85,5,4,22,1,0.9176327656106151,0.017979980410462337,0.15924702514593617,5.729874682784164,
c85eb47ebbd5a012,n=25 sat_exact,frontier,25,85,5,4,23,1,0.9269199793149516,0.016892757963423932,0.15860871582732378,7.187545188433984,
c85eb47ebbd5a012,n=25 sat_exact,frontier,25,85,5,4,24,1,0.8752911115275817,0.02461289720430404,0.15860871582732236,3.8161889531321536,
c85eb47ebbd5a012,n=25 sat_exact,frontier,25,85,5,5,7,1,0.9485924625953519,0.012080516388460083,0.14835740387758453,6.565194481477618,
c85eb47ebbd5a012,n=25 sat_exact,frontier,25,85,5,5,9,1,0.9038011911437307,0.017655373182843936,0.1439786825574326,5.228962667446554,
c85eb47ebbd5a012,n=25 sat_exact,frontier,25,85,5,5,13,1,0.8883894028068564,0.02317493832501416,0.1431860773504601,4.714513248978285,
c85eb47ebbd5a012,n=25 sat_exact,frontier,25,85,5,5,15,1,0.9569274865987563,0.005825641893149047,0.14548567165360318,8.569601541057194,
c85eb47ebbd5a012,n=25 sat_exact,frontier,25,85,5,5,17,1,0.8697868235810331,0.017021671818608253,0.1448882974376447,3.5103693064956207,
c85eb47ebbd5a012,n=25 sat_exact,frontier,25,85,5,5,21,1,0.81315544642717,0.022609795618296014,0.13737108854983177,3.3588700235151006,
c85eb47ebbd5a012,n=25 sat_exact,frontier,25,85,5,5,23,1,0.8710892348306754,0.022491487948157474,0.1367327792312181,4.60892193985986,
c85eb47ebbd5a012,n=25 sat_exact,frontier,25,85,5,6,8,1,0.9485924625953519,0.012080516388460305,0.14835740387758498,6.565194481477606,
c85eb47ebbd5a012,n=25 sat_exact,frontier,25,85,5,6,10,1,0.9038011911437307,0.017655373182843936,0.14397868255743176,5.228962667446536,
c85eb47ebbd5a012,n=25 sat_exact,frontier,25,85,5,6,14,1,0.8883894028068555,0.02317493832501416,0.14318607735046057,4.714513248978291,
c85eb47ebbd5a012,n=25 sat_exact,frontier,25,85,5,6,16,1,0.9569274865987563,0.005825641893149047,0.14548567165360254,8.569601541057194,
c85eb47ebbd5a012,n=25 sat_exact,frontier,25,85,5,6,18,1,0.869786823581034,0.017021671818608253,0.14488829743764406,3.5103693064956203,
c85eb47ebbd5a012,n=25 sat_exact,frontier,25,85,5,6,22,1,0.81315544642717,0.022609795618296014,0.1373710885498322,3.358870023515092,
c85eb47ebbd5a012,n=25 sat_exact,frontier,25,85,5,6,24,1,0.8710892348306754,0.022491487948157474,0.1367327792312185,4.608921939859853,
c85eb47ebbd5a012,n=25 sat_exact,frontier,25,85,5,7,12,1,0.8844671988067523,0.022464541092427348,0.142229189343773,4.469407469371782,
c85eb47ebbd5a012,n=25 sat_exact,frontier,25,85,5,7,13,1,0.9561150378589165,0.005701048389950003,0.14145841944756615,8.821378203942563,
c85eb47ebbd5a012,n=25 sat_exact,frontier,25,85,5,7,14,1,0.7893286772442281,0.02317493832501416,0.14145841944756496,3.1573767760290856,
c85eb47ebbd5a012,n=25 sat_exact,frontier,25,85,5,7,15,1,0.847820139696676,0.0232204277228365,0.1437580137507094,3.819527944229459,
c85eb47ebbd5a012,n=25 sat_exact,frontier,25,85,5,7,17,1,0.8913575462061685,0.017008091820838622,0.1431606395347494,4.437204130755539,
c85eb47ebbd5a012,n=25 sat_exact,frontier,25,85,5,7,19,1,0.8976869708591737,0.016859704330897785,0.13957791618355428,5.18811290257946,
c85eb47ebbd5a012,n=25 sat_exact,frontier,25,85,5,8,11,1,0.8844671988067514,0.022464541092427348,0.142229189343774,4.46940746937178,
c85eb47ebbd5a012,n=25 sat_exact,frontier,25,85,5,8,13,1,0.7893286772442281,0.02317493832501416,0.14145841944756637,3.157376776029091,
c85eb47ebbd5a012,n=25 sat_exact,frontier,25,85,5,8,14,1,0.9561150378589165,0.005701048389949781,0.14145841944756515,8.821378203942572,
c85eb47ebbd5a012,n=25 sat_exact,frontier,25,85,5,8,16,1,0.847820139696676,0.0232204277228365,0.14375801375070915,3.819527944229459,
c85eb47ebbd5a012,n=25 sat_exact,frontier,25,85,5,8,18,1,0.8913575462061676,0.017008091820838622,0.14316063953474842,4.437204130755538,
c85eb47ebbd5a012,n=25 sat_exact,frontier,25,85,5,8,20,1,0.8976869708591737,0.016859704330897785,0.1395779161835537,5.188112902579446,
c85eb47ebbd5a012,n=25 sat_exact,frontier,25,85,5,9,10,1,0.7735365135217327,0.021256731142007768,0.1378723033343837,2.8303301287859637,
c85eb47ebbd5a012,n=25 sat_exact,frontier,25,85,5,9,11,1,0.9476448075503576,0.010681547685106763,0.13785046802361944,7.066325913957745,
c85eb47ebbd5a012,n=25 sat_exact,frontier,25,85,5,9,15,1,0.8948239739764219,0.01707723961965968,0.13937929243055336,5.410879727812618,
c85eb47ebbd5a012,n=25 sat_exact,frontier,25,85,5,9,17,1,0.9250243521699888,0.011229560699894003,0.13878191821459512,6.285912056459911,
c85eb47ebbd5a012,n=25 sat_exact,frontier,25,85,5,9,19,1,0.8237715703990665,0.02263325848554154,0.13519919486340032,4.13216412959788,
c85eb47ebbd5a012,n=25 sat_exact,frontier,25,85,5,10,12,1,0.9476448075503576,0.010681547685106763,0.13785046802362017,7.06632591395774,
c85eb47ebbd5a012,n=25 sat_exact,frontier,25,85,5,10,16,1,0.8948239739764237,0.01707723961965968,0.13937929243055408,5.410879727812618,
c85eb47ebbd5a012,n=25 sat_exact,frontier,25,85,5,10,18,1,0.9250243521699897,0.011229560699894003,0.13878191821459523,6.285912056459911,
c85eb47ebbd5a012,n=25 sat_exact,frontier,25,85,5,10,20,1,0.8237715703990665,0.02263325848554154,0.1351991948634007,4.132164129597885,
c85eb47ebbd5a012,n=25 sat_exact,frontier,25,85,5,11,12,1,0.8407418888919871,0.021944947710664575,0.13782863271285595,4.411770306124023,
c85eb47ebbd5a012,n=25 sat_exact,frontier,25,85,5,11,14,1,0.8978187159000823,0.016491213492060286,0.13705786281664784,5.541088746879102,
c85eb47ebbd5a012,n=25 sat_exact,frontier,25,85,5,11,15,1,0.8125057378670713,0.021847652295143405,0.13935745711979192,3.521990198037739,
c85eb47ebbd5a012,n=25 sat_exact,frontier,25,85,5,11,17,1,0.8658732992697145,0.0225918936934415,0.13876008290383177,4.091558904356155,
c85eb47ebbd5a012,n=25 sat_exact,frontier,25,85,5,12,13,1,0.8978187159000814,0.016491213492060286,0.13705786281664664,5.541088746879102,
c85eb47ebbd5a012,n=25 sat_exact,frontier,25,85,5,12,16,1,0.8125057378670713,0.021847652295143405,0.13935745711979128,3.521990198037739,
c85eb47ebbd5a012,n=25 sat_exact,frontier,25,85,5,12,18,1,0.8658732992697145,0.0225918936934415,0.13876008290383215,4.091558904356155,
c85eb47ebbd5a012,n=25 sat_exact,frontier,25,85,5,13,14,1,0.924723590697111,0.011762190887959045,0.13628709292043856,5.627168198764198,
c85eb47ebbd5a012,n=25 sat_exact,frontier,25,85,5,13,19,1,0.7893286772442378,0.022502347007700818,0.13440658965642985,3.725625294771819,
c85eb47ebbd5a012,n=25 sat_exact,frontier,25,85,5,14,20,1,0.7893286772442369,0.02250234700770104,0.13440658965642965,3.7256252947718114,
c85eb47ebbd5a012,n=25 sat_exact,frontier,25,85,5,15,21,1,0.9116098992403812,0.016087142139926902,0.13277169842295433,5.534734970289844,
c85eb47ebbd5a012,n=25 sat_exact,frontier,25,85,5,15,23,1,0.9006384436569483,0.016681982225192682,0.13213338910434064,4.773203580022511,
c85eb47ebbd5a012,n=25 sat_exact,frontier,25,85,5,16,22,1,0.911609899240382,0.016087142139926902,0.1327716984229548,5.53473497028985,
c85eb47ebbd5a012,n=25 sat_exact,frontier,25,85,5,16,24,1,0.9006384436569483,0.016681982225192682,0.13213338910434094,4.7732035800225034,
c85eb47ebbd5a012,n=25 sat_exact,frontier,25,85,5,17,19,1,0.9405704696048423,0.010724792982052644,0.13610880974361286,7.2339202488084,
c85eb47ebbd5a012,n=25 sat_exact,frontier,25,85,5,17,24,1,0.7742723576418324,0.0211530258636361,0.13153601488838126,3.8260176133884105,
c85eb47ebbd5a012,n=25 sat_exact,frontier,25,85,5,18,20,1,0.9405704696048423,0.010724792982052644,0.13610880974361309,7.233920248808395,
c85eb47ebbd5a012,n=25 sat_exact,frontier,25,85,5,18,23,1,0.7742723576418324,0.0211530258636361,0.13153601488838165,3.8260176133884105,
c85eb47ebbd5a012,n=25 sat_exact,frontier,25,85,5,19,22,1,0.8593653121528799,0.020900819713794094,0.12859160085580001,4.453543011266444,
c85eb47ebbd5a012,n=25 sat_exact,frontier,25,85,5,20,21,1,0.859365312152879,0.020900819713794094,0.12859160085580046,4.453543011266439,
c85eb47ebbd5a012,n=25 sat_exact,frontier,25,85,5,21,24,1,0.8829833811017487,0.015758296024774632,0.12401880600056948,6.172710604886181,
c85eb47ebbd5a012,n=25 sat_exact,frontier,25,85,5,22,23,1,0.8829833811017487,0.015758296024774854,0.12401880600056779,6.172710604886179,
c85eb47ebbd5a012+1,n=25 sat_exact (+1 edge),perturbed,25,86,5,0,9,1,0.9277773917113619,0.018387654645168228,0.16822244917746051,6.157773275674046,
c85eb47ebbd5a012+1,n=25 sat_exact (+1 edge),perturbed,25,86,5,0,10,1,0.9277773917113601,0.018387654645168228,0.16778316264777346,6.178770579943696,
c85eb47ebbd5a012+1,n=25 sat_exact (+1 edge),perturbed,25,86,5,0,11,1,0.9498116090473063,0.013153144094276037,0.1649507661991293,6.998017600282962,
c85eb47ebbd5a012+1,n=25 sat_exact (+1 edge),perturbed,25,86,5,0,12,1,0.9552099293964389,0.013153144094276037,0.1677778996092545,7.387382631040198,
c85eb47ebbd5a012+1,n=25 sat_exact (+1 edge),perturbed,25,86,5,0,13,1,0.9161465419854311,0.018878353010765236,0.16694023397701202,5.276295755284106,
c85eb47ebbd5a012+1,n=25 sat_exact (+1 edge),perturbed,25,86,5,0,14,1,0.8970071785830616,0.018878353010765014,0.1643254815651007,4.850721462441186,
c85eb47ebbd5a012+1,n=25 sat_exact (+1 edge),perturbed,25,86,5,1,4,1,0.9652461311516642,0.014246896505713647,0.1947708111137906,7.110836332795817,
c85eb47ebbd5a012+1,n=25 sat_exact (+1 edge),perturbed,25,86,5,1,16,1,0.8906942424478119,0.017499095107576634,0.15241516561015636,5.254157608286045,
c85eb47ebbd5a012+1,n=25 sat_exact (+1 edge),perturbed,25,86,5,1,20,1,0.9310012219621244,0.01745604053690397,0.16470973900364283,6.983006926540891,
c85eb47ebbd5a012+1,n=25 sat_exact (+1 edge),perturbed,25,86,5,1,21,1,0.9028434986395633,0.017827629932970046,0.1602804416768868,5.990182270213333,
c85eb47ebbd5a012+1,n=25 sat_exact (+1 edge),perturbed,25,86,5,1,22,1,0.9243627161272894,0.01908616118846429,0.16555439781852826,5.9473712753772086,
c85eb47ebbd5a012+1,n=25 sat_exact (+1 edge),perturbed,25,86,5,1,24,1,0.9395623461104394,0.01271850762281801,0.16226944612722907,6.052317624637553,
c85eb47ebbd5a012+1,n=25 sat_exact (+1 edge),perturbed,25,86,5,2,3,1,0.9652461311516678,0.014518475269284403,0.19794544977287756,7.272134597919363,
c85eb47ebbd5a012+1,n=25 sat_exact (+1 edge),perturbed,25,86,5,2,15,1,0.9057023072961927,0.01845376330863413,0.1687846343797804,5.08184123498408,
c85eb47ebbd5a012+1,n=25 sat_exact (+1 edge),perturbed,25,86,5,2,19,1,0.9168402601784935,0.01658063735064097,0.1480141070898681,6.95125437376233,
c85eb47ebbd5a012+1,n=25 sat_exact (+1 edge),perturbed,25,86,5,2,21,1,0.9243627161272965,0.0181203483586565,0.16016360906871144,6.384807317233714,
c85eb47ebbd5a012+1,n=25 sat_exact (+1 edge),perturbed,25,86,5,2,22,1,0.902843498639557,0.018823216009993038,0.16543756521035421,5.795791081614959,
c85eb47ebbd5a012+1,n=25 sat_exact (+1 edge),perturbed,25,86,5,2,23,1,0.9395623461104359,0.012433892076795239,0.15965463881657835,5.879467402063348,
c85eb47ebbd5a012+1,n=25 sat_exact (+1 edge),perturbed,25,86,5,3,17,1,0.9310012219621173,0.017849308751695325,0.17049980424837233,7.034448966155203,
c85eb47ebbd5a012+1,n=25 sat_exact (+1 edge),perturbed,25,86,5,3,19,1,0.9284878345306362,0.016912790377765274,0.14840655045696644,5.6625062522859695,
c85eb47ebbd5a012+1,n=25 sat_exact (+1 edge),perturbed,25,86,5,3,21,1,0.9203978805313033,0.01790130211827279,0.16055605243581017,5.792263796172282,
c85eb47ebbd5a012+1,n=25 sat_exact (+1 edge),perturbed,25,86,5,3,23,1,0.8792285489902145,0.024321042714122054,0.1600470821836765,3.800530472203452,
c85eb47ebbd5a012+1,n=25 sat_exact (+1 edge),perturbed,25,86,5,3,24,1,0.929423998403438,0.016814079671234383,0.16254505688615306,7.143626808362907,
c85eb47ebbd5a012+1,n=25 sat_exact (+1 edge),perturbed,25,86,5,4,18,1,0.9159179430165105,0.01763845587983881,0.16498758030232105,6.956115427596217,
c85eb47ebbd5a012+1,n=25 sat_exact (+1 edge),perturbed,25,86,5,4,20,1,0.9417379803446746,0.018439406001499403,0.1616938784953063,5.652095363192389,
c85eb47ebbd5a012+1,n=25 sat_exact (+1 edge),perturbed,25,86,5,4,22,1,0.9203978805313087,0.01806217604469129,0.16253853731019197,6.007171190420401,
c85eb47ebbd5a012+1,n=25 sat_exact (+1 edge),perturbed,25,86,5,4,23,1,0.9243627161272974,0.016793774304888043,0.1567556109164156,7.193532453721835,
c85eb47ebbd5a012+1,n=25 sat_exact (+1 edge),perturbed,25,86,5,4,24,1,0.8792285489902127,0.024321042714122054,0.1592535856188923,3.600440199715607,
c85eb47ebbd5a012+1,n=25 sat_exact (+1 edge),perturbed,25,86,5,5,7,1,0.9504702538396401,0.012006025479348814,0.149507742586954,6.616295831891118,
c85eb47ebbd5a012+1,n=25 sat_exact (+1 edge),perturbed,25,86,5,5,9,1,0.9069702845761549,0.017576262043860424,0.14558346561094748,5.2986209053102815,
c85eb47ebbd5a012+1,n=25 sat_exact (+1 edge),perturbed,25,86,5,5,13,1,0.8920033307546564,0.0229336814617771,0.1443012504104995,4.734965556285781,
c85eb47ebbd5a012+1,n=25 sat_exact (+1 edge),perturbed,25,86,5,5,15,1,0.9553422777975609,0.005947006255081044,0.14425895978098605,8.463801474911245,
c85eb47ebbd5a012+1,n=25 sat_exact (+1 edge),perturbed,25,86,5,5,17,1,0.8738409437777825,0.016942993526418704,0.14558168628247947,3.677392103542794,
c85eb47ebbd5a012+1,n=25 sat_exact (+1 edge),perturbed,25,86,5,5,21,1,0.7284346625934948,0.022388430524580505,0.1356379344699172,2.918889264943526,
c85eb47ebbd5a012+1,n=25 sat_exact (+1 edge),perturbed,25,86,5,5,23,1,0.8649191503583475,0.022277272418580463,0.13512896421778411,4.684558624613631,
c85eb47ebbd5a012+1,n=25 sat_exact (+1 edge),perturbed,25,86,5,6,8,1,0.9504702538396428,0.012181791484694005,0.15187581099210384,6.6039672258314415,
c85eb47ebbd5a012+1,n=25 sat_exact (+1 edge),perturbed,25,86,5,6,10,1,0.9069702845761451,0.017721535778783215,0.1470810277290534,5.277440008112426,
c85eb47ebbd5a012+1,n=25 sat_exact (+1 edge),perturbed,25,86,5,6,14,1,0.89200333075466,0.0229336814617771,0.14362334664637877,4.756319472016062,
c85eb47ebbd5a012+1,n=25 sat_exact (+1 edge),perturbed,25,86,5,6,16,1,0.950470253839641,0.005382450818512741,0.12970950705098067,8.395235340020273,
c85eb47ebbd5a012+1,n=25 sat_exact (+1 edge),perturbed,25,86,5,6,18,1,0.873840943777779,0.016942993526418704,0.14529778225148027,3.6557347408679997,
c85eb47ebbd5a012+1,n=25 sat_exact (+1 edge),perturbed,25,86,5,6,22,1,0.8185583393892601,0.023296557955552855,0.14284873925935074,3.1830734817072397,
c85eb47ebbd5a012+1,n=25 sat_exact (+1 edge),perturbed,25,86,5,6,24,1,0.8751552438490577,0.022422546153503253,0.1395637875680535,4.679254712416784,
c85eb47ebbd5a012+1,n=25 sat_exact (+1 edge),perturbed,25,86,5,7,12,1,0.888184092045444,0.022251643686924893,0.14614500142150416,4.386907474432253,
c85eb47ebbd5a012+1,n=25 sat_exact (+1 edge),perturbed,25,86,5,7,13,1,0.9577470141981976,0.0061071820788134445,0.14530733578926325,8.87533820717075,
c85eb47ebbd5a012+1,n=25 sat_exact (+1 edge),perturbed,25,86,5,7,14,1,0.7951964689022537,0.022933681461777322,0.14269258337735227,3.3156939702069637,
c85eb47ebbd5a012+1,n=25 sat_exact (+1 edge),perturbed,25,86,5,7,15,1,0.8524689545717639,0.022976496224592413,0.1452650451597499,3.8003122972242127,
c85eb47ebbd5a012+1,n=25 sat_exact (+1 edge),perturbed,25,86,5,7,17,1,0.894868711145004,0.017125402142579738,0.1465877716612435,4.4089788184330745,
c85eb47ebbd5a012+1,n=25 sat_exact (+1 edge),perturbed,25,86,5,7,19,1,0.8695627313133061,0.015360606319470671,0.12449451786983756,5.063411074751558,
c85eb47ebbd5a012+1,n=25 sat_exact (+1 edge),perturbed,25,86,5,8,11,1,0.8881840920454485,0.022251643686924893,0.14374908776873996,4.712307075599202,
c85eb47ebbd5a012+1,n=25 sat_exact (+1 edge),perturbed,25,86,5,8,13,1,0.795196468902251,0.0229336814617771,0.14573855554662246,2.9689841483533694,
c85eb47ebbd5a012+1,n=25 sat_exact (+1 edge),perturbed,25,86,5,8,14,1,0.9577470141982021,0.0058287044211595695,0.14312380313471118,8.958887494540248,
c85eb47ebbd5a012+1,n=25 sat_exact (+1 edge),perturbed,25,86,5,8,16,1,0.8205493194133551,0.021089203556987624,0.12920996353930936,3.722302814559934,
c85eb47ebbd5a012+1,n=25 sat_exact (+1 edge),perturbed,25,86,5,8,18,1,0.8948687111450004,0.016929413528649073,0.14479823873981082,4.530067086116946,
c85eb47ebbd5a012+1,n=25 sat_exact (+1 edge),perturbed,25,86,5,8,20,1,0.9010162707188698,0.016781026038708236,0.14150453693279835,5.136232431050604,
c85eb47ebbd5a012+1,n=25 sat_exact (+1 edge),perturbed,25,86,5,9,10,1,0.779638843411492,0.021096132237908627,0.1422259874840181,2.5189833959538066,
c85eb47ebbd5a012+1,n=25 sat_exact (+1 edge),perturbed,25,86,5,9,11,1,0.9495484343532068,0.010665102628051315,0.13939359103537574,7.1949482158368046,
c85eb47ebbd5a012+1,n=25 sat_exact (+1 edge),perturbed,25,86,5,9,15,1,0.8982432605812214,0.01699856132747013,0.14134076818374333,5.4578357955273304,
c85eb47ebbd5a012+1,n=25 sat_exact (+1 edge),perturbed,25,86,5,9,17,1,0.9275753606049273,0.01142063655897041,0.1426634946852367,6.332503465706068,
c85eb47ebbd5a012+1,n=25 sat_exact (+1 edge),perturbed,25,86,5,9,19,1,0.7980864374351153,0.020663104763717577,0.1205702408938308,4.05511278102053,
c85eb47ebbd5a012+1,n=25 sat_exact (+1 edge),perturbed,25,86,5,10,12,1,0.949548434353205,0.010962950403488492,0.14178143791581052,7.23427652016862,
c85eb47ebbd5a012+1,n=25 sat_exact (+1 edge),perturbed,25,86,5,10,16,1,0.8700701952604684,0.015466604547155427,0.12441518027625867,5.242705976679406,
c85eb47ebbd5a012+1,n=25 sat_exact (+1 edge),perturbed,25,86,5,10,18,1,0.9275753606049282,0.01118865973242178,0.14000345547676027,6.3808738147724595,
c85eb47ebbd5a012+1,n=25 sat_exact (+1 edge),perturbed,25,86,5,10,20,1,0.8289729276605255,0.022410660403515248,0.13670975366974583,4.104507843566671,
c85eb47ebbd5a012+1,n=25 sat_exact (+1 edge),perturbed,25,86,5,11,12,1,0.845564022492133,0.021755414381560145,0.13894904146716824,4.443683936881408,
c85eb47ebbd5a012+1,n=25 sat_exact (+1 edge),perturbed,25,86,5,11,14,1,0.8830145394642681,0.016412535199870737,0.13549662342301494,5.342706493999925,
c85eb47ebbd5a012+1,n=25 sat_exact (+1 edge),perturbed,25,86,5,11,15,1,0.8185583393892646,0.0216620978830393,0.13806908520541247,3.550642403299278,
c85eb47ebbd5a012+1,n=25 sat_exact (+1 edge),perturbed,25,86,5,11,17,1,0.8700701952604666,0.02237163024245792,0.13939181170690815,4.119581917785512,
c85eb47ebbd5a012+1,n=25 sat_exact (+1 edge),perturbed,25,86,5,12,13,1,0.9011489673057378,0.016412535199870737,0.1409385092450504,5.503716228822507,
c85eb47ebbd5a012+1,n=25 sat_exact (+1 edge),perturbed,25,86,5,12,16,1,0.7683110676611262,0.019932312252402662,0.12440991723773784,3.3363272656923137,
c85eb47ebbd5a012+1,n=25 sat_exact (+1 edge),perturbed,25,86,5,12,18,1,0.870070195260463,0.02237163024245792,0.13999819243823916,4.060742548580487,
c85eb47ebbd5a012+1,n=25 sat_exact (+1 edge),perturbed,25,86,5,13,14,1,0.9272730045103676,0.011702602839658738,0.13748609120089716,5.751206123862095,
c85eb47ebbd5a012+1,n=25 sat_exact (+1 edge),perturbed,25,86,5,13,19,1,0.7301861768156828,0.020598161986453478,0.11928802569338433,3.6235920656733605,
c85eb47ebbd5a012+1,n=25 sat_exact (+1 edge),perturbed,25,86,5,14,20,1,0.7959142677332025,0.022287426993685244,0.13325207258707317,3.699258576894673,
c85eb47ebbd5a012+1,n=25 sat_exact (+1 edge),perturbed,25,86,5,15,21,1,0.9041441542506403,0.016008463847737353,0.13139523704271303,5.406913977971825,
c85eb47ebbd5a012+1,n=25 sat_exact (+1 edge),perturbed,25,86,5,15,23,1,0.9011489673057396,0.016603303933003133,0.13088626679057794,4.837406044139806,
c85eb47ebbd5a012+1,n=25 sat_exact (+1 edge),perturbed,25,86,5,16,19,0,0.00011568099879344373,0.018274519950498114,0.10275943368607232,0.6342645414843306,
c85eb47ebbd5a012+1,n=25 sat_exact (+1 edge),perturbed,25,86,5,16,22,1,0.9145650608772291,0.009868868161485578,0.12018289180655792,5.482652017078492,
c85eb47ebbd5a012+1,n=25 sat_exact (+1 edge),perturbed,25,86,5,16,24,1,0.8642176146641756,0.014958641551604313,0.11689794011525892,4.848033462046634,
c85eb47ebbd5a012+1,n=25 sat_exact (+1 edge),perturbed,25,86,5,17,19,1,0.9266790680225867,0.00959051893774121,0.1205684615653645,7.1591672700357405,
c85eb47ebbd5a012+1,n=25 sat_exact (+1 edge),perturbed,25,86,5,17,24,1,0.7803862063377318,0.02099470227602218,0.13470696799455034,3.7950142405338476,
c85eb47ebbd5a012+1,n=25 sat_exact (+1 edge),perturbed,25,86,5,18,20,1,0.9393111876058526,0.010706648658792117,0.13492650819217256,7.3698220404862935,
c85eb47ebbd5a012+1,n=25 sat_exact (+1 edge),perturbed,25,86,5,18,23,1,0.726698486190112,0.02099470227602218,0.12998824061328187,3.4517629062956243,
c85eb47ebbd5a012+1,n=25 sat_exact (+1 edge),perturbed,25,86,5,19,22,1,0.8636931597063278,0.01433625215485157,0.11589866589444439,4.383356805498582,
c85eb47ebbd5a012+1,n=25 sat_exact (+1 edge),perturbed,25,86,5,20,21,1,0.8513398438762367,0.020753427350012732,0.12720350905840375,4.3650714373607835,
c85eb47ebbd5a012+1,n=25 sat_exact (+1 edge),perturbed,25,86,5,21,24,1,0.8866881165018246,0.01567961773258486,0.12476321618198791,6.281148139422827,
c85eb47ebbd5a012+1,n=25 sat_exact (+1 edge),perturbed,25,86,5,22,23,1,0.8866881165018228,0.015843635373626874,0.12753919762115407,6.397797798277947,
