n,saddle,method,t,alpha,alpha_drop,m0,skipped
15,0,random,0,6,0,32,0
15,0,random,1,6,0,32,0
15,0,random,2,6,0,32,0
15,0,random,3,6,0,32,0
15,0,random,4,5,1,32,0
15,0,random,5,5,1,32,0
15,0,random,6,5,1,32,0
15,0,random,7,5,1,32,0
15,0,random,8,5,1,32,0
15,0,random,9,5,1,32,0
15,0,random,10,5,1,32,0
15,0,random,11,5,1,32,0
15,0,random,12,5,1,32,0
15,0,random,13,5,1,32,0
15,0,random,14,5,1,32,0
15,0,random,15,5,1,32,0
15,0,random,16,5,1,32,0
15,0,random,17,5,1,32,0
15,0,random,18,5,1,32,0
15,0,random,19,5,1,32,0
15,0,random,20,5,1,32,0
15,0,drop_alpha,0,6,0,32,0
15,0,drop_alpha,1,6,0,32,0
15,0,drop_alpha,2,5,1,32,0
15,0,drop_alpha,3,5,1,32,0
15,0,drop_alpha,4,5,1,32,0
15,0,drop_alpha,5,5,1,32,0
15,0,drop_alpha,6,5,1,32,0
15,0,drop_alpha,7,5,1,32,0
15,0,drop_alpha,8,5,1,32,0
15,0,drop_alpha,9,5,1,32,0
15,0,drop_alpha,10,5,1,32,0
15,0,drop_alpha,11,5,1,32,0
15,0,drop_alpha,12,5,1,32,0
15,0,drop_alpha,13,5,1,32,0
15,0,drop_alpha,14,5,1,32,0
15,0,drop_alpha,15,5,1,32,0
15,0,drop_alpha,16,4,2,32,0
15,0,drop_alpha,17,4,2,32,0
15,0,drop_alpha,18,4,2,32,0
15,0,drop_alpha,19,4,2,32,0
15,0,drop_alpha,20,4,2,32,0
15,0,hardcore_comarg,0,6,0,32,0
15,0,hardcore_comarg,1,6,0,32,0
15,0,hardcore_comarg,2,5,1,32,0
15,0,hardcore_comarg,3,5,1,32,0
15,0,hardcore_comarg,4,5,1,32,0
15,0,hardcore_comarg,5,5,1,32,0
15,0,hardcore_comarg,6,5,1,32,0
15,0,hardcore_comarg,7,5,1,32,0
15,0,hardcore_comarg,8,4,2,32,0
15,0,hardcore_comarg,9,4,2,32,0
15,0,hardcore_comarg,10,4,2,32,0
15,0,hardcore_comarg,11,4,2,32,0
15,0,hardcore_comarg,12,4,2,32,0
15,0,hardcore_comarg,13,4,2,32,0
15,0,hardcore_comarg,14,4,2,32,0
15,0,hardcore_comarg,15,4,2,32,0
15,0,hardcore_comarg,16,4,2,32,0
15,0,hardcore_comarg,17,4,2,32,0
15,0,hardcore_comarg,18,4,2,32,0
15,0,hardcore_comarg,19,4,2,32,0
15,0,hardcore_comarg,20,4,2,32,0
15,0,sdp_X_uw,0,6,0,32,0
15,0,sdp_X_uw,1,6,0,32,0
15,0,sdp_X_uw,2,5,1,32,0
15,0,sdp_X_uw,3,5,1,32,0
15,0,sdp_X_uw,4,5,1,32,0
15,0,sdp_X_uw,5,5,1,32,0
15,0,sdp_X_uw,6,5,1,32,0
15,0,sdp_X_uw,7,4,2,32,0
15,0,sdp_X_uw,8,4,2,32,0
15,0,sdp_X_uw,9,4,2,32,0
15,0,sdp_X_uw,10,4,2,32,0
15,0,sdp_X_uw,11,4,2,32,0
15,0,sdp_X_uw,12,4,2,32,0
15,0,sdp_X_uw,13,4,2,32,0
15,0,sdp_X_uw,14,4,2,32,0
15,0,sdp_X_uw,15,4,2,32,0
15,0,sdp_X_uw,16,4,2,32,0
15,0,sdp_X_uw,17,4,2,32,0
15,0,sdp_X_uw,18,4,2,32,0
15,0,sdp_X_uw,19,4,2,32,0
15,0,sdp_X_uw,20,4,2,32,0
15,0,lp_xu_plus_xw,0,6,0,32,0
15,0,lp_xu_plus_xw,1,6,0,32,0
15,0,lp_xu_plus_xw,2,6,0,32,0
15,0,lp_xu_plus_xw,3,6,0,32,0
15,0,lp_xu_plus_xw,4,6,0,32,0
15,0,lp_xu_plus_xw,5,6,0,32,0
15,0,lp_xu_plus_xw,6,6,0,32,0
15,0,lp_xu_plus_xw,7,6,0,32,0
15,0,lp_xu_plus_xw,8,6,0,32,0
15,0,lp_xu_plus_xw,9,5,1,32,0
15,0,lp_xu_plus_xw,10,5,1,32,0
15,0,lp_xu_plus_xw,11,5,1,32,0
15,0,lp_xu_plus_xw,12,5,1,32,0
15,0,lp_xu_plus_xw,13,5,1,32,0
15,0,lp_xu_plus_xw,14,5,1,32,0
15,0,lp_xu_plus_xw,15,5,1,32,0
15,0,lp_xu_plus_xw,16,5,1,32,0
15,0,lp_xu_plus_xw,17,5,1,32,0
15,0,lp_xu_plus_xw,18,5,1,32,0
15,0,lp_xu_plus_xw,19,5,1,32,0
15,0,lp_xu_plus_xw,20,5,1,32,0
15,0,hoffman_grad,0,6,0,32,1
15,0,drop_e_max,0,6,0,32,0
15,0,drop_e_max,1,6,0,32,0
15,0,drop_e_max,2,5,1,32,0
15,0,drop_e_max,3,5,1,32,0
15,0,drop_e_max,4,5,1,32,0
15,0,drop_e_max,5,5,1,32,0
15,0,drop_e_max,6,5,1,32,0
15,0,drop_e_max,7,5,1,32,0
15,0,drop_e_max,8,4,2,32,0
15,0,drop_e_max,9,4,2,32,0
15,0,drop_e_max,10,4,2,32,0
15,0,drop_e_max,11,4,2,32,0
15,0,drop_e_max,12,4,2,32,0
15,0,drop_e_max,13,4,2,32,0
15,0,drop_e_max,14,4,2,32,0
15,0,drop_e_max,15,4,2,32,0
15,0,drop_e_max,16,4,2,32,0
15,0,drop_e_max,17,4,2,32,0
15,0,drop_e_max,18,4,2,32,0
15,0,drop_e_max,19,4,2,32,0
15,0,drop_e_max,20,4,2,32,0
15,0,drop_l_hc,0,6,0,32,0
15,0,drop_l_hc,1,6,0,32,0
15,0,drop_l_hc,2,6,0,32,0
15,0,drop_l_hc,3,6,0,32,0
15,0,drop_l_hc,4,6,0,32,0
15,0,drop_l_hc,5,6,0,32,0
15,0,drop_l_hc,6,6,0,32,0
15,0,drop_l_hc,7,6,0,32,0
15,0,drop_l_hc,8,6,0,32,0
15,0,drop_l_hc,9,6,0,32,0
15,0,drop_l_hc,10,6,0,32,0
15,0,drop_l_hc,11,6,0,32,0
15,0,drop_l_hc,12,6,0,32,0
15,0,drop_l_hc,13,6,0,32,0
15,0,drop_l_hc,14,6,0,32,0
15,0,drop_l_hc,15,6,0,32,0
15,0,drop_l_hc,16,6,0,32,0
15,0,drop_l_hc,17,6,0,32,0
15,0,drop_l_hc,18,6,0,32,0
15,0,drop_l_hc,19,6,0,32,0
15,0,drop_l_hc,20,6,0,32,0
15,1,random,0,6,0,32,0
15,1,random,1,6,0,32,0
15,1,random,2,6,0,32,0
15,1,random,3,6,0,32,0
15,1,random,4,6,0,32,0
15,1,random,5,6,0,32,0
15,1,random,6,6,0,32,0
15,1,random,7,5,1,32,0
15,1,random,8,5,1,32,0
15,1,random,9,5,1,32,0
15,1,random,10,5,1,32,0
15,1,random,11,5,1,32,0
15,1,random,12,5,1,32,0
15,1,random,13,5,1,32,0
15,1,random,14,5,1,32,0
15,1,random,15,5,1,32,0
15,1,random,16,5,1,32,0
15,1,random,17,5,1,32,0
15,1,random,18,5,1,32,0
15,1,random,19,5,1,32,0
15,1,random,20,5,1,32,0
15,1,drop_alpha,0,6,0,32,0
15,1,drop_alpha,1,6,0,32,0
15,1,drop_alpha,2,6,0,32,0
15,1,drop_alpha,3,6,0,32,0
15,1,drop_alpha,4,5,1,32,0
15,1,drop_alpha,5,5,1,32,0
15,1,drop_alpha,6,5,1,32,0
15,1,drop_alpha,7,5,1,32,0
15,1,drop_alpha,8,5,1,32,0
15,1,drop_alpha,9,5,1,32,0
15,1,drop_alpha,10,5,1,32,0
15,1,drop_alpha,11,5,1,32,0
15,1,drop_alpha,12,5,1,32,0
15,1,drop_alpha,13,5,1,32,0
15,1,drop_alpha,14,5,1,32,0
15,1,drop_alpha,15,5,1,32,0
15,1,drop_alpha,16,5,1,32,0
15,1,drop_alpha,17,5,1,32,0
15,1,drop_alpha,18,4,2,32,0
15,1,drop_alpha,19,4,2,32,0
15,1,drop_alpha,20,4,2,32,0
15,1,hardcore_comarg,0,6,0,32,0
15,1,hardcore_comarg,1,6,0,32,0
15,1,hardcore_comarg,2,5,1,32,0
15,1,hardcore_comarg,3,5,1,32,0
15,1,hardcore_comarg,4,5,1,32,0
15,1,hardcore_comarg,5,5,1,32,0
15,1,hardcore_comarg,6,5,1,32,0
15,1,hardcore_comarg,7,4,2,32,0
15,1,hardcore_comarg,8,4,2,32,0
15,1,hardcore_comarg,9,4,2,32,0
15,1,hardcore_comarg,10,4,2,32,0
15,1,hardcore_comarg,11,4,2,32,0
15,1,hardcore_comarg,12,4,2,32,0
15,1,hardcore_comarg,13,4,2,32,0
15,1,hardcore_comarg,14,4,2,32,0
15,1,hardcore_comarg,15,4,2,32,0
15,1,hardcore_comarg,16,4,2,32,0
15,1,hardcore_comarg,17,4,2,32,0
15,1,hardcore_comarg,18,4,2,32,0
15,1,hardcore_comarg,19,4,2,32,0
15,1,hardcore_comarg,20,4,2,32,0
15,1,sdp_X_uw,0,6,0,32,0
15,1,sdp_X_uw,1,6,0,32,0
15,1,sdp_X_uw,2,5,1,32,0
15,1,sdp_X_uw,3,5,1,32,0
15,1,sdp_X_uw,4,5,1,32,0
15,1,sdp_X_uw,5,5,1,32,0
15,1,sdp_X_uw,6,5,1,32,0
15,1,sdp_X_uw,7,5,1,32,0
15,1,sdp_X_uw,8,4,2,32,0
15,1,sdp_X_uw,9,4,2,32,0
15,1,sdp_X_uw,10,4,2,32,0
15,1,sdp_X_uw,11,4,2,32,0
15,1,sdp_X_uw,12,4,2,32,0
15,1,sdp_X_uw,13,4,2,32,0
15,1,sdp_X_uw,14,4,2,32,0
15,1,sdp_X_uw,15,4,2,32,0
15,1,sdp_X_uw,16,4,2,32,0
15,1,sdp_X_uw,17,4,2,32,0
15,1,sdp_X_uw,18,4,2,32,0
15,1,sdp_X_uw,19,4,2,32,0
15,1,sdp_X_uw,20,4,2,32,0
15,1,lp_xu_plus_xw,0,6,0,32,0
15,1,lp_xu_plus_xw,1,6,0,32,0
15,1,lp_xu_plus_xw,2,6,0,32,0
15,1,lp_xu_plus_xw,3,6,0,32,0
15,1,lp_xu_plus_xw,4,6,0,32,0
15,1,lp_xu_plus_xw,5,6,0,32,0
15,1,lp_xu_plus_xw,6,6,0,32,0
15,1,lp_xu_plus_xw,7,6,0,32,0
15,1,lp_xu_plus_xw,8,6,0,32,0
15,1,lp_xu_plus_xw,9,6,0,32,0
15,1,lp_xu_plus_xw,10,6,0,32,0
15,1,lp_xu_plus_xw,11,6,0,32,0
15,1,lp_xu_plus_xw,12,6,0,32,0
15,1,lp_xu_plus_xw,13,6,0,32,0
15,1,lp_xu_plus_xw,14,5,1,32,0
15,1,lp_xu_plus_xw,15,5,1,32,0
15,1,lp_xu_plus_xw,16,5,1,32,0
15,1,lp_xu_plus_xw,17,5,1,32,0
15,1,lp_xu_plus_xw,18,5,1,32,0
15,1,lp_xu_plus_xw,19,5,1,32,0
15,1,lp_xu_plus_xw,20,5,1,32,0
15,1,hoffman_grad,0,6,0,32,1
15,1,drop_e_max,0,6,0,32,0
15,1,drop_e_max,1,6,0,32,0
15,1,drop_e_max,2,5,1,32,0
15,1,drop_e_max,3,5,1,32,0
15,1,drop_e_max,4,5,1,32,0
15,1,drop_e_max,5,5,1,32,0
15,1,drop_e_max,6,5,1,32,0
15,1,drop_e_max,7,5,1,32,0
15,1,drop_e_max,8,4,2,32,0
15,1,drop_e_max,9,4,2,32,0
15,1,drop_e_max,10,4,2,32,0
15,1,drop_e_max,11,4,2,32,0
15,1,drop_e_max,12,4,2,32,0
15,1,drop_e_max,13,4,2,32,0
15,1,drop_e_max,14,4,2,32,0
15,1,drop_e_max,15,4,2,32,0
15,1,drop_e_max,16,4,2,32,0
15,1,drop_e_max,17,4,2,32,0
15,1,drop_e_max,18,4,2,32,0
15,1,drop_e_max,19,4,2,32,0
15,1,drop_e_max,20,4,2,32,0
15,1,drop_l_hc,0,6,0,32,0
15,1,drop_l_hc,1,6,0,32,0
15,1,drop_l_hc,2,6,0,32,0
15,1,drop_l_hc,3,5,1,32,0
15,1,drop_l_hc,4,5,1,32,0
15,1,drop_l_hc,5,5,1,32,0
15,1,drop_l_hc,6,5,1,32,0
15,1,drop_l_hc,7,5,1,32,0
15,1,drop_l_hc,8,5,1,32,0
15,1,drop_l_hc,9,5,1,32,0
15,1,drop_l_hc,10,5,1,32,0
15,1,drop_l_hc,11,5,1,32,0
15,1,drop_l_hc,12,5,1,32,0
15,1,drop_l_hc,13,5,1,32,0
15,1,drop_l_hc,14,5,1,32,0
15,1,drop_l_hc,15,5,1,32,0
15,1,drop_l_hc,16,5,1,32,0
15,1,drop_l_hc,17,5,1,32,0
15,1,drop_l_hc,18,5,1,32,0
15,1,drop_l_hc,19,5,1,32,0
15,1,drop_l_hc,20,5,1,32,0
15,2,random,0,6,0,32,0
15,2,random,1,6,0,32,0
15,2,random,2,6,0,32,0
15,2,random,3,6,0,32,0
15,2,random,4,6,0,32,0
15,2,random,5,6,0,32,0
15,2,random,6,6,0,32,0
15,2,random,7,6,0,32,0
15,2,random,8,6,0,32,0
15,2,random,9,6,0,32,0
15,2,random,10,5,1,32,0
15,2,random,11,5,1,32,0
15,2,random,12,5,1,32,0
15,2,random,13,5,1,32,0
15,2,random,14,5,1,32,0
15,2,random,15,5,1,32,0
15,2,random,16,5,1,32,0
15,2,random,17,5,1,32,0
15,2,random,18,5,1,32,0
15,2,random,19,5,1,32,0
15,2,random,20,5,1,32,0
15,2,drop_alpha,0,6,0,32,0
15,2,drop_alpha,1,6,0,32,0
15,2,drop_alpha,2,5,1,32,0
15,2,drop_alpha,3,5,1,32,0
15,2,drop_alpha,4,5,1,32,0
15,2,drop_alpha,5,5,1,32,0
15,2,drop_alpha,6,5,1,32,0
15,2,drop_alpha,7,5,1,32,0
15,2,drop_alpha,8,5,1,32,0
15,2,drop_alpha,9,5,1,32,0
15,2,drop_alpha,10,5,1,32,0
15,2,drop_alpha,11,5,1,32,0
15,2,drop_alpha,12,5,1,32,0
15,2,drop_alpha,13,5,1,32,0
15,2,drop_alpha,14,5,1,32,0
15,2,drop_alpha,15,5,1,32,0
15,2,drop_alpha,16,5,1,32,0
15,2,drop_alpha,17,5,1,32,0
15,2,drop_alpha,18,5,1,32,0
15,2,drop_alpha,19,5,1,32,0
15,2,drop_alpha,20,5,1,32,0
15,2,hardcore_comarg,0,6,0,32,0
15,2,hardcore_comarg,1,6,0,32,0
15,2,hardcore_comarg,2,5,1,32,0
15,2,hardcore_comarg,3,5,1,32,0
15,2,hardcore_comarg,4,5,1,32,0
15,2,hardcore_comarg,5,5,1,32,0
15,2,hardcore_comarg,6,5,1,32,0
15,2,hardcore_comarg,7,4,2,32,0
15,2,hardcore_comarg,8,4,2,32,0
15,2,hardcore_comarg,9,4,2,32,0
15,2,hardcore_comarg,10,4,2,32,0
15,2,hardcore_comarg,11,4,2,32,0
15,2,hardcore_comarg,12,4,2,32,0
15,2,hardcore_comarg,13,4,2,32,0
15,2,hardcore_comarg,14,4,2,32,0
15,2,hardcore_comarg,15,4,2,32,0
15,2,hardcore_comarg,16,4,2,32,0
15,2,hardcore_comarg,17,4,2,32,0
15,2,hardcore_comarg,18,4,2,32,0
15,2,hardcore_comarg,19,4,2,32,0
15,2,hardcore_comarg,20,4,2,32,0
15,2,sdp_X_uw,0,6,0,32,0
15,2,sdp_X_uw,1,6,0,32,0
15,2,sdp_X_uw,2,5,1,32,0
15,2,sdp_X_uw,3,5,1,32,0
15,2,sdp_X_uw,4,5,1,32,0
15,2,sdp_X_uw,5,5,1,32,0
15,2,sdp_X_uw,6,5,1,32,0
15,2,sdp_X_uw,7,5,1,32,0
15,2,sdp_X_uw,8,4,2,32,0
15,2,sdp_X_uw,9,4,2,32,0
15,2,sdp_X_uw,10,4,2,32,0
15,2,sdp_X_uw,11,4,2,32,0
15,2,sdp_X_uw,12,4,2,32,0
15,2,sdp_X_uw,13,4,2,32,0
15,2,sdp_X_uw,14,4,2,32,0
15,2,sdp_X_uw,15,4,2,32,0
15,2,sdp_X_uw,16,4,2,32,0
15,2,sdp_X_uw,17,4,2,32,0
15,2,sdp_X_uw,18,4,2,32,0
15,2,sdp_X_uw,19,4,2,32,0
15,2,sdp_X_uw,20,4,2,32,0
15,2,lp_xu_plus_xw,0,6,0,32,0
15,2,lp_xu_plus_xw,1,6,0,32,0
15,2,lp_xu_plus_xw,2,6,0,32,0
15,2,lp_xu_plus_xw,3,6,0,32,0
15,2,lp_xu_plus_xw,4,5,1,32,0
15,2,lp_xu_plus_xw,5,5,1,32,0
15,2,lp_xu_plus_xw,6,5,1,32,0
15,2,lp_xu_plus_xw,7,5,1,32,0
15,2,lp_xu_plus_xw,8,4,2,32,0
15,2,lp_xu_plus_xw,9,4,2,32,0
15,2,lp_xu_plus_xw,10,4,2,32,0
15,2,lp_xu_plus_xw,11,4,2,32,0
15,2,lp_xu_plus_xw,12,4,2,32,0
15,2,lp_xu_plus_xw,13,4,2,32,0
15,2,lp_xu_plus_xw,14,4,2,32,0
15,2,lp_xu_plus_xw,15,4,2,32,0
15,2,lp_xu_plus_xw,16,4,2,32,0
15,2,lp_xu_plus_xw,17,4,2,32,0
15,2,lp_xu_plus_xw,18,4,2,32,0
15,2,lp_xu_plus_xw,19,4,2,32,0
15,2,lp_xu_plus_xw,20,4,2,32,0
15,2,hoffman_grad,0,6,0,32,1
15,2,drop_e_max,0,6,0,32,0
15,2,drop_e_max,1,6,0,32,0
15,2,drop_e_max,2,5,1,32,0
15,2,drop_e_max,3,5,1,32,0
15,2,drop_e_max,4,5,1,32,0
15,2,drop_e_max,5,5,1,32,0
15,2,drop_e_max,6,5,1,32,0
15,2,drop_e_max,7,4,2,32,0
15,2,drop_e_max,8,4,2,32,0
15,2,drop_e_max,9,4,2,32,0
15,2,drop_e_max,10,4,2,32,0
15,2,drop_e_max,11,4,2,32,0
15,2,drop_e_max,12,4,2,32,0
15,2,drop_e_max,13,4,2,32,0
15,2,drop_e_max,14,4,2,32,0
15,2,drop_e_max,15,4,2,32,0
15,2,drop_e_max,16,4,2,32,0
15,2,drop_e_max,17,4,2,32,0
15,2,drop_e_max,18,4,2,32,0
15,2,drop_e_max,19,4,2,32,0
15,2,drop_e_max,20,4,2,32,0
15,2,drop_l_hc,0,6,0,32,0
15,2,drop_l_hc,1,6,0,32,0
15,2,drop_l_hc,2,5,1,32,0
15,2,drop_l_hc,3,5,1,32,0
15,2,drop_l_hc,4,5,1,32,0
15,2,drop_l_hc,5,5,1,32,0
15,2,drop_l_hc,6,5,1,32,0
15,2,drop_l_hc,7,5,1,32,0
15,2,drop_l_hc,8,5,1,32,0
15,2,drop_l_hc,9,5,1,32,0
15,2,drop_l_hc,10,5,1,32,0
15,2,drop_l_hc,11,5,1,32,0
15,2,drop_l_hc,12,5,1,32,0
15,2,drop_l_hc,13,5,1,32,0
15,2,drop_l_hc,14,5,1,32,0
15,2,drop_l_hc,15,5,1,32,0
15,2,drop_l_hc,16,5,1,32,0
15,2,drop_l_hc,17,5,1,32,0
15,2,drop_l_hc,18,5,1,32,0
15,2,drop_l_hc,19,5,1,32,0
15,2,drop_l_hc,20,5,1,32,0
15,3,random,0,6,0,32,0
15,3,random,1,6,0,32,0
15,3,random,2,6,0,32,0
15,3,random,3,6,0,32,0
15,3,random,4,6,0,32,0
15,3,random,5,6,0,32,0
15,3,random,6,6,0,32,0
15,3,random,7,6,0,32,0
15,3,random,8,6,0,32,0
15,3,random,9,6,0,32,0
15,3,random,10,6,0,32,0
15,3,random,11,6,0,32,0
15,3,random,12,6,0,32,0
15,3,random,13,6,0,32,0
15,3,random,14,6,0,32,0
15,3,random,15,6,0,32,0
15,3,random,16,6,0,32,0
15,3,random,17,6,0,32,0
15,3,random,18,6,0,32,0
15,3,random,19,6,0,32,0
15,3,random,20,6,0,32,0
15,3,drop_alpha,0,6,0,32,0
15,3,drop_alpha,1,6,0,32,0
15,3,drop_alpha,2,6,0,32,0
15,3,drop_alpha,3,6,0,32,0
15,3,drop_alpha,4,6,0,32,0
15,3,drop_alpha,5,6,0,32,0
15,3,drop_alpha,6,6,0,32,0
15,3,drop_alpha,7,5,1,32,0
15,3,drop_alpha,8,5,1,32,0
15,3,drop_alpha,9,5,1,32,0
15,3,drop_alpha,10,5,1,32,0
15,3,drop_alpha,11,5,1,32,0
15,3,drop_alpha,12,5,1,32,0
15,3,drop_alpha,13,5,1,32,0
15,3,drop_alpha,14,5,1,32,0
15,3,drop_alpha,15,5,1,32,0
15,3,drop_alpha,16,5,1,32,0
15,3,drop_alpha,17,4,2,32,0
15,3,drop_alpha,18,4,2,32,0
15,3,drop_alpha,19,4,2,32,0
15,3,drop_alpha,20,4,2,32,0
15,3,hardcore_comarg,0,6,0,32,0
15,3,hardcore_comarg,1,6,0,32,0
15,3,hardcore_comarg,2,5,1,32,0
15,3,hardcore_comarg,3,5,1,32,0
15,3,hardcore_comarg,4,5,1,32,0
15,3,hardcore_comarg,5,5,1,32,0
15,3,hardcore_comarg,6,4,2,32,0
15,3,hardcore_comarg,7,4,2,32,0
15,3,hardcore_comarg,8,4,2,32,0
15,3,hardcore_comarg,9,4,2,32,0
15,3,hardcore_comarg,10,4,2,32,0
15,3,hardcore_comarg,11,4,2,32,0
15,3,hardcore_comarg,12,4,2,32,0
15,3,hardcore_comarg,13,4,2,32,0
15,3,hardcore_comarg,14,4,2,32,0
15,3,hardcore_comarg,15,4,2,32,0
15,3,hardcore_comarg,16,4,2,32,0
15,3,hardcore_comarg,17,4,2,32,0
15,3,hardcore_comarg,18,4,2,32,0
15,3,hardcore_comarg,19,4,2,32,0
15,3,hardcore_comarg,20,4,2,32,0
15,3,sdp_X_uw,0,6,0,32,0
15,3,sdp_X_uw,1,6,0,32,0
15,3,sdp_X_uw,2,5,1,32,0
15,3,sdp_X_uw,3,5,1,32,0
15,3,sdp_X_uw,4,5,1,32,0
15,3,sdp_X_uw,5,5,1,32,0
15,3,sdp_X_uw,6,5,1,32,0
15,3,sdp_X_uw,7,4,2,32,0
15,3,sdp_X_uw,8,4,2,32,0
15,3,sdp_X_uw,9,4,2,32,0
15,3,sdp_X_uw,10,4,2,32,0
15,3,sdp_X_uw,11,4,2,32,0
15,3,sdp_X_uw,12,4,2,32,0
15,3,sdp_X_uw,13,4,2,32,0
15,3,sdp_X_uw,14,4,2,32,0
15,3,sdp_X_uw,15,4,2,32,0
15,3,sdp_X_uw,16,4,2,32,0
15,3,sdp_X_uw,17,4,2,32,0
15,3,sdp_X_uw,18,4,2,32,0
15,3,sdp_X_uw,19,4,2,32,0
15,3,sdp_X_uw,20,4,2,32,0
15,3,lp_xu_plus_xw,0,6,0,32,0
15,3,lp_xu_plus_xw,1,6,0,32,0
15,3,lp_xu_plus_xw,2,6,0,32,0
15,3,lp_xu_plus_xw,3,6,0,32,0
15,3,lp_xu_plus_xw,4,5,1,32,0
15,3,lp_xu_plus_xw,5,5,1,32,0
15,3,lp_xu_plus_xw,6,5,1,32,0
15,3,lp_xu_plus_xw,7,5,1,32,0
15,3,lp_xu_plus_xw,8,5,1,32,0
15,3,lp_xu_plus_xw,9,5,1,32,0
15,3,lp_xu_plus_xw,10,5,1,32,0
15,3,lp_xu_plus_xw,11,5,1,32,0
15,3,lp_xu_plus_xw,12,5,1,32,0
15,3,lp_xu_plus_xw,13,5,1,32,0
15,3,lp_xu_plus_xw,14,5,1,32,0
15,3,lp_xu_plus_xw,15,5,1,32,0
15,3,lp_xu_plus_xw,16,5,1,32,0
15,3,lp_xu_plus_xw,17,5,1,32,0
15,3,lp_xu_plus_xw,18,5,1,32,0
15,3,lp_xu_plus_xw,19,5,1,32,0
15,3,lp_xu_plus_xw,20,5,1,32,0
15,3,hoffman_grad,0,6,0,32,1
15,3,drop_e_max,0,6,0,32,0
15,3,drop_e_max,1,6,0,32,0
15,3,drop_e_max,2,5,1,32,0
15,3,drop_e_max,3,5,1,32,0
15,3,drop_e_max,4,5,1,32,0
15,3,drop_e_max,5,5,1,32,0
15,3,drop_e_max,6,4,2,32,0
15,3,drop_e_max,7,4,2,32,0
15,3,drop_e_max,8,4,2,32,0
15,3,drop_e_max,9,4,2,32,0
15,3,drop_e_max,10,4,2,32,0
15,3,drop_e_max,11,4,2,32,0
15,3,drop_e_max,12,4,2,32,0
15,3,drop_e_max,13,4,2,32,0
15,3,drop_e_max,14,4,2,32,0
15,3,drop_e_max,15,4,2,32,0
15,3,drop_e_max,16,4,2,32,0
15,3,drop_e_max,17,4,2,32,0
15,3,drop_e_max,18,4,2,32,0
15,3,drop_e_max,19,4,2,32,0
15,3,drop_e_max,20,4,2,32,0
15,3,drop_l_hc,0,6,0,32,0
15,3,drop_l_hc,1,6,0,32,0
15,3,drop_l_hc,2,6,0,32,0
15,3,drop_l_hc,3,6,0,32,0
15,3,drop_l_hc,4,6,0,32,0
15,3,drop_l_hc,5,6,0,32,0
15,3,drop_l_hc,6,6,0,32,0
15,3,drop_l_hc,7,6,0,32,0
15,3,drop_l_hc,8,6,0,32,0
15,3,drop_l_hc,9,6,0,32,0
15,3,drop_l_hc,10,6,0,32,0
15,3,drop_l_hc,11,6,0,32,0
15,3,drop_l_hc,12,6,0,32,0
15,3,drop_l_hc,13,6,0,32,0
15,3,drop_l_hc,14,6,0,32,0
15,3,drop_l_hc,15,6,0,32,0
15,3,drop_l_hc,16,6,0,32,0
15,3,drop_l_hc,17,6,0,32,0
15,3,drop_l_hc,18,6,0,32,0
15,3,drop_l_hc,19,6,0,32,0
15,3,drop_l_hc,20,6,0,32,0
15,4,random,0,6,0,32,0
15,4,random,1,6,0,32,0
15,4,random,2,6,0,32,0
15,4,random,3,6,0,32,0
15,4,random,4,6,0,32,0
15,4,random,5,6,0,32,0
15,4,random,6,6,0,32,0
15,4,random,7,6,0,32,0
15,4,random,8,6,0,32,0
15,4,random,9,5,1,32,0
15,4,random,10,5,1,32,0
15,4,random,11,5,1,32,0
15,4,random,12,5,1,32,0
15,4,random,13,5,1,32,0
15,4,random,14,5,1,32,0
15,4,random,15,5,1,32,0
15,4,random,16,5,1,32,0
15,4,random,17,5,1,32,0
15,4,random,18,5,1,32,0
15,4,random,19,5,1,32,0
15,4,random,20,5,1,32,0
15,4,drop_alpha,0,6,0,32,0
15,4,drop_alpha,1,6,0,32,0
15,4,drop_alpha,2,5,1,32,0
15,4,drop_alpha,3,5,1,32,0
15,4,drop_alpha,4,5,1,32,0
15,4,drop_alpha,5,5,1,32,0
15,4,drop_alpha,6,5,1,32,0
15,4,drop_alpha,7,5,1,32,0
15,4,drop_alpha,8,5,1,32,0
15,4,drop_alpha,9,5,1,32,0
15,4,drop_alpha,10,5,1,32,0
15,4,drop_alpha,11,5,1,32,0
15,4,drop_alpha,12,5,1,32,0
15,4,drop_alpha,13,5,1,32,0
15,4,drop_alpha,14,5,1,32,0
15,4,drop_alpha,15,5,1,32,0
15,4,drop_alpha,16,5,1,32,0
15,4,drop_alpha,17,5,1,32,0
15,4,drop_alpha,18,4,2,32,0
15,4,drop_alpha,19,4,2,32,0
15,4,drop_alpha,20,4,2,32,0
15,4,hardcore_comarg,0,6,0,32,0
15,4,hardcore_comarg,1,6,0,32,0
15,4,hardcore_comarg,2,5,1,32,0
15,4,hardcore_comarg,3,5,1,32,0
15,4,hardcore_comarg,4,5,1,32,0
15,4,hardcore_comarg,5,5,1,32,0
15,4,hardcore_comarg,6,4,2,32,0
15,4,hardcore_comarg,7,4,2,32,0
15,4,hardcore_comarg,8,4,2,32,0
15,4,hardcore_comarg,9,4,2,32,0
15,4,hardcore_comarg,10,4,2,32,0
15,4,hardcore_comarg,11,4,2,32,0
15,4,hardcore_comarg,12,4,2,32,0
15,4,hardcore_comarg,13,4,2,32,0
15,4,hardcore_comarg,14,4,2,32,0
15,4,hardcore_comarg,15,4,2,32,0
15,4,hardcore_comarg,16,4,2,32,0
15,4,hardcore_comarg,17,4,2,32,0
15,4,hardcore_comarg,18,4,2,32,0
15,4,hardcore_comarg,19,4,2,32,0
15,4,hardcore_comarg,20,4,2,32,0
15,4,sdp_X_uw,0,6,0,32,0
15,4,sdp_X_uw,1,6,0,32,0
15,4,sdp_X_uw,2,5,1,32,0
15,4,sdp_X_uw,3,5,1,32,0
15,4,sdp_X_uw,4,5,1,32,0
15,4,sdp_X_uw,5,5,1,32,0
15,4,sdp_X_uw,6,4,2,32,0
15,4,sdp_X_uw,7,4,2,32,0
15,4,sdp_X_uw,8,4,2,32,0
15,4,sdp_X_uw,9,4,2,32,0
15,4,sdp_X_uw,10,4,2,32,0
15,4,sdp_X_uw,11,4,2,32,0
15,4,sdp_X_uw,12,4,2,32,0
15,4,sdp_X_uw,13,4,2,32,0
15,4,sdp_X_uw,14,4,2,32,0
15,4,sdp_X_uw,15,4,2,32,0
15,4,sdp_X_uw,16,4,2,32,0
15,4,sdp_X_uw,17,4,2,32,0
15,4,sdp_X_uw,18,4,2,32,0
15,4,sdp_X_uw,19,4,2,32,0
15,4,sdp_X_uw,20,4,2,32,0
15,4,lp_xu_plus_xw,0,6,0,32,0
15,4,lp_xu_plus_xw,1,6,0,32,0
15,4,lp_xu_plus_xw,2,5,1,32,0
15,4,lp_xu_plus_xw,3,5,1,32,0
15,4,lp_xu_plus_xw,4,5,1,32,0
15,4,lp_xu_plus_xw,5,5,1,32,0
15,4,lp_xu_plus_xw,6,5,1,32,0
15,4,lp_xu_plus_xw,7,5,1,32,0
15,4,lp_xu_plus_xw,8,5,1,32,0
15,4,lp_xu_plus_xw,9,4,2,32,0
15,4,lp_xu_plus_xw,10,4,2,32,0
15,4,lp_xu_plus_xw,11,4,2,32,0
15,4,lp_xu_plus_xw,12,4,2,32,0
15,4,lp_xu_plus_xw,13,4,2,32,0
15,4,lp_xu_plus_xw,14,4,2,32,0
15,4,lp_xu_plus_xw,15,4,2,32,0
15,4,lp_xu_plus_xw,16,4,2,32,0
15,4,lp_xu_plus_xw,17,4,2,32,0
15,4,lp_xu_plus_xw,18,4,2,32,0
15,4,lp_xu_plus_xw,19,4,2,32,0
15,4,lp_xu_plus_xw,20,4,2,32,0
15,4,hoffman_grad,0,6,0,32,1
15,4,drop_e_max,0,6,0,32,0
15,4,drop_e_max,1,6,0,32,0
15,4,drop_e_max,2,5,1,32,0
15,4,drop_e_max,3,5,1,32,0
15,4,drop_e_max,4,5,1,32,0
15,4,drop_e_max,5,5,1,32,0
15,4,drop_e_max,6,4,2,32,0
15,4,drop_e_max,7,4,2,32,0
15,4,drop_e_max,8,4,2,32,0
15,4,drop_e_max,9,4,2,32,0
15,4,drop_e_max,10,4,2,32,0
15,4,drop_e_max,11,4,2,32,0
15,4,drop_e_max,12,4,2,32,0
15,4,drop_e_max,13,4,2,32,0
15,4,drop_e_max,14,4,2,32,0
15,4,drop_e_max,15,4,2,32,0
15,4,drop_e_max,16,4,2,32,0
15,4,drop_e_max,17,4,2,32,0
15,4,drop_e_max,18,4,2,32,0
15,4,drop_e_max,19,4,2,32,0
15,4,drop_e_max,20,4,2,32,0
15,4,drop_l_hc,0,6,0,32,0
15,4,drop_l_hc,1,6,0,32,0
15,4,drop_l_hc,2,6,0,32,0
15,4,drop_l_hc,3,5,1,32,0
15,4,drop_l_hc,4,5,1,32,0
15,4,drop_l_hc,5,5,1,32,0
15,4,drop_l_hc,6,5,1,32,0
15,4,drop_l_hc,7,5,1,32,0
15,4,drop_l_hc,8,5,1,32,0
15,4,drop_l_hc,9,5,1,32,0
15,4,drop_l_hc,10,5,1,32,0
15,4,drop_l_hc,11,5,1,32,0
15,4,drop_l_hc,12,5,1,32,0
15,4,drop_l_hc,13,5,1,32,0
15,4,drop_l_hc,14,5,1,32,0
15,4,drop_l_hc,15,5,1,32,0
15,4,drop_l_hc,16,5,1,32,0
15,4,drop_l_hc,17,5,1,32,0
15,4,drop_l_hc,18,5,1,32,0
15,4,drop_l_hc,19,5,1,32,0
15,4,drop_l_hc,20,5,1,32,0
15,5,random,0,6,0,32,0
15,5,random,1,6,0,32,0
15,5,random,2,6,0,32,0
15,5,random,3,6,0,32,0
15,5,random,4,6,0,32,0
15,5,random,5,6,0,32,0
15,5,random,6,6,0,32,0
15,5,random,7,6,0,32,0
15,5,random,8,6,0,32,0
15,5,random,9,6,0,32,0
15,5,random,10,6,0,32,0
15,5,random,11,6,0,32,0
15,5,random,12,5,1,32,0
15,5,random,13,5,1,32,0
15,5,random,14,5,1,32,0
15,5,random,15,5,1,32,0
15,5,random,16,5,1,32,0
15,5,random,17,5,1,32,0
15,5,random,18,5,1,32,0
15,5,random,19,5,1,32,0
15,5,random,20,5,1,32,0
15,5,drop_alpha,0,6,0,32,0
15,5,drop_alpha,1,6,0,32,0
15,5,drop_alpha,2,6,0,32,0
15,5,drop_alpha,3,5,1,32,0
15,5,drop_alpha,4,5,1,32,0
15,5,drop_alpha,5,5,1,32,0
15,5,drop_alpha,6,5,1,32,0
15,5,drop_alpha,7,5,1,32,0
15,5,drop_alpha,8,5,1,32,0
15,5,drop_alpha,9,5,1,32,0
15,5,drop_alpha,10,5,1,32,0
15,5,drop_alpha,11,5,1,32,0
15,5,drop_alpha,12,5,1,32,0
15,5,drop_alpha,13,5,1,32,0
15,5,drop_alpha,14,5,1,32,0
15,5,drop_alpha,15,5,1,32,0
15,5,drop_alpha,16,5,1,32,0
15,5,drop_alpha,17,5,1,32,0
15,5,drop_alpha,18,5,1,32,0
15,5,drop_alpha,19,5,1,32,0
15,5,drop_alpha,20,4,2,32,0
15,5,hardcore_comarg,0,6,0,32,0
15,5,hardcore_comarg,1,6,0,32,0
15,5,hardcore_comarg,2,5,1,32,0
15,5,hardcore_comarg,3,5,1,32,0
15,5,hardcore_comarg,4,5,1,32,0
15,5,hardcore_comarg,5,5,1,32,0
15,5,hardcore_comarg,6,5,1,32,0
15,5,hardcore_comarg,7,4,2,32,0
15,5,hardcore_comarg,8,4,2,32,0
15,5,hardcore_comarg,9,4,2,32,0
15,5,hardcore_comarg,10,4,2,32,0
15,5,hardcore_comarg,11,4,2,32,0
15,5,hardcore_comarg,12,4,2,32,0
15,5,hardcore_comarg,13,4,2,32,0
15,5,hardcore_comarg,14,4,2,32,0
15,5,hardcore_comarg,15,4,2,32,0
15,5,hardcore_comarg,16,4,2,32,0
15,5,hardcore_comarg,17,4,2,32,0
15,5,hardcore_comarg,18,4,2,32,0
15,5,hardcore_comarg,19,4,2,32,0
15,5,hardcore_comarg,20,4,2,32,0
15,5,sdp_X_uw,0,6,0,32,0
15,5,sdp_X_uw,1,6,0,32,0
15,5,sdp_X_uw,2,5,1,32,0
15,5,sdp_X_uw,3,5,1,32,0
15,5,sdp_X_uw,4,5,1,32,0
15,5,sdp_X_uw,5,5,1,32,0
15,5,sdp_X_uw,6,4,2,32,0
15,5,sdp_X_uw,7,4,2,32,0
15,5,sdp_X_uw,8,4,2,32,0
15,5,sdp_X_uw,9,4,2,32,0
15,5,sdp_X_uw,10,4,2,32,0
15,5,sdp_X_uw,11,4,2,32,0
15,5,sdp_X_uw,12,4,2,32,0
15,5,sdp_X_uw,13,4,2,32,0
15,5,sdp_X_uw,14,4,2,32,0
15,5,sdp_X_uw,15,4,2,32,0
15,5,sdp_X_uw,16,4,2,32,0
15,5,sdp_X_uw,17,4,2,32,0
15,5,sdp_X_uw,18,4,2,32,0
15,5,sdp_X_uw,19,4,2,32,0
15,5,sdp_X_uw,20,4,2,32,0
15,5,lp_xu_plus_xw,0,6,0,32,0
15,5,lp_xu_plus_xw,1,6,0,32,0
15,5,lp_xu_plus_xw,2,6,0,32,0
15,5,lp_xu_plus_xw,3,6,0,32,0
15,5,lp_xu_plus_xw,4,6,0,32,0
15,5,lp_xu_plus_xw,5,6,0,32,0
15,5,lp_xu_plus_xw,6,5,1,32,0
15,5,lp_xu_plus_xw,7,5,1,32,0
15,5,lp_xu_plus_xw,8,5,1,32,0
15,5,lp_xu_plus_xw,9,5,1,32,0
15,5,lp_xu_plus_xw,10,5,1,32,0
15,5,lp_xu_plus_xw,11,5,1,32,0
15,5,lp_xu_plus_xw,12,5,1,32,0
15,5,lp_xu_plus_xw,13,5,1,32,0
15,5,lp_xu_plus_xw,14,5,1,32,0
15,5,lp_xu_plus_xw,15,5,1,32,0
15,5,lp_xu_plus_xw,16,4,2,32,0
15,5,lp_xu_plus_xw,17,4,2,32,0
15,5,lp_xu_plus_xw,18,4,2,32,0
15,5,lp_xu_plus_xw,19,4,2,32,0
15,5,lp_xu_plus_xw,20,4,2,32,0
15,5,hoffman_grad,0,6,0,32,1
15,5,drop_e_max,0,6,0,32,0
15,5,drop_e_max,1,6,0,32,0
15,5,drop_e_max,2,5,1,32,0
15,5,drop_e_max,3,5,1,32,0
15,5,drop_e_max,4,5,1,32,0
15,5,drop_e_max,5,5,1,32,0
15,5,drop_e_max,6,5,1,32,0
15,5,drop_e_max,7,4,2,32,0
15,5,drop_e_max,8,4,2,32,0
15,5,drop_e_max,9,4,2,32,0
15,5,drop_e_max,10,4,2,32,0
15,5,drop_e_max,11,4,2,32,0
15,5,drop_e_max,12,4,2,32,0
15,5,drop_e_max,13,4,2,32,0
15,5,drop_e_max,14,4,2,32,0
15,5,drop_e_max,15,4,2,32,0
15,5,drop_e_max,16,4,2,32,0
15,5,drop_e_max,17,4,2,32,0
15,5,drop_e_max,18,4,2,32,0
15,5,drop_e_max,19,4,2,32,0
15,5,drop_e_max,20,4,2,32,0
15,5,drop_l_hc,0,6,0,32,0
15,5,drop_l_hc,1,6,0,32,0
15,5,drop_l_hc,2,6,0,32,0
15,5,drop_l_hc,3,6,0,32,0
15,5,drop_l_hc,4,6,0,32,0
15,5,drop_l_hc,5,6,0,32,0
15,5,drop_l_hc,6,6,0,32,0
15,5,drop_l_hc,7,6,0,32,0
15,5,drop_l_hc,8,6,0,32,0
15,5,drop_l_hc,9,6,0,32,0
15,5,drop_l_hc,10,6,0,32,0
15,5,drop_l_hc,11,6,0,32,0
15,5,drop_l_hc,12,6,0,32,0
15,5,drop_l_hc,13,6,0,32,0
15,5,drop_l_hc,14,6,0,32,0
15,5,drop_l_hc,15,6,0,32,0
15,5,drop_l_hc,16,6,0,32,0
15,5,drop_l_hc,17,6,0,32,0
15,5,drop_l_hc,18,6,0,32,0
15,5,drop_l_hc,19,6,0,32,0
15,5,drop_l_hc,20,6,0,32,0
15,6,random,0,6,0,32,0
15,6,random,1,6,0,32,0
15,6,random,2,6,0,32,0
15,6,random,3,6,0,32,0
15,6,random,4,6,0,32,0
15,6,random,5,6,0,32,0
15,6,random,6,6,0,32,0
15,6,random,7,6,0,32,0
15,6,random,8,6,0,32,0
15,6,random,9,6,0,32,0
15,6,random,10,6,0,32,0
15,6,random,11,5,1,32,0
15,6,random,12,5,1,32,0
15,6,random,13,5,1,32,0
15,6,random,14,5,1,32,0
15,6,random,15,5,1,32,0
15,6,random,16,5,1,32,0
15,6,random,17,5,1,32,0
15,6,random,18,5,1,32,0
15,6,random,19,5,1,32,0
15,6,random,20,5,1,32,0
15,6,drop_alpha,0,6,0,32,0
15,6,drop_alpha,1,6,0,32,0
15,6,drop_alpha,2,6,0,32,0
15,6,drop_alpha,3,6,0,32,0
15,6,drop_alpha,4,6,0,32,0
15,6,drop_alpha,5,5,1,32,0
15,6,drop_alpha,6,5,1,32,0
15,6,drop_alpha,7,5,1,32,0
15,6,drop_alpha,8,5,1,32,0
15,6,drop_alpha,9,5,1,32,0
15,6,drop_alpha,10,5,1,32,0
15,6,drop_alpha,11,5,1,32,0
15,6,drop_alpha,12,4,2,32,0
15,6,drop_alpha,13,4,2,32,0
15,6,drop_alpha,14,4,2,32,0
15,6,drop_alpha,15,4,2,32,0
15,6,drop_alpha,16,4,2,32,0
15,6,drop_alpha,17,4,2,32,0
15,6,drop_alpha,18,4,2,32,0
15,6,drop_alpha,19,4,2,32,0
15,6,drop_alpha,20,4,2,32,0
15,6,hardcore_comarg,0,6,0,32,0
15,6,hardcore_comarg,1,6,0,32,0
15,6,hardcore_comarg,2,5,1,32,0
15,6,hardcore_comarg,3,5,1,32,0
15,6,hardcore_comarg,4,5,1,32,0
15,6,hardcore_comarg,5,5,1,32,0
15,6,hardcore_comarg,6,4,2,32,0
15,6,hardcore_comarg,7,4,2,32,0
15,6,hardcore_comarg,8,4,2,32,0
15,6,hardcore_comarg,9,4,2,32,0
15,6,hardcore_comarg,10,4,2,32,0
15,6,hardcore_comarg,11,4,2,32,0
15,6,hardcore_comarg,12,4,2,32,0
15,6,hardcore_comarg,13,4,2,32,0
15,6,hardcore_comarg,14,4,2,32,0
15,6,hardcore_comarg,15,4,2,32,0
15,6,hardcore_comarg,16,4,2,32,0
15,6,hardcore_comarg,17,4,2,32,0
15,6,hardcore_comarg,18,4,2,32,0
15,6,hardcore_comarg,19,4,2,32,0
15,6,hardcore_comarg,20,4,2,32,0
15,6,sdp_X_uw,0,6,0,32,0
15,6,sdp_X_uw,1,6,0,32,0
15,6,sdp_X_uw,2,5,1,32,0
15,6,sdp_X_uw,3,5,1,32,0
15,6,sdp_X_uw,4,5,1,32,0
15,6,sdp_X_uw,5,5,1,32,0
15,6,sdp_X_uw,6,4,2,32,0
15,6,sdp_X_uw,7,4,2,32,0
15,6,sdp_X_uw,8,4,2,32,0
15,6,sdp_X_uw,9,4,2,32,0
15,6,sdp_X_uw,10,4,2,32,0
15,6,sdp_X_uw,11,4,2,32,0
15,6,sdp_X_uw,12,4,2,32,0
15,6,sdp_X_uw,13,4,2,32,0
15,6,sdp_X_uw,14,4,2,32,0
15,6,sdp_X_uw,15,4,2,32,0
15,6,sdp_X_uw,16,4,2,32,0
15,6,sdp_X_uw,17,4,2,32,0
15,6,sdp_X_uw,18,4,2,32,0
15,6,sdp_X_uw,19,4,2,32,0
15,6,sdp_X_uw,20,4,2,32,0
15,6,lp_xu_plus_xw,0,6,0,32,0
15,6,lp_xu_plus_xw,1,6,0,32,0
15,6,lp_xu_plus_xw,2,6,0,32,0
15,6,lp_xu_plus_xw,3,6,0,32,0
15,6,lp_xu_plus_xw,4,5,1,32,0
15,6,lp_xu_plus_xw,5,5,1,32,0
15,6,lp_xu_plus_xw,6,5,1,32,0
15,6,lp_xu_plus_xw,7,5,1,32,0
15,6,lp_xu_plus_xw,8,5,1,32,0
15,6,lp_xu_plus_xw,9,5,1,32,0
15,6,lp_xu_plus_xw,10,5,1,32,0
15,6,lp_xu_plus_xw,11,5,1,32,0
15,6,lp_xu_plus_xw,12,5,1,32,0
15,6,lp_xu_plus_xw,13,5,1,32,0
15,6,lp_xu_plus_xw,14,5,1,32,0
15,6,lp_xu_plus_xw,15,5,1,32,0
15,6,lp_xu_plus_xw,16,4,2,32,0
15,6,lp_xu_plus_xw,17,4,2,32,0
15,6,lp_xu_plus_xw,18,4,2,32,0
15,6,lp_xu_plus_xw,19,4,2,32,0
15,6,lp_xu_plus_xw,20,4,2,32,0
15,6,hoffman_grad,0,6,0,32,1
15,6,drop_e_max,0,6,0,32,0
15,6,drop_e_max,1,6,0,32,0
15,6,drop_e_max,2,5,1,32,0
15,6,drop_e_max,3,5,1,32,0
15,6,drop_e_max,4,5,1,32,0
15,6,drop_e_max,5,5,1,32,0
15,6,drop_e_max,6,5,1,32,0
15,6,drop_e_max,7,4,2,32,0
15,6,drop_e_max,8,4,2,32,0
15,6,drop_e_max,9,4,2,32,0
15,6,drop_e_max,10,4,2,32,0
15,6,drop_e_max,11,4,2,32,0
15,6,drop_e_max,12,4,2,32,0
15,6,drop_e_max,13,4,2,32,0
15,6,drop_e_max,14,4,2,32,0
15,6,drop_e_max,15,4,2,32,0
15,6,drop_e_max,16,4,2,32,0
15,6,drop_e_max,17,4,2,32,0
15,6,drop_e_max,18,4,2,32,0
15,6,drop_e_max,19,4,2,32,0
15,6,drop_e_max,20,4,2,32,0
15,6,drop_l_hc,0,6,0,32,0
15,6,drop_l_hc,1,6,0,32,0
15,6,drop_l_hc,2,6,0,32,0
15,6,drop_l_hc,3,6,0,32,0
15,6,drop_l_hc,4,6,0,32,0
15,6,drop_l_hc,5,6,0,32,0
15,6,drop_l_hc,6,6,0,32,0
15,6,drop_l_hc,7,6,0,32,0
15,6,drop_l_hc,8,6,0,32,0
15,6,drop_l_hc,9,6,0,32,0
15,6,drop_l_hc,10,6,0,32,0
15,6,drop_l_hc,11,6,0,32,0
15,6,drop_l_hc,12,6,0,32,0
15,6,drop_l_hc,13,6,0,32,0
15,6,drop_l_hc,14,6,0,32,0
15,6,drop_l_hc,15,6,0,32,0
15,6,drop_l_hc,16,6,0,32,0
15,6,drop_l_hc,17,6,0,32,0
15,6,drop_l_hc,18,6,0,32,0
15,6,drop_l_hc,19,6,0,32,0
15,6,drop_l_hc,20,6,0,32,0
15,7,random,0,6,0,32,0
15,7,random,1,6,0,32,0
15,7,random,2,6,0,32,0
15,7,random,3,6,0,32,0
15,7,random,4,6,0,32,0
15,7,random,5,6,0,32,0
15,7,random,6,6,0,32,0
15,7,random,7,6,0,32,0
15,7,random,8,6,0,32,0
15,7,random,9,6,0,32,0
15,7,random,10,6,0,32,0
15,7,random,11,6,0,32,0
15,7,random,12,6,0,32,0
15,7,random,13,6,0,32,0
15,7,random,14,6,0,32,0
15,7,random,15,5,1,32,0
15,7,random,16,5,1,32,0
15,7,random,17,5,1,32,0
15,7,random,18,5,1,32,0
15,7,random,19,5,1,32,0
15,7,random,20,5,1,32,0
15,7,drop_alpha,0,6,0,32,0
15,7,drop_alpha,1,6,0,32,0
15,7,drop_alpha,2,5,1,32,0
15,7,drop_alpha,3,5,1,32,0
15,7,drop_alpha,4,5,1,32,0
15,7,drop_alpha,5,5,1,32,0
15,7,drop_alpha,6,5,1,32,0
15,7,drop_alpha,7,5,1,32,0
15,7,drop_alpha,8,5,1,32,0
15,7,drop_alpha,9,5,1,32,0
15,7,drop_alpha,10,5,1,32,0
15,7,drop_alpha,11,5,1,32,0
15,7,drop_alpha,12,5,1,32,0
15,7,drop_alpha,13,5,1,32,0
15,7,drop_alpha,14,5,1,32,0
15,7,drop_alpha,15,5,1,32,0
15,7,drop_alpha,16,5,1,32,0
15,7,drop_alpha,17,4,2,32,0
15,7,drop_alpha,18,4,2,32,0
15,7,drop_alpha,19,4,2,32,0
15,7,drop_alpha,20,4,2,32,0
15,7,hardcore_comarg,0,6,0,32,0
15,7,hardcore_comarg,1,6,0,32,0
15,7,hardcore_comarg,2,5,1,32,0
15,7,hardcore_comarg,3,5,1,32,0
15,7,hardcore_comarg,4,5,1,32,0
15,7,hardcore_comarg,5,5,1,32,0
15,7,hardcore_comarg,6,4,2,32,0
15,7,hardcore_comarg,7,4,2,32,0
15,7,hardcore_comarg,8,4,2,32,0
15,7,hardcore_comarg,9,4,2,32,0
15,7,hardcore_comarg,10,4,2,32,0
15,7,hardcore_comarg,11,4,2,32,0
15,7,hardcore_comarg,12,4,2,32,0
15,7,hardcore_comarg,13,4,2,32,0
15,7,hardcore_comarg,14,4,2,32,0
15,7,hardcore_comarg,15,4,2,32,0
15,7,hardcore_comarg,16,4,2,32,0
15,7,hardcore_comarg,17,4,2,32,0
15,7,hardcore_comarg,18,4,2,32,0
15,7,hardcore_comarg,19,4,2,32,0
15,7,hardcore_comarg,20,4,2,32,0
15,7,sdp_X_uw,0,6,0,32,0
15,7,sdp_X_uw,1,6,0,32,0
15,7,sdp_X_uw,2,5,1,32,0
15,7,sdp_X_uw,3,5,1,32,0
15,7,sdp_X_uw,4,5,1,32,0
15,7,sdp_X_uw,5,5,1,32,0
15,7,sdp_X_uw,6,4,2,32,0
15,7,sdp_X_uw,7,4,2,32,0
15,7,sdp_X_uw,8,4,2,32,0
15,7,sdp_X_uw,9,4,2,32,0
15,7,sdp_X_uw,10,4,2,32,0
15,7,sdp_X_uw,11,4,2,32,0
15,7,sdp_X_uw,12,4,2,32,0
15,7,sdp_X_uw,13,4,2,32,0
15,7,sdp_X_uw,14,4,2,32,0
15,7,sdp_X_uw,15,4,2,32,0
15,7,sdp_X_uw,16,4,2,32,0
15,7,sdp_X_uw,17,4,2,32,0
15,7,sdp_X_uw,18,4,2,32,0
15,7,sdp_X_uw,19,4,2,32,0
15,7,sdp_X_uw,20,4,2,32,0
15,7,lp_xu_plus_xw,0,6,0,32,0
15,7,lp_xu_plus_xw,1,6,0,32,0
15,7,lp_xu_plus_xw,2,6,0,32,0
15,7,lp_xu_plus_xw,3,6,0,32,0
15,7,lp_xu_plus_xw,4,5,1,32,0
15,7,lp_xu_plus_xw,5,5,1,32,0
15,7,lp_xu_plus_xw,6,5,1,32,0
15,7,lp_xu_plus_xw,7,4,2,32,0
15,7,lp_xu_plus_xw,8,4,2,32,0
15,7,lp_xu_plus_xw,9,4,2,32,0
15,7,lp_xu_plus_xw,10,4,2,32,0
15,7,lp_xu_plus_xw,11,4,2,32,0
15,7,lp_xu_plus_xw,12,4,2,32,0
15,7,lp_xu_plus_xw,13,4,2,32,0
15,7,lp_xu_plus_xw,14,4,2,32,0
15,7,lp_xu_plus_xw,15,4,2,32,0
15,7,lp_xu_plus_xw,16,4,2,32,0
15,7,lp_xu_plus_xw,17,4,2,32,0
15,7,lp_xu_plus_xw,18,4,2,32,0
15,7,lp_xu_plus_xw,19,4,2,32,0
15,7,lp_xu_plus_xw,20,4,2,32,0
15,7,hoffman_grad,0,6,0,32,1
15,7,drop_e_max,0,6,0,32,0
15,7,drop_e_max,1,6,0,32,0
15,7,drop_e_max,2,5,1,32,0
15,7,drop_e_max,3,5,1,32,0
15,7,drop_e_max,4,5,1,32,0
15,7,drop_e_max,5,4,2,32,0
15,7,drop_e_max,6,4,2,32,0
15,7,drop_e_max,7,4,2,32,0
15,7,drop_e_max,8,4,2,32,0
15,7,drop_e_max,9,4,2,32,0
15,7,drop_e_max,10,4,2,32,0
15,7,drop_e_max,11,4,2,32,0
15,7,drop_e_max,12,4,2,32,0
15,7,drop_e_max,13,4,2,32,0
15,7,drop_e_max,14,4,2,32,0
15,7,drop_e_max,15,4,2,32,0
15,7,drop_e_max,16,4,2,32,0
15,7,drop_e_max,17,4,2,32,0
15,7,drop_e_max,18,4,2,32,0
15,7,drop_e_max,19,4,2,32,0
15,7,drop_e_max,20,4,2,32,0
15,7,drop_l_hc,0,6,0,32,0
15,7,drop_l_hc,1,6,0,32,0
15,7,drop_l_hc,2,6,0,32,0
15,7,drop_l_hc,3,6,0,32,0
15,7,drop_l_hc,4,5,1,32,0
15,7,drop_l_hc,5,5,1,32,0
15,7,drop_l_hc,6,5,1,32,0
15,7,drop_l_hc,7,5,1,32,0
15,7,drop_l_hc,8,5,1,32,0
15,7,drop_l_hc,9,5,1,32,0
15,7,drop_l_hc,10,5,1,32,0
15,7,drop_l_hc,11,5,1,32,0
15,7,drop_l_hc,12,5,1,32,0
15,7,drop_l_hc,13,5,1,32,0
15,7,drop_l_hc,14,5,1,32,0
15,7,drop_l_hc,15,5,1,32,0
15,7,drop_l_hc,16,5,1,32,0
15,7,drop_l_hc,17,5,1,32,0
15,7,drop_l_hc,18,5,1,32,0
15,7,drop_l_hc,19,5,1,32,0
15,7,drop_l_hc,20,5,1,32,0
15,8,random,0,6,0,32,0
15,8,random,1,6,0,32,0
15,8,random,2,6,0,32,0
15,8,random,3,6,0,32,0
15,8,random,4,6,0,32,0
15,8,random,5,6,0,32,0
15,8,random,6,6,0,32,0
15,8,random,7,6,0,32,0
15,8,random,8,6,0,32,0
15,8,random,9,5,1,32,0
15,8,random,10,5,1,32,0
15,8,random,11,5,1,32,0
15,8,random,12,5,1,32,0
15,8,random,13,5,1,32,0
15,8,random,14,5,1,32,0
15,8,random,15,5,1,32,0
15,8,random,16,5,1,32,0
15,8,random,17,5,1,32,0
15,8,random,18,5,1,32,0
15,8,random,19,5,1,32,0
15,8,random,20,5,1,32,0
15,8,drop_alpha,0,6,0,32,0
15,8,drop_alpha,1,6,0,32,0
15,8,drop_alpha,2,6,0,32,0
15,8,drop_alpha,3,5,1,32,0
15,8,drop_alpha,4,5,1,32,0
15,8,drop_alpha,5,5,1,32,0
15,8,drop_alpha,6,5,1,32,0
15,8,drop_alpha,7,5,1,32,0
15,8,drop_alpha,8,5,1,32,0
15,8,drop_alpha,9,5,1,32,0
15,8,drop_alpha,10,5,1,32,0
15,8,drop_alpha,11,5,1,32,0
15,8,drop_alpha,12,5,1,32,0
15,8,drop_alpha,13,5,1,32,0
15,8,drop_alpha,14,5,1,32,0
15,8,drop_alpha,15,5,1,32,0
15,8,drop_alpha,16,5,1,32,0
15,8,drop_alpha,17,4,2,32,0
15,8,drop_alpha,18,4,2,32,0
15,8,drop_alpha,19,4,2,32,0
15,8,drop_alpha,20,4,2,32,0
15,8,hardcore_comarg,0,6,0,32,0
15,8,hardcore_comarg,1,6,0,32,0
15,8,hardcore_comarg,2,5,1,32,0
15,8,hardcore_comarg,3,5,1,32,0
15,8,hardcore_comarg,4,5,1,32,0
15,8,hardcore_comarg,5,5,1,32,0
15,8,hardcore_comarg,6,5,1,32,0
15,8,hardcore_comarg,7,4,2,32,0
15,8,hardcore_comarg,8,4,2,32,0
15,8,hardcore_comarg,9,4,2,32,0
15,8,hardcore_comarg,10,4,2,32,0
15,8,hardcore_comarg,11,4,2,32,0
15,8,hardcore_comarg,12,4,2,32,0
15,8,hardcore_comarg,13,4,2,32,0
15,8,hardcore_comarg,14,4,2,32,0
15,8,hardcore_comarg,15,4,2,32,0
15,8,hardcore_comarg,16,4,2,32,0
15,8,hardcore_comarg,17,4,2,32,0
15,8,hardcore_comarg,18,4,2,32,0
15,8,hardcore_comarg,19,4,2,32,0
15,8,hardcore_comarg,20,4,2,32,0
15,8,sdp_X_uw,0,6,0,32,0
15,8,sdp_X_uw,1,6,0,32,0
15,8,sdp_X_uw,2,5,1,32,0
15,8,sdp_X_uw,3,5,1,32,0
15,8,sdp_X_uw,4,5,1,32,0
15,8,sdp_X_uw,5,5,1,32,0
15,8,sdp_X_uw,6,5,1,32,0
15,8,sdp_X_uw,7,4,2,32,0
15,8,sdp_X_uw,8,4,2,32,0
15,8,sdp_X_uw,9,4,2,32,0
15,8,sdp_X_uw,10,4,2,32,0
15,8,sdp_X_uw,11,4,2,32,0
15,8,sdp_X_uw,12,4,2,32,0
15,8,sdp_X_uw,13,4,2,32,0
15,8,sdp_X_uw,14,4,2,32,0
15,8,sdp_X_uw,15,4,2,32,0
15,8,sdp_X_uw,16,4,2,32,0
15,8,sdp_X_uw,17,4,2,32,0
15,8,sdp_X_uw,18,4,2,32,0
15,8,sdp_X_uw,19,4,2,32,0
15,8,sdp_X_uw,20,4,2,32,0
15,8,lp_xu_plus_xw,0,6,0,32,0
15,8,lp_xu_plus_xw,1,6,0,32,0
15,8,lp_xu_plus_xw,2,6,0,32,0
15,8,lp_xu_plus_xw,3,6,0,32,0
15,8,lp_xu_plus_xw,4,6,0,32,0
15,8,lp_xu_plus_xw,5,6,0,32,0
15,8,lp_xu_plus_xw,6,6,0,32,0
15,8,lp_xu_plus_xw,7,5,1,32,0
15,8,lp_xu_plus_xw,8,5,1,32,0
15,8,lp_xu_plus_xw,9,5,1,32,0
15,8,lp_xu_plus_xw,10,5,1,32,0
15,8,lp_xu_plus_xw,11,5,1,32,0
15,8,lp_xu_plus_xw,12,5,1,32,0
15,8,lp_xu_plus_xw,13,5,1,32,0
15,8,lp_xu_plus_xw,14,5,1,32,0
15,8,lp_xu_plus_xw,15,5,1,32,0
15,8,lp_xu_plus_xw,16,5,1,32,0
15,8,lp_xu_plus_xw,17,5,1,32,0
15,8,lp_xu_plus_xw,18,5,1,32,0
15,8,lp_xu_plus_xw,19,5,1,32,0
15,8,lp_xu_plus_xw,20,5,1,32,0
15,8,hoffman_grad,0,6,0,32,1
15,8,drop_e_max,0,6,0,32,0
15,8,drop_e_max,1,6,0,32,0
15,8,drop_e_max,2,5,1,32,0
15,8,drop_e_max,3,5,1,32,0
15,8,drop_e_max,4,5,1,32,0
15,8,drop_e_max,5,5,1,32,0
15,8,drop_e_max,6,4,2,32,0
15,8,drop_e_max,7,4,2,32,0
15,8,drop_e_max,8,4,2,32,0
15,8,drop_e_max,9,4,2,32,0
15,8,drop_e_max,10,4,2,32,0
15,8,drop_e_max,11,4,2,32,0
15,8,drop_e_max,12,4,2,32,0
15,8,drop_e_max,13,4,2,32,0
15,8,drop_e_max,14,4,2,32,0
15,8,drop_e_max,15,4,2,32,0
15,8,drop_e_max,16,4,2,32,0
15,8,drop_e_max,17,4,2,32,0
15,8,drop_e_max,18,4,2,32,0
15,8,drop_e_max,19,4,2,32,0
15,8,drop_e_max,20,4,2,32,0
15,8,drop_l_hc,0,6,0,32,0
15,8,drop_l_hc,1,6,0,32,0
15,8,drop_l_hc,2,6,0,32,0
15,8,drop_l_hc,3,6,0,32,0
15,8,drop_l_hc,4,6,0,32,0
15,8,drop_l_hc,5,6,0,32,0
15,8,drop_l_hc,6,6,0,32,0
15,8,drop_l_hc,7,6,0,32,0
15,8,drop_l_hc,8,5,1,32,0
15,8,drop_l_hc,9,5,1,32,0
15,8,drop_l_hc,10,5,1,32,0
15,8,drop_l_hc,11,5,1,32,0
15,8,drop_l_hc,12,5,1,32,0
15,8,drop_l_hc,13,5,1,32,0
15,8,drop_l_hc,14,5,1,32,0
15,8,drop_l_hc,15,5,1,32,0
15,8,drop_l_hc,16,5,1,32,0
15,8,drop_l_hc,17,5,1,32,0
15,8,drop_l_hc,18,5,1,32,0
15,8,drop_l_hc,19,5,1,32,0
15,8,drop_l_hc,20,5,1,32,0
15,9,random,0,6,0,32,0
15,9,random,1,6,0,32,0
15,9,random,2,6,0,32,0
15,9,random,3,6,0,32,0
15,9,random,4,6,0,32,0
15,9,random,5,6,0,32,0
15,9,random,6,6,0,32,0
15,9,random,7,6,0,32,0
15,9,random,8,6,0,32,0
15,9,random,9,6,0,32,0
15,9,random,10,6,0,32,0
15,9,random,11,6,0,32,0
15,9,random,12,5,1,32,0
15,9,random,13,5,1,32,0
15,9,random,14,5,1,32,0
15,9,random,15,5,1,32,0
15,9,random,16,5,1,32,0
15,9,random,17,5,1,32,0
15,9,random,18,4,2,32,0
15,9,random,19,4,2,32,0
15,9,random,20,4,2,32,0
15,9,drop_alpha,0,6,0,32,0
15,9,drop_alpha,1,6,0,32,0
15,9,drop_alpha,2,5,1,32,0
15,9,drop_alpha,3,5,1,32,0
15,9,drop_alpha,4,5,1,32,0
15,9,drop_alpha,5,5,1,32,0
15,9,drop_alpha,6,5,1,32,0
15,9,drop_alpha,7,5,1,32,0
15,9,drop_alpha,8,5,1,32,0
15,9,drop_alpha,9,5,1,32,0
15,9,drop_alpha,10,5,1,32,0
15,9,drop_alpha,11,5,1,32,0
15,9,drop_alpha,12,5,1,32,0
15,9,drop_alpha,13,5,1,32,0
15,9,drop_alpha,14,5,1,32,0
15,9,drop_alpha,15,5,1,32,0
15,9,drop_alpha,16,5,1,32,0
15,9,drop_alpha,17,5,1,32,0
15,9,drop_alpha,18,4,2,32,0
15,9,drop_alpha,19,4,2,32,0
15,9,drop_alpha,20,4,2,32,0
15,9,hardcore_comarg,0,6,0,32,0
15,9,hardcore_comarg,1,6,0,32,0
15,9,hardcore_comarg,2,5,1,32,0
15,9,hardcore_comarg,3,5,1,32,0
15,9,hardcore_comarg,4,5,1,32,0
15,9,hardcore_comarg,5,5,1,32,0
15,9,hardcore_comarg,6,5,1,32,0
15,9,hardcore_comarg,7,4,2,32,0
15,9,hardcore_comarg,8,4,2,32,0
15,9,hardcore_comarg,9,4,2,32,0
15,9,hardcore_comarg,10,4,2,32,0
15,9,hardcore_comarg,11,4,2,32,0
15,9,hardcore_comarg,12,4,2,32,0
15,9,hardcore_comarg,13,4,2,32,0
15,9,hardcore_comarg,14,4,2,32,0
15,9,hardcore_comarg,15,4,2,32,0
15,9,hardcore_comarg,16,4,2,32,0
15,9,hardcore_comarg,17,4,2,32,0
15,9,hardcore_comarg,18,4,2,32,0
15,9,hardcore_comarg,19,4,2,32,0
15,9,hardcore_comarg,20,4,2,32,0
15,9,sdp_X_uw,0,6,0,32,0
15,9,sdp_X_uw,1,6,0,32,0
15,9,sdp_X_uw,2,5,1,32,0
15,9,sdp_X_uw,3,5,1,32,0
15,9,sdp_X_uw,4,5,1,32,0
15,9,sdp_X_uw,5,5,1,32,0
15,9,sdp_X_uw,6,5,1,32,0
15,9,sdp_X_uw,7,5,1,32,0
15,9,sdp_X_uw,8,4,2,32,0
15,9,sdp_X_uw,9,4,2,32,0
15,9,sdp_X_uw,10,4,2,32,0
15,9,sdp_X_uw,11,4,2,32,0
15,9,sdp_X_uw,12,4,2,32,0
15,9,sdp_X_uw,13,4,2,32,0
15,9,sdp_X_uw,14,4,2,32,0
15,9,sdp_X_uw,15,4,2,32,0
15,9,sdp_X_uw,16,4,2,32,0
15,9,sdp_X_uw,17,4,2,32,0
15,9,sdp_X_uw,18,4,2,32,0
15,9,sdp_X_uw,19,4,2,32,0
15,9,sdp_X_uw,20,4,2,32,0
15,9,lp_xu_plus_xw,0,6,0,32,0
15,9,lp_xu_plus_xw,1,6,0,32,0
15,9,lp_xu_plus_xw,2,6,0,32,0
15,9,lp_xu_plus_xw,3,6,0,32,0
15,9,lp_xu_plus_xw,4,6,0,32,0
15,9,lp_xu_plus_xw,5,6,0,32,0
15,9,lp_xu_plus_xw,6,6,0,32,0
15,9,lp_xu_plus_xw,7,6,0,32,0
15,9,lp_xu_plus_xw,8,6,0,32,0
15,9,lp_xu_plus_xw,9,6,0,32,0
15,9,lp_xu_plus_xw,10,6,0,32,0
15,9,lp_xu_plus_xw,11,6,0,32,0
15,9,lp_xu_plus_xw,12,6,0,32,0
15,9,lp_xu_plus_xw,13,6,0,32,0
15,9,lp_xu_plus_xw,14,5,1,32,0
15,9,lp_xu_plus_xw,15,5,1,32,0
15,9,lp_xu_plus_xw,16,5,1,32,0
15,9,lp_xu_plus_xw,17,5,1,32,0
15,9,lp_xu_plus_xw,18,5,1,32,0
15,9,lp_xu_plus_xw,19,5,1,32,0
15,9,lp_xu_plus_xw,20,5,1,32,0
15,9,hoffman_grad,0,6,0,32,1
15,9,drop_e_max,0,6,0,32,0
15,9,drop_e_max,1,6,0,32,0
15,9,drop_e_max,2,5,1,32,0
15,9,drop_e_max,3,5,1,32,0
15,9,drop_e_max,4,5,1,32,0
15,9,drop_e_max,5,5,1,32,0
15,9,drop_e_max,6,5,1,32,0
15,9,drop_e_max,7,4,2,32,0
15,9,drop_e_max,8,4,2,32,0
15,9,drop_e_max,9,4,2,32,0
15,9,drop_e_max,10,4,2,32,0
15,9,drop_e_max,11,4,2,32,0
15,9,drop_e_max,12,4,2,32,0
15,9,drop_e_max,13,4,2,32,0
15,9,drop_e_max,14,4,2,32,0
15,9,drop_e_max,15,4,2,32,0
15,9,drop_e_max,16,4,2,32,0
15,9,drop_e_max,17,4,2,32,0
15,9,drop_e_max,18,4,2,32,0
15,9,drop_e_max,19,4,2,32,0
15,9,drop_e_max,20,4,2,32,0
15,9,drop_l_hc,0,6,0,32,0
15,9,drop_l_hc,1,6,0,32,0
15,9,drop_l_hc,2,6,0,32,0
15,9,drop_l_hc,3,5,1,32,0
15,9,drop_l_hc,4,5,1,32,0
15,9,drop_l_hc,5,5,1,32,0
15,9,drop_l_hc,6,5,1,32,0
15,9,drop_l_hc,7,5,1,32,0
15,9,drop_l_hc,8,5,1,32,0
15,9,drop_l_hc,9,5,1,32,0
15,9,drop_l_hc,10,5,1,32,0
15,9,drop_l_hc,11,5,1,32,0
15,9,drop_l_hc,12,5,1,32,0
15,9,drop_l_hc,13,5,1,32,0
15,9,drop_l_hc,14,5,1,32,0
15,9,drop_l_hc,15,5,1,32,0
15,9,drop_l_hc,16,5,1,32,0
15,9,drop_l_hc,17,5,1,32,0
15,9,drop_l_hc,18,5,1,32,0
15,9,drop_l_hc,19,5,1,32,0
15,9,drop_l_hc,20,5,1,32,0
15,10,random,0,6,0,32,0
15,10,random,1,6,0,32,0
15,10,random,2,6,0,32,0
15,10,random,3,6,0,32,0
15,10,random,4,5,1,32,0
15,10,random,5,5,1,32,0
15,10,random,6,5,1,32,0
15,10,random,7,5,1,32,0
15,10,random,8,5,1,32,0
15,10,random,9,5,1,32,0
15,10,random,10,5,1,32,0
15,10,random,11,5,1,32,0
15,10,random,12,5,1,32,0
15,10,random,13,5,1,32,0
15,10,random,14,5,1,32,0
15,10,random,15,5,1,32,0
15,10,random,16,5,1,32,0
15,10,random,17,5,1,32,0
15,10,random,18,4,2,32,0
15,10,random,19,4,2,32,0
15,10,random,20,4,2,32,0
15,10,drop_alpha,0,6,0,32,0
15,10,drop_alpha,1,6,0,32,0
15,10,drop_alpha,2,6,0,32,0
15,10,drop_alpha,3,6,0,32,0
15,10,drop_alpha,4,6,0,32,0
15,10,drop_alpha,5,6,0,32,0
15,10,drop_alpha,6,5,1,32,0
15,10,drop_alpha,7,5,1,32,0
15,10,drop_alpha,8,5,1,32,0
15,10,drop_alpha,9,5,1,32,0
15,10,drop_alpha,10,5,1,32,0
15,10,drop_alpha,11,5,1,32,0
15,10,drop_alpha,12,5,1,32,0
15,10,drop_alpha,13,5,1,32,0
15,10,drop_alpha,14,5,1,32,0
15,10,drop_alpha,15,5,1,32,0
15,10,drop_alpha,16,5,1,32,0
15,10,drop_alpha,17,5,1,32,0
15,10,drop_alpha,18,4,2,32,0
15,10,drop_alpha,19,4,2,32,0
15,10,drop_alpha,20,4,2,32,0
15,10,hardcore_comarg,0,6,0,32,0
15,10,hardcore_comarg,1,6,0,32,0
15,10,hardcore_comarg,2,5,1,32,0
15,10,hardcore_comarg,3,5,1,32,0
15,10,hardcore_comarg,4,5,1,32,0
15,10,hardcore_comarg,5,5,1,32,0
15,10,hardcore_comarg,6,4,2,32,0
15,10,hardcore_comarg,7,4,2,32,0
15,10,hardcore_comarg,8,4,2,32,0
15,10,hardcore_comarg,9,4,2,32,0
15,10,hardcore_comarg,10,4,2,32,0
15,10,hardcore_comarg,11,4,2,32,0
15,10,hardcore_comarg,12,4,2,32,0
15,10,hardcore_comarg,13,4,2,32,0
15,10,hardcore_comarg,14,4,2,32,0
15,10,hardcore_comarg,15,4,2,32,0
15,10,hardcore_comarg,16,4,2,32,0
15,10,hardcore_comarg,17,4,2,32,0
15,10,hardcore_comarg,18,4,2,32,0
15,10,hardcore_comarg,19,4,2,32,0
15,10,hardcore_comarg,20,4,2,32,0
15,10,sdp_X_uw,0,6,0,32,0
15,10,sdp_X_uw,1,6,0,32,0
15,10,sdp_X_uw,2,5,1,32,0
15,10,sdp_X_uw,3,5,1,32,0
15,10,sdp_X_uw,4,5,1,32,0
15,10,sdp_X_uw,5,5,1,32,0
15,10,sdp_X_uw,6,5,1,32,0
15,10,sdp_X_uw,7,4,2,32,0
15,10,sdp_X_uw,8,4,2,32,0
15,10,sdp_X_uw,9,4,2,32,0
15,10,sdp_X_uw,10,4,2,32,0
15,10,sdp_X_uw,11,4,2,32,0
15,10,sdp_X_uw,12,4,2,32,0
15,10,sdp_X_uw,13,4,2,32,0
15,10,sdp_X_uw,14,4,2,32,0
15,10,sdp_X_uw,15,4,2,32,0
15,10,sdp_X_uw,16,4,2,32,0
15,10,sdp_X_uw,17,4,2,32,0
15,10,sdp_X_uw,18,4,2,32,0
15,10,sdp_X_uw,19,4,2,32,0
15,10,sdp_X_uw,20,4,2,32,0
15,10,lp_xu_plus_xw,0,6,0,32,0
15,10,lp_xu_plus_xw,1,6,0,32,0
15,10,lp_xu_plus_xw,2,6,0,32,0
15,10,lp_xu_plus_xw,3,6,0,32,0
15,10,lp_xu_plus_xw,4,6,0,32,0
15,10,lp_xu_plus_xw,5,6,0,32,0
15,10,lp_xu_plus_xw,6,6,0,32,0
15,10,lp_xu_plus_xw,7,6,0,32,0
15,10,lp_xu_plus_xw,8,5,1,32,0
15,10,lp_xu_plus_xw,9,5,1,32,0
15,10,lp_xu_plus_xw,10,5,1,32,0
15,10,lp_xu_plus_xw,11,5,1,32,0
15,10,lp_xu_plus_xw,12,5,1,32,0
15,10,lp_xu_plus_xw,13,5,1,32,0
15,10,lp_xu_plus_xw,14,5,1,32,0
15,10,lp_xu_plus_xw,15,5,1,32,0
15,10,lp_xu_plus_xw,16,5,1,32,0
15,10,lp_xu_plus_xw,17,5,1,32,0
15,10,lp_xu_plus_xw,18,5,1,32,0
15,10,lp_xu_plus_xw,19,5,1,32,0
15,10,lp_xu_plus_xw,20,5,1,32,0
15,10,hoffman_grad,0,6,0,32,1
15,10,drop_e_max,0,6,0,32,0
15,10,drop_e_max,1,6,0,32,0
15,10,drop_e_max,2,5,1,32,0
15,10,drop_e_max,3,5,1,32,0
15,10,drop_e_max,4,5,1,32,0
15,10,drop_e_max,5,5,1,32,0
15,10,drop_e_max,6,4,2,32,0
15,10,drop_e_max,7,4,2,32,0
15,10,drop_e_max,8,4,2,32,0
15,10,drop_e_max,9,4,2,32,0
15,10,drop_e_max,10,4,2,32,0
15,10,drop_e_max,11,4,2,32,0
15,10,drop_e_max,12,4,2,32,0
15,10,drop_e_max,13,4,2,32,0
15,10,drop_e_max,14,4,2,32,0
15,10,drop_e_max,15,4,2,32,0
15,10,drop_e_max,16,4,2,32,0
15,10,drop_e_max,17,4,2,32,0
15,10,drop_e_max,18,4,2,32,0
15,10,drop_e_max,19,4,2,32,0
15,10,drop_e_max,20,4,2,32,0
15,10,drop_l_hc,0,6,0,32,0
15,10,drop_l_hc,1,6,0,32,0
15,10,drop_l_hc,2,6,0,32,0
15,10,drop_l_hc,3,6,0,32,0
15,10,drop_l_hc,4,6,0,32,0
15,10,drop_l_hc,5,6,0,32,0
15,10,drop_l_hc,6,6,0,32,0
15,10,drop_l_hc,7,6,0,32,0
15,10,drop_l_hc,8,5,1,32,0
15,10,drop_l_hc,9,5,1,32,0
15,10,drop_l_hc,10,5,1,32,0
15,10,drop_l_hc,11,5,1,32,0
15,10,drop_l_hc,12,5,1,32,0
15,10,drop_l_hc,13,5,1,32,0
15,10,drop_l_hc,14,5,1,32,0
15,10,drop_l_hc,15,5,1,32,0
15,10,drop_l_hc,16,5,1,32,0
15,10,drop_l_hc,17,5,1,32,0
15,10,drop_l_hc,18,5,1,32,0
15,10,drop_l_hc,19,5,1,32,0
15,10,drop_l_hc,20,5,1,32,0
15,11,random,0,6,0,32,0
15,11,random,1,6,0,32,0
15,11,random,2,6,0,32,0
15,11,random,3,6,0,32,0
15,11,random,4,6,0,32,0
15,11,random,5,6,0,32,0
15,11,random,6,6,0,32,0
15,11,random,7,5,1,32,0
15,11,random,8,5,1,32,0
15,11,random,9,5,1,32,0
15,11,random,10,5,1,32,0
15,11,random,11,5,1,32,0
15,11,random,12,5,1,32,0
15,11,random,13,5,1,32,0
15,11,random,14,5,1,32,0
15,11,random,15,5,1,32,0
15,11,random,16,5,1,32,0
15,11,random,17,5,1,32,0
15,11,random,18,4,2,32,0
15,11,random,19,4,2,32,0
15,11,random,20,4,2,32,0
15,11,drop_alpha,0,6,0,32,0
15,11,drop_alpha,1,6,0,32,0
15,11,drop_alpha,2,6,0,32,0
15,11,drop_alpha,3,6,0,32,0
15,11,drop_alpha,4,5,1,32,0
15,11,drop_alpha,5,5,1,32,0
15,11,drop_alpha,6,5,1,32,0
15,11,drop_alpha,7,5,1,32,0
15,11,drop_alpha,8,5,1,32,0
15,11,drop_alpha,9,5,1,32,0
15,11,drop_alpha,10,5,1,32,0
15,11,drop_alpha,11,5,1,32,0
15,11,drop_alpha,12,5,1,32,0
15,11,drop_alpha,13,5,1,32,0
15,11,drop_alpha,14,5,1,32,0
15,11,drop_alpha,15,5,1,32,0
15,11,drop_alpha,16,5,1,32,0
15,11,drop_alpha,17,5,1,32,0
15,11,drop_alpha,18,5,1,32,0
15,11,drop_alpha,19,5,1,32,0
15,11,drop_alpha,20,5,1,32,0
15,11,hardcore_comarg,0,6,0,32,0
15,11,hardcore_comarg,1,6,0,32,0
15,11,hardcore_comarg,2,5,1,32,0
15,11,hardcore_comarg,3,5,1,32,0
15,11,hardcore_comarg,4,5,1,32,0
15,11,hardcore_comarg,5,5,1,32,0
15,11,hardcore_comarg,6,5,1,32,0
15,11,hardcore_comarg,7,4,2,32,0
15,11,hardcore_comarg,8,4,2,32,0
15,11,hardcore_comarg,9,4,2,32,0
15,11,hardcore_comarg,10,4,2,32,0
15,11,hardcore_comarg,11,4,2,32,0
15,11,hardcore_comarg,12,4,2,32,0
15,11,hardcore_comarg,13,4,2,32,0
15,11,hardcore_comarg,14,4,2,32,0
15,11,hardcore_comarg,15,4,2,32,0
15,11,hardcore_comarg,16,4,2,32,0
15,11,hardcore_comarg,17,4,2,32,0
15,11,hardcore_comarg,18,4,2,32,0
15,11,hardcore_comarg,19,4,2,32,0
15,11,hardcore_comarg,20,4,2,32,0
15,11,sdp_X_uw,0,6,0,32,0
15,11,sdp_X_uw,1,6,0,32,0
15,11,sdp_X_uw,2,5,1,32,0
15,11,sdp_X_uw,3,5,1,32,0
15,11,sdp_X_uw,4,5,1,32,0
15,11,sdp_X_uw,5,5,1,32,0
15,11,sdp_X_uw,6,5,1,32,0
15,11,sdp_X_uw,7,4,2,32,0
15,11,sdp_X_uw,8,4,2,32,0
15,11,sdp_X_uw,9,4,2,32,0
15,11,sdp_X_uw,10,4,2,32,0
15,11,sdp_X_uw,11,4,2,32,0
15,11,sdp_X_uw,12,4,2,32,0
15,11,sdp_X_uw,13,4,2,32,0
15,11,sdp_X_uw,14,4,2,32,0
15,11,sdp_X_uw,15,4,2,32,0
15,11,sdp_X_uw,16,4,2,32,0
15,11,sdp_X_uw,17,4,2,32,0
15,11,sdp_X_uw,18,4,2,32,0
15,11,sdp_X_uw,19,4,2,32,0
15,11,sdp_X_uw,20,4,2,32,0
15,11,lp_xu_plus_xw,0,6,0,32,0
15,11,lp_xu_plus_xw,1,6,0,32,0
15,11,lp_xu_plus_xw,2,6,0,32,0
15,11,lp_xu_plus_xw,3,6,0,32,0
15,11,lp_xu_plus_xw,4,5,1,32,0
15,11,lp_xu_plus_xw,5,5,1,32,0
15,11,lp_xu_plus_xw,6,5,1,32,0
15,11,lp_xu_plus_xw,7,5,1,32,0
15,11,lp_xu_plus_xw,8,5,1,32,0
15,11,lp_xu_plus_xw,9,5,1,32,0
15,11,lp_xu_plus_xw,10,5,1,32,0
15,11,lp_xu_plus_xw,11,5,1,32,0
15,11,lp_xu_plus_xw,12,5,1,32,0
15,11,lp_xu_plus_xw,13,5,1,32,0
15,11,lp_xu_plus_xw,14,5,1,32,0
15,11,lp_xu_plus_xw,15,4,2,32,0
15,11,lp_xu_plus_xw,16,4,2,32,0
15,11,lp_xu_plus_xw,17,4,2,32,0
15,11,lp_xu_plus_xw,18,4,2,32,0
15,11,lp_xu_plus_xw,19,4,2,32,0
15,11,lp_xu_plus_xw,20,4,2,32,0
15,11,hoffman_grad,0,6,0,32,1
15,11,drop_e_max,0,6,0,32,0
15,11,drop_e_max,1,6,0,32,0
15,11,drop_e_max,2,6,0,32,0
15,11,drop_e_max,3,5,1,32,0
15,11,drop_e_max,4,5,1,32,0
15,11,drop_e_max,5,5,1,32,0
15,11,drop_e_max,6,5,1,32,0
15,11,drop_e_max,7,5,1,32,0
15,11,drop_e_max,8,4,2,32,0
15,11,drop_e_max,9,4,2,32,0
15,11,drop_e_max,10,4,2,32,0
15,11,drop_e_max,11,4,2,32,0
15,11,drop_e_max,12,4,2,32,0
15,11,drop_e_max,13,4,2,32,0
15,11,drop_e_max,14,4,2,32,0
15,11,drop_e_max,15,4,2,32,0
15,11,drop_e_max,16,4,2,32,0
15,11,drop_e_max,17,4,2,32,0
15,11,drop_e_max,18,4,2,32,0
15,11,drop_e_max,19,4,2,32,0
15,11,drop_e_max,20,4,2,32,0
15,11,drop_l_hc,0,6,0,32,0
15,11,drop_l_hc,1,6,0,32,0
15,11,drop_l_hc,2,6,0,32,0
15,11,drop_l_hc,3,6,0,32,0
15,11,drop_l_hc,4,6,0,32,0
15,11,drop_l_hc,5,6,0,32,0
15,11,drop_l_hc,6,6,0,32,0
15,11,drop_l_hc,7,6,0,32,0
15,11,drop_l_hc,8,6,0,32,0
15,11,drop_l_hc,9,5,1,32,0
15,11,drop_l_hc,10,5,1,32,0
15,11,drop_l_hc,11,5,1,32,0
15,11,drop_l_hc,12,5,1,32,0
15,11,drop_l_hc,13,5,1,32,0
15,11,drop_l_hc,14,5,1,32,0
15,11,drop_l_hc,15,5,1,32,0
15,11,drop_l_hc,16,5,1,32,0
15,11,drop_l_hc,17,5,1,32,0
15,11,drop_l_hc,18,5,1,32,0
15,11,drop_l_hc,19,5,1,32,0
15,11,drop_l_hc,20,5,1,32,0
15,12,random,0,6,0,32,0
15,12,random,1,6,0,32,0
15,12,random,2,6,0,32,0
15,12,random,3,6,0,32,0
15,12,random,4,6,0,32,0
15,12,random,5,6,0,32,0
15,12,random,6,6,0,32,0
15,12,random,7,6,0,32,0
15,12,random,8,6,0,32,0
15,12,random,9,6,0,32,0
15,12,random,10,6,0,32,0
15,12,random,11,6,0,32,0
15,12,random,12,6,0,32,0
15,12,random,13,6,0,32,0
15,12,random,14,6,0,32,0
15,12,random,15,6,0,32,0
15,12,random,16,6,0,32,0
15,12,random,17,6,0,32,0
15,12,random,18,6,0,32,0
15,12,random,19,6,0,32,0
15,12,random,20,6,0,32,0
15,12,drop_alpha,0,6,0,32,0
15,12,drop_alpha,1,6,0,32,0
15,12,drop_alpha,2,6,0,32,0
15,12,drop_alpha,3,5,1,32,0
15,12,drop_alpha,4,5,1,32,0
15,12,drop_alpha,5,5,1,32,0
15,12,drop_alpha,6,5,1,32,0
15,12,drop_alpha,7,5,1,32,0
15,12,drop_alpha,8,5,1,32,0
15,12,drop_alpha,9,5,1,32,0
15,12,drop_alpha,10,5,1,32,0
15,12,drop_alpha,11,5,1,32,0
15,12,drop_alpha,12,5,1,32,0
15,12,drop_alpha,13,5,1,32,0
15,12,drop_alpha,14,5,1,32,0
15,12,drop_alpha,15,5,1,32,0
15,12,drop_alpha,16,5,1,32,0
15,12,drop_alpha,17,4,2,32,0
15,12,drop_alpha,18,4,2,32,0
15,12,drop_alpha,19,4,2,32,0
15,12,drop_alpha,20,4,2,32,0
15,12,hardcore_comarg,0,6,0,32,0
15,12,hardcore_comarg,1,6,0,32,0
15,12,hardcore_comarg,2,5,1,32,0
15,12,hardcore_comarg,3,5,1,32,0
15,12,hardcore_comarg,4,5,1,32,0
15,12,hardcore_comarg,5,5,1,32,0
15,12,hardcore_comarg,6,4,2,32,0
15,12,hardcore_comarg,7,4,2,32,0
15,12,hardcore_comarg,8,4,2,32,0
15,12,hardcore_comarg,9,4,2,32,0
15,12,hardcore_comarg,10,4,2,32,0
15,12,hardcore_comarg,11,4,2,32,0
15,12,hardcore_comarg,12,4,2,32,0
15,12,hardcore_comarg,13,4,2,32,0
15,12,hardcore_comarg,14,4,2,32,0
15,12,hardcore_comarg,15,4,2,32,0
15,12,hardcore_comarg,16,4,2,32,0
15,12,hardcore_comarg,17,4,2,32,0
15,12,hardcore_comarg,18,4,2,32,0
15,12,hardcore_comarg,19,4,2,32,0
15,12,hardcore_comarg,20,4,2,32,0
15,12,sdp_X_uw,0,6,0,32,0
15,12,sdp_X_uw,1,6,0,32,0
15,12,sdp_X_uw,2,5,1,32,0
15,12,sdp_X_uw,3,5,1,32,0
15,12,sdp_X_uw,4,5,1,32,0
15,12,sdp_X_uw,5,5,1,32,0
15,12,sdp_X_uw,6,4,2,32,0
15,12,sdp_X_uw,7,4,2,32,0
15,12,sdp_X_uw,8,4,2,32,0
15,12,sdp_X_uw,9,4,2,32,0
15,12,sdp_X_uw,10,4,2,32,0
15,12,sdp_X_uw,11,4,2,32,0
15,12,sdp_X_uw,12,4,2,32,0
15,12,sdp_X_uw,13,4,2,32,0
15,12,sdp_X_uw,14,4,2,32,0
15,12,sdp_X_uw,15,4,2,32,0
15,12,sdp_X_uw,16,4,2,32,0
15,12,sdp_X_uw,17,4,2,32,0
15,12,sdp_X_uw,18,4,2,32,0
15,12,sdp_X_uw,19,4,2,32,0
15,12,sdp_X_uw,20,4,2,32,0
15,12,lp_xu_plus_xw,0,6,0,32,0
15,12,lp_xu_plus_xw,1,6,0,32,0
15,12,lp_xu_plus_xw,2,6,0,32,0
15,12,lp_xu_plus_xw,3,6,0,32,0
15,12,lp_xu_plus_xw,4,6,0,32,0
15,12,lp_xu_plus_xw,5,5,1,32,0
15,12,lp_xu_plus_xw,6,5,1,32,0
15,12,lp_xu_plus_xw,7,5,1,32,0
15,12,lp_xu_plus_xw,8,5,1,32,0
15,12,lp_xu_plus_xw,9,5,1,32,0
15,12,lp_xu_plus_xw,10,5,1,32,0
15,12,lp_xu_plus_xw,11,5,1,32,0
15,12,lp_xu_plus_xw,12,5,1,32,0
15,12,lp_xu_plus_xw,13,5,1,32,0
15,12,lp_xu_plus_xw,14,5,1,32,0
15,12,lp_xu_plus_xw,15,5,1,32,0
15,12,lp_xu_plus_xw,16,5,1,32,0
15,12,lp_xu_plus_xw,17,5,1,32,0
15,12,lp_xu_plus_xw,18,5,1,32,0
15,12,lp_xu_plus_xw,19,5,1,32,0
15,12,lp_xu_plus_xw,20,5,1,32,0
15,12,hoffman_grad,0,6,0,32,1
15,12,drop_e_max,0,6,0,32,0
15,12,drop_e_max,1,6,0,32,0
15,12,drop_e_max,2,5,1,32,0
15,12,drop_e_max,3,5,1,32,0
15,12,drop_e_max,4,5,1,32,0
15,12,drop_e_max,5,5,1,32,0
15,12,drop_e_max,6,5,1,32,0
15,12,drop_e_max,7,4,2,32,0
15,12,drop_e_max,8,4,2,32,0
15,12,drop_e_max,9,4,2,32,0
15,12,drop_e_max,10,4,2,32,0
15,12,drop_e_max,11,4,2,32,0
15,12,drop_e_max,12,4,2,32,0
15,12,drop_e_max,13,4,2,32,0
15,12,drop_e_max,14,4,2,32,0
15,12,drop_e_max,15,4,2,32,0
15,12,drop_e_max,16,4,2,32,0
15,12,drop_e_max,17,4,2,32,0
15,12,drop_e_max,18,4,2,32,0
15,12,drop_e_max,19,4,2,32,0
15,12,drop_e_max,20,4,2,32,0
15,12,drop_l_hc,0,6,0,32,0
15,12,drop_l_hc,1,6,0,32,0
15,12,drop_l_hc,2,6,0,32,0
15,12,drop_l_hc,3,6,0,32,0
15,12,drop_l_hc,4,6,0,32,0
15,12,drop_l_hc,5,6,0,32,0
15,12,drop_l_hc,6,6,0,32,0
15,12,drop_l_hc,7,6,0,32,0
15,12,drop_l_hc,8,6,0,32,0
15,12,drop_l_hc,9,6,0,32,0
15,12,drop_l_hc,10,6,0,32,0
15,12,drop_l_hc,11,6,0,32,0
15,12,drop_l_hc,12,6,0,32,0
15,12,drop_l_hc,13,6,0,32,0
15,12,drop_l_hc,14,6,0,32,0
15,12,drop_l_hc,15,6,0,32,0
15,12,drop_l_hc,16,6,0,32,0
15,12,drop_l_hc,17,6,0,32,0
15,12,drop_l_hc,18,6,0,32,0
15,12,drop_l_hc,19,6,0,32,0
15,12,drop_l_hc,20,6,0,32,0
15,13,random,0,6,0,32,0
15,13,random,1,6,0,32,0
15,13,random,2,6,0,32,0
15,13,random,3,6,0,32,0
15,13,random,4,6,0,32,0
15,13,random,5,6,0,32,0
15,13,random,6,6,0,32,0
15,13,random,7,6,0,32,0
15,13,random,8,6,0,32,0
15,13,random,9,6,0,32,0
15,13,random,10,5,1,32,0
15,13,random,11,5,1,32,0
15,13,random,12,5,1,32,0
15,13,random,13,5,1,32,0
15,13,random,14,5,1,32,0
15,13,random,15,5,1,32,0
15,13,random,16,5,1,32,0
15,13,random,17,5,1,32,0
15,13,random,18,5,1,32,0
15,13,random,19,5,1,32,0
15,13,random,20,5,1,32,0
15,13,drop_alpha,0,6,0,32,0
15,13,drop_alpha,1,6,0,32,0
15,13,drop_alpha,2,6,0,32,0
15,13,drop_alpha,3,6,0,32,0
15,13,drop_alpha,4,5,1,32,0
15,13,drop_alpha,5,5,1,32,0
15,13,drop_alpha,6,5,1,32,0
15,13,drop_alpha,7,5,1,32,0
15,13,drop_alpha,8,5,1,32,0
15,13,drop_alpha,9,5,1,32,0
15,13,drop_alpha,10,5,1,32,0
15,13,drop_alpha,11,5,1,32,0
15,13,drop_alpha,12,5,1,32,0
15,13,drop_alpha,13,5,1,32,0
15,13,drop_alpha,14,5,1,32,0
15,13,drop_alpha,15,5,1,32,0
15,13,drop_alpha,16,5,1,32,0
15,13,drop_alpha,17,5,1,32,0
15,13,drop_alpha,18,4,2,32,0
15,13,drop_alpha,19,4,2,32,0
15,13,drop_alpha,20,4,2,32,0
15,13,hardcore_comarg,0,6,0,32,0
15,13,hardcore_comarg,1,6,0,32,0
15,13,hardcore_comarg,2,5,1,32,0
15,13,hardcore_comarg,3,5,1,32,0
15,13,hardcore_comarg,4,5,1,32,0
15,13,hardcore_comarg,5,5,1,32,0
15,13,hardcore_comarg,6,5,1,32,0
15,13,hardcore_comarg,7,5,1,32,0
15,13,hardcore_comarg,8,5,1,32,0
15,13,hardcore_comarg,9,4,2,32,0
15,13,hardcore_comarg,10,4,2,32,0
15,13,hardcore_comarg,11,4,2,32,0
15,13,hardcore_comarg,12,4,2,32,0
15,13,hardcore_comarg,13,4,2,32,0
15,13,hardcore_comarg,14,4,2,32,0
15,13,hardcore_comarg,15,4,2,32,0
15,13,hardcore_comarg,16,4,2,32,0
15,13,hardcore_comarg,17,4,2,32,0
15,13,hardcore_comarg,18,4,2,32,0
15,13,hardcore_comarg,19,4,2,32,0
15,13,hardcore_comarg,20,4,2,32,0
15,13,sdp_X_uw,0,6,0,32,0
15,13,sdp_X_uw,1,6,0,32,0
15,13,sdp_X_uw,2,5,1,32,0
15,13,sdp_X_uw,3,5,1,32,0
15,13,sdp_X_uw,4,5,1,32,0
15,13,sdp_X_uw,5,5,1,32,0
15,13,sdp_X_uw,6,5,1,32,0
15,13,sdp_X_uw,7,5,1,32,0
15,13,sdp_X_uw,8,5,1,32,0
15,13,sdp_X_uw,9,4,2,32,0
15,13,sdp_X_uw,10,4,2,32,0
15,13,sdp_X_uw,11,4,2,32,0
15,13,sdp_X_uw,12,4,2,32,0
15,13,sdp_X_uw,13,4,2,32,0
15,13,sdp_X_uw,14,4,2,32,0
15,13,sdp_X_uw,15,4,2,32,0
15,13,sdp_X_uw,16,4,2,32,0
15,13,sdp_X_uw,17,4,2,32,0
15,13,sdp_X_uw,18,4,2,32,0
15,13,sdp_X_uw,19,4,2,32,0
15,13,sdp_X_uw,20,4,2,32,0
15,13,lp_xu_plus_xw,0,6,0,32,0
15,13,lp_xu_plus_xw,1,6,0,32,0
15,13,lp_xu_plus_xw,2,6,0,32,0
15,13,lp_xu_plus_xw,3,6,0,32,0
15,13,lp_xu_plus_xw,4,6,0,32,0
15,13,lp_xu_plus_xw,5,6,0,32,0
15,13,lp_xu_plus_xw,6,6,0,32,0
15,13,lp_xu_plus_xw,7,6,0,32,0
15,13,lp_xu_plus_xw,8,6,0,32,0
15,13,lp_xu_plus_xw,9,6,0,32,0
15,13,lp_xu_plus_xw,10,5,1,32,0
15,13,lp_xu_plus_xw,11,5,1,32,0
15,13,lp_xu_plus_xw,12,5,1,32,0
15,13,lp_xu_plus_xw,13,5,1,32,0
15,13,lp_xu_plus_xw,14,5,1,32,0
15,13,lp_xu_plus_xw,15,5,1,32,0
15,13,lp_xu_plus_xw,16,5,1,32,0
15,13,lp_xu_plus_xw,17,5,1,32,0
15,13,lp_xu_plus_xw,18,5,1,32,0
15,13,lp_xu_plus_xw,19,5,1,32,0
15,13,lp_xu_plus_xw,20,5,1,32,0
15,13,hoffman_grad,0,6,0,32,1
15,13,drop_e_max,0,6,0,32,0
15,13,drop_e_max,1,6,0,32,0
15,13,drop_e_max,2,5,1,32,0
15,13,drop_e_max,3,5,1,32,0
15,13,drop_e_max,4,5,1,32,0
15,13,drop_e_max,5,5,1,32,0
15,13,drop_e_max,6,5,1,32,0
15,13,drop_e_max,7,5,1,32,0
15,13,drop_e_max,8,5,1,32,0
15,13,drop_e_max,9,5,1,32,0
15,13,drop_e_max,10,4,2,32,0
15,13,drop_e_max,11,4,2,32,0
15,13,drop_e_max,12,4,2,32,0
15,13,drop_e_max,13,4,2,32,0
15,13,drop_e_max,14,4,2,32,0
15,13,drop_e_max,15,4,2,32,0
15,13,drop_e_max,16,4,2,32,0
15,13,drop_e_max,17,4,2,32,0
15,13,drop_e_max,18,4,2,32,0
15,13,drop_e_max,19,4,2,32,0
15,13,drop_e_max,20,4,2,32,0
15,13,drop_l_hc,0,6,0,32,0
15,13,drop_l_hc,1,6,0,32,0
15,13,drop_l_hc,2,6,0,32,0
15,13,drop_l_hc,3,6,0,32,0
15,13,drop_l_hc,4,6,0,32,0
15,13,drop_l_hc,5,6,0,32,0
15,13,drop_l_hc,6,6,0,32,0
15,13,drop_l_hc,7,6,0,32,0
15,13,drop_l_hc,8,6,0,32,0
15,13,drop_l_hc,9,6,0,32,0
15,13,drop_l_hc,10,6,0,32,0
15,13,drop_l_hc,11,6,0,32,0
15,13,drop_l_hc,12,6,0,32,0
15,13,drop_l_hc,13,6,0,32,0
15,13,drop_l_hc,14,6,0,32,0
15,13,drop_l_hc,15,6,0,32,0
15,13,drop_l_hc,16,6,0,32,0
15,13,drop_l_hc,17,6,0,32,0
15,13,drop_l_hc,18,6,0,32,0
15,13,drop_l_hc,19,6,0,32,0
15,13,drop_l_hc,20,6,0,32,0
15,14,random,0,6,0,32,0
15,14,random,1,6,0,32,0
15,14,random,2,6,0,32,0
15,14,random,3,6,0,32,0
15,14,random,4,6,0,32,0
15,14,random,5,6,0,32,0
15,14,random,6,6,0,32,0
15,14,random,7,6,0,32,0
15,14,random,8,6,0,32,0
15,14,random,9,6,0,32,0
15,14,random,10,6,0,32,0
15,14,random,11,6,0,32,0
15,14,random,12,6,0,32,0
15,14,random,13,6,0,32,0
15,14,random,14,5,1,32,0
15,14,random,15,5,1,32,0
15,14,random,16,5,1,32,0
15,14,random,17,5,1,32,0
15,14,random,18,5,1,32,0
15,14,random,19,5,1,32,0
15,14,random,20,5,1,32,0
15,14,drop_alpha,0,6,0,32,0
15,14,drop_alpha,1,6,0,32,0
15,14,drop_alpha,2,6,0,32,0
15,14,drop_alpha,3,6,0,32,0
15,14,drop_alpha,4,5,1,32,0
15,14,drop_alpha,5,5,1,32,0
15,14,drop_alpha,6,5,1,32,0
15,14,drop_alpha,7,5,1,32,0
15,14,drop_alpha,8,5,1,32,0
15,14,drop_alpha,9,5,1,32,0
15,14,drop_alpha,10,5,1,32,0
15,14,drop_alpha,11,5,1,32,0
15,14,drop_alpha,12,5,1,32,0
15,14,drop_alpha,13,5,1,32,0
15,14,drop_alpha,14,5,1,32,0
15,14,drop_alpha,15,5,1,32,0
15,14,drop_alpha,16,5,1,32,0
15,14,drop_alpha,17,5,1,32,0
15,14,drop_alpha,18,5,1,32,0
15,14,drop_alpha,19,5,1,32,0
15,14,drop_alpha,20,5,1,32,0
15,14,hardcore_comarg,0,6,0,32,0
15,14,hardcore_comarg,1,6,0,32,0
15,14,hardcore_comarg,2,5,1,32,0
15,14,hardcore_comarg,3,5,1,32,0
15,14,hardcore_comarg,4,5,1,32,0
15,14,hardcore_comarg,5,5,1,32,0
15,14,hardcore_comarg,6,5,1,32,0
15,14,hardcore_comarg,7,5,1,32,0
15,14,hardcore_comarg,8,5,1,32,0
15,14,hardcore_comarg,9,4,2,32,0
15,14,hardcore_comarg,10,4,2,32,0
15,14,hardcore_comarg,11,4,2,32,0
15,14,hardcore_comarg,12,4,2,32,0
15,14,hardcore_comarg,13,4,2,32,0
15,14,hardcore_comarg,14,4,2,32,0
15,14,hardcore_comarg,15,4,2,32,0
15,14,hardcore_comarg,16,4,2,32,0
15,14,hardcore_comarg,17,4,2,32,0
15,14,hardcore_comarg,18,4,2,32,0
15,14,hardcore_comarg,19,4,2,32,0
15,14,hardcore_comarg,20,4,2,32,0
15,14,sdp_X_uw,0,6,0,32,0
15,14,sdp_X_uw,1,6,0,32,0
15,14,sdp_X_uw,2,5,1,32,0
15,14,sdp_X_uw,3,5,1,32,0
15,14,sdp_X_uw,4,5,1,32,0
15,14,sdp_X_uw,5,5,1,32,0
15,14,sdp_X_uw,6,5,1,32,0
15,14,sdp_X_uw,7,5,1,32,0
15,14,sdp_X_uw,8,4,2,32,0
15,14,sdp_X_uw,9,4,2,32,0
15,14,sdp_X_uw,10,4,2,32,0
15,14,sdp_X_uw,11,4,2,32,0
15,14,sdp_X_uw,12,4,2,32,0
15,14,sdp_X_uw,13,4,2,32,0
15,14,sdp_X_uw,14,4,2,32,0
15,14,sdp_X_uw,15,4,2,32,0
15,14,sdp_X_uw,16,4,2,32,0
15,14,sdp_X_uw,17,4,2,32,0
15,14,sdp_X_uw,18,4,2,32,0
15,14,sdp_X_uw,19,4,2,32,0
15,14,sdp_X_uw,20,4,2,32,0
15,14,lp_xu_plus_xw,0,6,0,32,0
15,14,lp_xu_plus_xw,1,6,0,32,0
15,14,lp_xu_plus_xw,2,6,0,32,0
15,14,lp_xu_plus_xw,3,6,0,32,0
15,14,lp_xu_plus_xw,4,6,0,32,0
15,14,lp_xu_plus_xw,5,6,0,32,0
15,14,lp_xu_plus_xw,6,6,0,32,0
15,14,lp_xu_plus_xw,7,5,1,32,0
15,14,lp_xu_plus_xw,8,5,1,32,0
15,14,lp_xu_plus_xw,9,5,1,32,0
15,14,lp_xu_plus_xw,10,5,1,32,0
15,14,lp_xu_plus_xw,11,5,1,32,0
15,14,lp_xu_plus_xw,12,5,1,32,0
15,14,lp_xu_plus_xw,13,5,1,32,0
15,14,lp_xu_plus_xw,14,5,1,32,0
15,14,lp_xu_plus_xw,15,5,1,32,0
15,14,lp_xu_plus_xw,16,5,1,32,0
15,14,lp_xu_plus_xw,17,5,1,32,0
15,14,lp_xu_plus_xw,18,5,1,32,0
15,14,lp_xu_plus_xw,19,5,1,32,0
15,14,lp_xu_plus_xw,20,5,1,32,0
15,14,hoffman_grad,0,6,0,32,1
15,14,drop_e_max,0,6,0,32,0
15,14,drop_e_max,1,6,0,32,0
15,14,drop_e_max,2,5,1,32,0
15,14,drop_e_max,3,5,1,32,0
15,14,drop_e_max,4,5,1,32,0
15,14,drop_e_max,5,5,1,32,0
15,14,drop_e_max,6,5,1,32,0
15,14,drop_e_max,7,4,2,32,0
15,14,drop_e_max,8,4,2,32,0
15,14,drop_e_max,9,4,2,32,0
15,14,drop_e_max,10,4,2,32,0
15,14,drop_e_max,11,4,2,32,0
15,14,drop_e_max,12,4,2,32,0
15,14,drop_e_max,13,4,2,32,0
15,14,drop_e_max,14,4,2,32,0
15,14,drop_e_max,15,4,2,32,0
15,14,drop_e_max,16,4,2,32,0
15,14,drop_e_max,17,4,2,32,0
15,14,drop_e_max,18,4,2,32,0
15,14,drop_e_max,19,4,2,32,0
15,14,drop_e_max,20,4,2,32,0
15,14,drop_l_hc,0,6,0,32,0
15,14,drop_l_hc,1,6,0,32,0
15,14,drop_l_hc,2,6,0,32,0
15,14,drop_l_hc,3,6,0,32,0
15,14,drop_l_hc,4,6,0,32,0
15,14,drop_l_hc,5,6,0,32,0
15,14,drop_l_hc,6,6,0,32,0
15,14,drop_l_hc,7,6,0,32,0
15,14,drop_l_hc,8,6,0,32,0
15,14,drop_l_hc,9,6,0,32,0
15,14,drop_l_hc,10,6,0,32,0
15,14,drop_l_hc,11,6,0,32,0
15,14,drop_l_hc,12,6,0,32,0
15,14,drop_l_hc,13,6,0,32,0
15,14,drop_l_hc,14,5,1,32,0
15,14,drop_l_hc,15,5,1,32,0
15,14,drop_l_hc,16,5,1,32,0
15,14,drop_l_hc,17,5,1,32,0
15,14,drop_l_hc,18,5,1,32,0
15,14,drop_l_hc,19,5,1,32,0
15,14,drop_l_hc,20,5,1,32,0
15,15,random,0,6,0,32,0
15,15,random,1,6,0,32,0
15,15,random,2,6,0,32,0
15,15,random,3,6,0,32,0
15,15,random,4,6,0,32,0
15,15,random,5,6,0,32,0
15,15,random,6,6,0,32,0
15,15,random,7,6,0,32,0
15,15,random,8,5,1,32,0
15,15,random,9,5,1,32,0
15,15,random,10,5,1,32,0
15,15,random,11,5,1,32,0
15,15,random,12,5,1,32,0
15,15,random,13,5,1,32,0
15,15,random,14,5,1,32,0
15,15,random,15,5,1,32,0
15,15,random,16,5,1,32,0
15,15,random,17,5,1,32,0
15,15,random,18,5,1,32,0
15,15,random,19,5,1,32,0
15,15,random,20,4,2,32,0
15,15,drop_alpha,0,6,0,32,0
15,15,drop_alpha,1,6,0,32,0
15,15,drop_alpha,2,6,0,32,0
15,15,drop_alpha,3,6,0,32,0
15,15,drop_alpha,4,6,0,32,0
15,15,drop_alpha,5,6,0,32,0
15,15,drop_alpha,6,6,0,32,0
15,15,drop_alpha,7,6,0,32,0
15,15,drop_alpha,8,6,0,32,0
15,15,drop_alpha,9,5,1,32,0
15,15,drop_alpha,10,5,1,32,0
15,15,drop_alpha,11,5,1,32,0
15,15,drop_alpha,12,5,1,32,0
15,15,drop_alpha,13,5,1,32,0
15,15,drop_alpha,14,5,1,32,0
15,15,drop_alpha,15,5,1,32,0
15,15,drop_alpha,16,5,1,32,0
15,15,drop_alpha,17,5,1,32,0
15,15,drop_alpha,18,5,1,32,0
15,15,drop_alpha,19,5,1,32,0
15,15,drop_alpha,20,5,1,32,0
15,15,hardcore_comarg,0,6,0,32,0
15,15,hardcore_comarg,1,6,0,32,0
15,15,hardcore_comarg,2,5,1,32,0
15,15,hardcore_comarg,3,5,1,32,0
15,15,hardcore_comarg,4,5,1,32,0
15,15,hardcore_comarg,5,5,1,32,0
15,15,hardcore_comarg,6,5,1,32,0
15,15,hardcore_comarg,7,4,2,32,0
15,15,hardcore_comarg,8,4,2,32,0
15,15,hardcore_comarg,9,4,2,32,0
15,15,hardcore_comarg,10,4,2,32,0
15,15,hardcore_comarg,11,4,2,32,0
15,15,hardcore_comarg,12,4,2,32,0
15,15,hardcore_comarg,13,4,2,32,0
15,15,hardcore_comarg,14,4,2,32,0
15,15,hardcore_comarg,15,4,2,32,0
15,15,hardcore_comarg,16,4,2,32,0
15,15,hardcore_comarg,17,4,2,32,0
15,15,hardcore_comarg,18,4,2,32,0
15,15,hardcore_comarg,19,4,2,32,0
15,15,hardcore_comarg,20,4,2,32,0
15,15,sdp_X_uw,0,6,0,32,0
15,15,sdp_X_uw,1,6,0,32,0
15,15,sdp_X_uw,2,5,1,32,0
15,15,sdp_X_uw,3,5,1,32,0
15,15,sdp_X_uw,4,5,1,32,0
15,15,sdp_X_uw,5,5,1,32,0
15,15,sdp_X_uw,6,5,1,32,0
15,15,sdp_X_uw,7,4,2,32,0
15,15,sdp_X_uw,8,4,2,32,0
15,15,sdp_X_uw,9,4,2,32,0
15,15,sdp_X_uw,10,4,2,32,0
15,15,sdp_X_uw,11,4,2,32,0
15,15,sdp_X_uw,12,4,2,32,0
15,15,sdp_X_uw,13,4,2,32,0
15,15,sdp_X_uw,14,4,2,32,0
15,15,sdp_X_uw,15,4,2,32,0
15,15,sdp_X_uw,16,4,2,32,0
15,15,sdp_X_uw,17,4,2,32,0
15,15,sdp_X_uw,18,4,2,32,0
15,15,sdp_X_uw,19,4,2,32,0
15,15,sdp_X_uw,20,4,2,32,0
15,15,lp_xu_plus_xw,0,6,0,32,0
15,15,lp_xu_plus_xw,1,6,0,32,0
15,15,lp_xu_plus_xw,2,5,1,32,0
15,15,lp_xu_plus_xw,3,5,1,32,0
15,15,lp_xu_plus_xw,4,5,1,32,0
15,15,lp_xu_plus_xw,5,5,1,32,0
15,15,lp_xu_plus_xw,6,5,1,32,0
15,15,lp_xu_plus_xw,7,5,1,32,0
15,15,lp_xu_plus_xw,8,5,1,32,0
15,15,lp_xu_plus_xw,9,5,1,32,0
15,15,lp_xu_plus_xw,10,5,1,32,0
15,15,lp_xu_plus_xw,11,5,1,32,0
15,15,lp_xu_plus_xw,12,5,1,32,0
15,15,lp_xu_plus_xw,13,5,1,32,0
15,15,lp_xu_plus_xw,14,5,1,32,0
15,15,lp_xu_plus_xw,15,5,1,32,0
15,15,lp_xu_plus_xw,16,5,1,32,0
15,15,lp_xu_plus_xw,17,5,1,32,0
15,15,lp_xu_plus_xw,18,5,1,32,0
15,15,lp_xu_plus_xw,19,5,1,32,0
15,15,lp_xu_plus_xw,20,5,1,32,0
15,15,hoffman_grad,0,6,0,32,1
15,15,drop_e_max,0,6,0,32,0
15,15,drop_e_max,1,6,0,32,0
15,15,drop_e_max,2,5,1,32,0
15,15,drop_e_max,3,5,1,32,0
15,15,drop_e_max,4,5,1,32,0
15,15,drop_e_max,5,5,1,32,0
15,15,drop_e_max,6,5,1,32,0
15,15,drop_e_max,7,4,2,32,0
15,15,drop_e_max,8,4,2,32,0
15,15,drop_e_max,9,4,2,32,0
15,15,drop_e_max,10,4,2,32,0
15,15,drop_e_max,11,4,2,32,0
15,15,drop_e_max,12,4,2,32,0
15,15,drop_e_max,13,4,2,32,0
15,15,drop_e_max,14,4,2,32,0
15,15,drop_e_max,15,4,2,32,0
15,15,drop_e_max,16,4,2,32,0
15,15,drop_e_max,17,4,2,32,0
15,15,drop_e_max,18,4,2,32,0
15,15,drop_e_max,19,4,2,32,0
15,15,drop_e_max,20,4,2,32,0
15,15,drop_l_hc,0,6,0,32,0
15,15,drop_l_hc,1,6,0,32,0
15,15,drop_l_hc,2,6,0,32,0
15,15,drop_l_hc,3,6,0,32,0
15,15,drop_l_hc,4,6,0,32,0
15,15,drop_l_hc,5,6,0,32,0
15,15,drop_l_hc,6,6,0,32,0
15,15,drop_l_hc,7,6,0,32,0
15,15,drop_l_hc,8,6,0,32,0
15,15,drop_l_hc,9,6,0,32,0
15,15,drop_l_hc,10,6,0,32,0
15,15,drop_l_hc,11,6,0,32,0
15,15,drop_l_hc,12,5,1,32,0
15,15,drop_l_hc,13,5,1,32,0
15,15,drop_l_hc,14,5,1,32,0
15,15,drop_l_hc,15,5,1,32,0
15,15,drop_l_hc,16,5,1,32,0
15,15,drop_l_hc,17,5,1,32,0
15,15,drop_l_hc,18,5,1,32,0
15,15,drop_l_hc,19,5,1,32,0
15,15,drop_l_hc,20,5,1,32,0
15,16,random,0,6,0,32,0
15,16,random,1,6,0,32,0
15,16,random,2,6,0,32,0
15,16,random,3,6,0,32,0
15,16,random,4,6,0,32,0
15,16,random,5,6,0,32,0
15,16,random,6,6,0,32,0
15,16,random,7,6,0,32,0
15,16,random,8,5,1,32,0
15,16,random,9,5,1,32,0
15,16,random,10,5,1,32,0
15,16,random,11,5,1,32,0
15,16,random,12,5,1,32,0
15,16,random,13,5,1,32,0
15,16,random,14,5,1,32,0
15,16,random,15,5,1,32,0
15,16,random,16,5,1,32,0
15,16,random,17,5,1,32,0
15,16,random,18,5,1,32,0
15,16,random,19,5,1,32,0
15,16,random,20,5,1,32,0
15,16,drop_alpha,0,6,0,32,0
15,16,drop_alpha,1,6,0,32,0
15,16,drop_alpha,2,6,0,32,0
15,16,drop_alpha,3,6,0,32,0
15,16,drop_alpha,4,6,0,32,0
15,16,drop_alpha,5,6,0,32,0
15,16,drop_alpha,6,6,0,32,0
15,16,drop_alpha,7,5,1,32,0
15,16,drop_alpha,8,5,1,32,0
15,16,drop_alpha,9,5,1,32,0
15,16,drop_alpha,10,5,1,32,0
15,16,drop_alpha,11,5,1,32,0
15,16,drop_alpha,12,5,1,32,0
15,16,drop_alpha,13,5,1,32,0
15,16,drop_alpha,14,5,1,32,0
15,16,drop_alpha,15,5,1,32,0
15,16,drop_alpha,16,5,1,32,0
15,16,drop_alpha,17,5,1,32,0
15,16,drop_alpha,18,5,1,32,0
15,16,drop_alpha,19,5,1,32,0
15,16,drop_alpha,20,5,1,32,0
15,16,hardcore_comarg,0,6,0,32,0
15,16,hardcore_comarg,1,6,0,32,0
15,16,hardcore_comarg,2,5,1,32,0
15,16,hardcore_comarg,3,5,1,32,0
15,16,hardcore_comarg,4,5,1,32,0
15,16,hardcore_comarg,5,5,1,32,0
15,16,hardcore_comarg,6,5,1,32,0
15,16,hardcore_comarg,7,5,1,32,0
15,16,hardcore_comarg,8,4,2,32,0
15,16,hardcore_comarg,9,4,2,32,0
15,16,hardcore_comarg,10,4,2,32,0
15,16,hardcore_comarg,11,4,2,32,0
15,16,hardcore_comarg,12,4,2,32,0
15,16,hardcore_comarg,13,4,2,32,0
15,16,hardcore_comarg,14,4,2,32,0
15,16,hardcore_comarg,15,4,2,32,0
15,16,hardcore_comarg,16,4,2,32,0
15,16,hardcore_comarg,17,4,2,32,0
15,16,hardcore_comarg,18,4,2,32,0
15,16,hardcore_comarg,19,4,2,32,0
15,16,hardcore_comarg,20,4,2,32,0
15,16,sdp_X_uw,0,6,0,32,0
15,16,sdp_X_uw,1,6,0,32,0
15,16,sdp_X_uw,2,5,1,32,0
15,16,sdp_X_uw,3,5,1,32,0
15,16,sdp_X_uw,4,5,1,32,0
15,16,sdp_X_uw,5,5,1,32,0
15,16,sdp_X_uw,6,5,1,32,0
15,16,sdp_X_uw,7,4,2,32,0
15,16,sdp_X_uw,8,4,2,32,0
15,16,sdp_X_uw,9,4,2,32,0
15,16,sdp_X_uw,10,4,2,32,0
15,16,sdp_X_uw,11,4,2,32,0
15,16,sdp_X_uw,12,4,2,32,0
15,16,sdp_X_uw,13,4,2,32,0
15,16,sdp_X_uw,14,4,2,32,0
15,16,sdp_X_uw,15,4,2,32,0
15,16,sdp_X_uw,16,4,2,32,0
15,16,sdp_X_uw,17,4,2,32,0
15,16,sdp_X_uw,18,4,2,32,0
15,16,sdp_X_uw,19,4,2,32,0
15,16,sdp_X_uw,20,4,2,32,0
15,16,lp_xu_plus_xw,0,6,0,32,0
15,16,lp_xu_plus_xw,1,6,0,32,0
15,16,lp_xu_plus_xw,2,5,1,32,0
15,16,lp_xu_plus_xw,3,5,1,32,0
15,16,lp_xu_plus_xw,4,5,1,32,0
15,16,lp_xu_plus_xw,5,5,1,32,0
15,16,lp_xu_plus_xw,6,5,1,32,0
15,16,lp_xu_plus_xw,7,5,1,32,0
15,16,lp_xu_plus_xw,8,5,1,32,0
15,16,lp_xu_plus_xw,9,5,1,32,0
15,16,lp_xu_plus_xw,10,4,2,32,0
15,16,lp_xu_plus_xw,11,4,2,32,0
15,16,lp_xu_plus_xw,12,4,2,32,0
15,16,lp_xu_plus_xw,13,4,2,32,0
15,16,lp_xu_plus_xw,14,4,2,32,0
15,16,lp_xu_plus_xw,15,4,2,32,0
15,16,lp_xu_plus_xw,16,4,2,32,0
15,16,lp_xu_plus_xw,17,4,2,32,0
15,16,lp_xu_plus_xw,18,4,2,32,0
15,16,lp_xu_plus_xw,19,4,2,32,0
15,16,lp_xu_plus_xw,20,4,2,32,0
15,16,hoffman_grad,0,6,0,32,1
15,16,drop_e_max,0,6,0,32,0
15,16,drop_e_max,1,6,0,32,0
15,16,drop_e_max,2,5,1,32,0
15,16,drop_e_max,3,5,1,32,0
15,16,drop_e_max,4,5,1,32,0
15,16,drop_e_max,5,5,1,32,0
15,16,drop_e_max,6,4,2,32,0
15,16,drop_e_max,7,4,2,32,0
15,16,drop_e_max,8,4,2,32,0
15,16,drop_e_max,9,4,2,32,0
15,16,drop_e_max,10,4,2,32,0
15,16,drop_e_max,11,4,2,32,0
15,16,drop_e_max,12,4,2,32,0
15,16,drop_e_max,13,4,2,32,0
15,16,drop_e_max,14,4,2,32,0
15,16,drop_e_max,15,4,2,32,0
15,16,drop_e_max,16,4,2,32,0
15,16,drop_e_max,17,4,2,32,0
15,16,drop_e_max,18,4,2,32,0
15,16,drop_e_max,19,4,2,32,0
15,16,drop_e_max,20,4,2,32,0
15,16,drop_l_hc,0,6,0,32,0
15,16,drop_l_hc,1,6,0,32,0
15,16,drop_l_hc,2,6,0,32,0
15,16,drop_l_hc,3,6,0,32,0
15,16,drop_l_hc,4,6,0,32,0
15,16,drop_l_hc,5,6,0,32,0
15,16,drop_l_hc,6,6,0,32,0
15,16,drop_l_hc,7,6,0,32,0
15,16,drop_l_hc,8,6,0,32,0
15,16,drop_l_hc,9,6,0,32,0
15,16,drop_l_hc,10,6,0,32,0
15,16,drop_l_hc,11,6,0,32,0
15,16,drop_l_hc,12,6,0,32,0
15,16,drop_l_hc,13,5,1,32,0
15,16,drop_l_hc,14,5,1,32,0
15,16,drop_l_hc,15,5,1,32,0
15,16,drop_l_hc,16,5,1,32,0
15,16,drop_l_hc,17,5,1,32,0
15,16,drop_l_hc,18,5,1,32,0
15,16,drop_l_hc,19,5,1,32,0
15,16,drop_l_hc,20,5,1,32,0
15,17,random,0,6,0,32,0
15,17,random,1,6,0,32,0
15,17,random,2,6,0,32,0
15,17,random,3,6,0,32,0
15,17,random,4,6,0,32,0
15,17,random,5,6,0,32,0
15,17,random,6,6,0,32,0
15,17,random,7,6,0,32,0
15,17,random,8,6,0,32,0
15,17,random,9,6,0,32,0
15,17,random,10,6,0,32,0
15,17,random,11,6,0,32,0
15,17,random,12,6,0,32,0
15,17,random,13,6,0,32,0
15,17,random,14,6,0,32,0
15,17,random,15,6,0,32,0
15,17,random,16,6,0,32,0
15,17,random,17,6,0,32,0
15,17,random,18,6,0,32,0
15,17,random,19,5,1,32,0
15,17,random,20,5,1,32,0
15,17,drop_alpha,0,6,0,32,0
15,17,drop_alpha,1,6,0,32,0
15,17,drop_alpha,2,6,0,32,0
15,17,drop_alpha,3,5,1,32,0
15,17,drop_alpha,4,5,1,32,0
15,17,drop_alpha,5,5,1,32,0
15,17,drop_alpha,6,5,1,32,0
15,17,drop_alpha,7,5,1,32,0
15,17,drop_alpha,8,5,1,32,0
15,17,drop_alpha,9,5,1,32,0
15,17,drop_alpha,10,5,1,32,0
15,17,drop_alpha,11,5,1,32,0
15,17,drop_alpha,12,4,2,32,0
15,17,drop_alpha,13,4,2,32,0
15,17,drop_alpha,14,4,2,32,0
15,17,drop_alpha,15,4,2,32,0
15,17,drop_alpha,16,4,2,32,0
15,17,drop_alpha,17,4,2,32,0
15,17,drop_alpha,18,4,2,32,0
15,17,drop_alpha,19,4,2,32,0
15,17,drop_alpha,20,4,2,32,0
15,17,hardcore_comarg,0,6,0,32,0
15,17,hardcore_comarg,1,6,0,32,0
15,17,hardcore_comarg,2,5,1,32,0
15,17,hardcore_comarg,3,5,1,32,0
15,17,hardcore_comarg,4,5,1,32,0
15,17,hardcore_comarg,5,4,2,32,0
15,17,hardcore_comarg,6,4,2,32,0
15,17,hardcore_comarg,7,4,2,32,0
15,17,hardcore_comarg,8,4,2,32,0
15,17,hardcore_comarg,9,4,2,32,0
15,17,hardcore_comarg,10,4,2,32,0
15,17,hardcore_comarg,11,4,2,32,0
15,17,hardcore_comarg,12,4,2,32,0
15,17,hardcore_comarg,13,4,2,32,0
15,17,hardcore_comarg,14,4,2,32,0
15,17,hardcore_comarg,15,4,2,32,0
15,17,hardcore_comarg,16,4,2,32,0
15,17,hardcore_comarg,17,4,2,32,0
15,17,hardcore_comarg,18,4,2,32,0
15,17,hardcore_comarg,19,4,2,32,0
15,17,hardcore_comarg,20,4,2,32,0
15,17,sdp_X_uw,0,6,0,32,0
15,17,sdp_X_uw,1,6,0,32,0
15,17,sdp_X_uw,2,5,1,32,0
15,17,sdp_X_uw,3,5,1,32,0
15,17,sdp_X_uw,4,5,1,32,0
15,17,sdp_X_uw,5,5,1,32,0
15,17,sdp_X_uw,6,5,1,32,0
15,17,sdp_X_uw,7,4,2,32,0
15,17,sdp_X_uw,8,4,2,32,0
15,17,sdp_X_uw,9,4,2,32,0
15,17,sdp_X_uw,10,4,2,32,0
15,17,sdp_X_uw,11,4,2,32,0
15,17,sdp_X_uw,12,4,2,32,0
15,17,sdp_X_uw,13,4,2,32,0
15,17,sdp_X_uw,14,4,2,32,0
15,17,sdp_X_uw,15,4,2,32,0
15,17,sdp_X_uw,16,4,2,32,0
15,17,sdp_X_uw,17,4,2,32,0
15,17,sdp_X_uw,18,4,2,32,0
15,17,sdp_X_uw,19,4,2,32,0
15,17,sdp_X_uw,20,4,2,32,0
15,17,lp_xu_plus_xw,0,6,0,32,0
15,17,lp_xu_plus_xw,1,6,0,32,0
15,17,lp_xu_plus_xw,2,6,0,32,0
15,17,lp_xu_plus_xw,3,6,0,32,0
15,17,lp_xu_plus_xw,4,6,0,32,0
15,17,lp_xu_plus_xw,5,6,0,32,0
15,17,lp_xu_plus_xw,6,5,1,32,0
15,17,lp_xu_plus_xw,7,5,1,32,0
15,17,lp_xu_plus_xw,8,5,1,32,0
15,17,lp_xu_plus_xw,9,5,1,32,0
15,17,lp_xu_plus_xw,10,5,1,32,0
15,17,lp_xu_plus_xw,11,5,1,32,0
15,17,lp_xu_plus_xw,12,5,1,32,0
15,17,lp_xu_plus_xw,13,5,1,32,0
15,17,lp_xu_plus_xw,14,4,2,32,0
15,17,lp_xu_plus_xw,15,4,2,32,0
15,17,lp_xu_plus_xw,16,4,2,32,0
15,17,lp_xu_plus_xw,17,4,2,32,0
15,17,lp_xu_plus_xw,18,4,2,32,0
15,17,lp_xu_plus_xw,19,4,2,32,0
15,17,lp_xu_plus_xw,20,4,2,32,0
15,17,hoffman_grad,0,6,0,32,1
15,17,drop_e_max,0,6,0,32,0
15,17,drop_e_max,1,6,0,32,0
15,17,drop_e_max,2,5,1,32,0
15,17,drop_e_max,3,5,1,32,0
15,17,drop_e_max,4,5,1,32,0
15,17,drop_e_max,5,4,2,32,0
15,17,drop_e_max,6,4,2,32,0
15,17,drop_e_max,7,4,2,32,0
15,17,drop_e_max,8,4,2,32,0
15,17,drop_e_max,9,4,2,32,0
15,17,drop_e_max,10,4,2,32,0
15,17,drop_e_max,11,4,2,32,0
15,17,drop_e_max,12,4,2,32,0
15,17,drop_e_max,13,4,2,32,0
15,17,drop_e_max,14,4,2,32,0
15,17,drop_e_max,15,4,2,32,0
15,17,drop_e_max,16,4,2,32,0
15,17,drop_e_max,17,4,2,32,0
15,17,drop_e_max,18,4,2,32,0
15,17,drop_e_max,19,4,2,32,0
15,17,drop_e_max,20,4,2,32,0
15,17,drop_l_hc,0,6,0,32,0
15,17,drop_l_hc,1,6,0,32,0
15,17,drop_l_hc,2,6,0,32,0
15,17,drop_l_hc,3,6,0,32,0
15,17,drop_l_hc,4,6,0,32,0
15,17,drop_l_hc,5,6,0,32,0
15,17,drop_l_hc,6,6,0,32,0
15,17,drop_l_hc,7,6,0,32,0
15,17,drop_l_hc,8,6,0,32,0
15,17,drop_l_hc,9,6,0,32,0
15,17,drop_l_hc,10,6,0,32,0
15,17,drop_l_hc,11,5,1,32,0
15,17,drop_l_hc,12,5,1,32,0
15,17,drop_l_hc,13,5,1,32,0
15,17,drop_l_hc,14,5,1,32,0
15,17,drop_l_hc,15,5,1,32,0
15,17,drop_l_hc,16,5,1,32,0
15,17,drop_l_hc,17,5,1,32,0
15,17,drop_l_hc,18,5,1,32,0
15,17,drop_l_hc,19,5,1,32,0
15,17,drop_l_hc,20,5,1,32,0
15,18,random,0,6,0,32,0
15,18,random,1,6,0,32,0
15,18,random,2,6,0,32,0
15,18,random,3,6,0,32,0
15,18,random,4,6,0,32,0
15,18,random,5,6,0,32,0
15,18,random,6,6,0,32,0
15,18,random,7,5,1,32,0
15,18,random,8,5,1,32,0
15,18,random,9,5,1,32,0
15,18,random,10,5,1,32,0
15,18,random,11,5,1,32,0
15,18,random,12,5,1,32,0
15,18,random,13,5,1,32,0
15,18,random,14,5,1,32,0
15,18,random,15,5,1,32,0
15,18,random,16,5,1,32,0
15,18,random,17,5,1,32,0
15,18,random,18,5,1,32,0
15,18,random,19,5,1,32,0
15,18,random,20,5,1,32,0
15,18,drop_alpha,0,6,0,32,0
15,18,drop_alpha,1,6,0,32,0
15,18,drop_alpha,2,5,1,32,0
15,18,drop_alpha,3,5,1,32,0
15,18,drop_alpha,4,5,1,32,0
15,18,drop_alpha,5,5,1,32,0
15,18,drop_alpha,6,5,1,32,0
15,18,drop_alpha,7,5,1,32,0
15,18,drop_alpha,8,5,1,32,0
15,18,drop_alpha,9,5,1,32,0
15,18,drop_alpha,10,5,1,32,0
15,18,drop_alpha,11,4,2,32,0
15,18,drop_alpha,12,4,2,32,0
15,18,drop_alpha,13,4,2,32,0
15,18,drop_alpha,14,4,2,32,0
15,18,drop_alpha,15,4,2,32,0
15,18,drop_alpha,16,4,2,32,0
15,18,drop_alpha,17,4,2,32,0
15,18,drop_alpha,18,4,2,32,0
15,18,drop_alpha,19,4,2,32,0
15,18,drop_alpha,20,4,2,32,0
15,18,hardcore_comarg,0,6,0,32,0
15,18,hardcore_comarg,1,6,0,32,0
15,18,hardcore_comarg,2,5,1,32,0
15,18,hardcore_comarg,3,5,1,32,0
15,18,hardcore_comarg,4,5,1,32,0
15,18,hardcore_comarg,5,5,1,32,0
15,18,hardcore_comarg,6,5,1,32,0
15,18,hardcore_comarg,7,4,2,32,0
15,18,hardcore_comarg,8,4,2,32,0
15,18,hardcore_comarg,9,4,2,32,0
15,18,hardcore_comarg,10,4,2,32,0
15,18,hardcore_comarg,11,4,2,32,0
15,18,hardcore_comarg,12,4,2,32,0
15,18,hardcore_comarg,13,4,2,32,0
15,18,hardcore_comarg,14,4,2,32,0
15,18,hardcore_comarg,15,4,2,32,0
15,18,hardcore_comarg,16,4,2,32,0
15,18,hardcore_comarg,17,4,2,32,0
15,18,hardcore_comarg,18,4,2,32,0
15,18,hardcore_comarg,19,4,2,32,0
15,18,hardcore_comarg,20,4,2,32,0
15,18,sdp_X_uw,0,6,0,32,0
15,18,sdp_X_uw,1,6,0,32,0
15,18,sdp_X_uw,2,5,1,32,0
15,18,sdp_X_uw,3,5,1,32,0
15,18,sdp_X_uw,4,5,1,32,0
15,18,sdp_X_uw,5,5,1,32,0
15,18,sdp_X_uw,6,5,1,32,0
15,18,sdp_X_uw,7,4,2,32,0
15,18,sdp_X_uw,8,4,2,32,0
15,18,sdp_X_uw,9,4,2,32,0
15,18,sdp_X_uw,10,4,2,32,0
15,18,sdp_X_uw,11,4,2,32,0
15,18,sdp_X_uw,12,4,2,32,0
15,18,sdp_X_uw,13,4,2,32,0
15,18,sdp_X_uw,14,4,2,32,0
15,18,sdp_X_uw,15,4,2,32,0
15,18,sdp_X_uw,16,4,2,32,0
15,18,sdp_X_uw,17,4,2,32,0
15,18,sdp_X_uw,18,4,2,32,0
15,18,sdp_X_uw,19,4,2,32,0
15,18,sdp_X_uw,20,4,2,32,0
15,18,lp_xu_plus_xw,0,6,0,32,0
15,18,lp_xu_plus_xw,1,6,0,32,0
15,18,lp_xu_plus_xw,2,6,0,32,0
15,18,lp_xu_plus_xw,3,6,0,32,0
15,18,lp_xu_plus_xw,4,6,0,32,0
15,18,lp_xu_plus_xw,5,5,1,32,0
15,18,lp_xu_plus_xw,6,5,1,32,0
15,18,lp_xu_plus_xw,7,5,1,32,0
15,18,lp_xu_plus_xw,8,5,1,32,0
15,18,lp_xu_plus_xw,9,5,1,32,0
15,18,lp_xu_plus_xw,10,5,1,32,0
15,18,lp_xu_plus_xw,11,5,1,32,0
15,18,lp_xu_plus_xw,12,5,1,32,0
15,18,lp_xu_plus_xw,13,5,1,32,0
15,18,lp_xu_plus_xw,14,5,1,32,0
15,18,lp_xu_plus_xw,15,5,1,32,0
15,18,lp_xu_plus_xw,16,5,1,32,0
15,18,lp_xu_plus_xw,17,5,1,32,0
15,18,lp_xu_plus_xw,18,5,1,32,0
15,18,lp_xu_plus_xw,19,5,1,32,0
15,18,lp_xu_plus_xw,20,4,2,32,0
15,18,hoffman_grad,0,6,0,32,1
15,18,drop_e_max,0,6,0,32,0
15,18,drop_e_max,1,6,0,32,0
15,18,drop_e_max,2,5,1,32,0
15,18,drop_e_max,3,5,1,32,0
15,18,drop_e_max,4,5,1,32,0
15,18,drop_e_max,5,5,1,32,0
15,18,drop_e_max,6,4,2,32,0
15,18,drop_e_max,7,4,2,32,0
15,18,drop_e_max,8,4,2,32,0
15,18,drop_e_max,9,4,2,32,0
15,18,drop_e_max,10,4,2,32,0
15,18,drop_e_max,11,4,2,32,0
15,18,drop_e_max,12,4,2,32,0
15,18,drop_e_max,13,4,2,32,0
15,18,drop_e_max,14,4,2,32,0
15,18,drop_e_max,15,4,2,32,0
15,18,drop_e_max,16,4,2,32,0
15,18,drop_e_max,17,4,2,32,0
15,18,drop_e_max,18,4,2,32,0
15,18,drop_e_max,19,4,2,32,0
15,18,drop_e_max,20,4,2,32,0
15,18,drop_l_hc,0,6,0,32,0
15,18,drop_l_hc,1,6,0,32,0
15,18,drop_l_hc,2,5,1,32,0
15,18,drop_l_hc,3,5,1,32,0
15,18,drop_l_hc,4,5,1,32,0
15,18,drop_l_hc,5,5,1,32,0
15,18,drop_l_hc,6,5,1,32,0
15,18,drop_l_hc,7,5,1,32,0
15,18,drop_l_hc,8,5,1,32,0
15,18,drop_l_hc,9,5,1,32,0
15,18,drop_l_hc,10,5,1,32,0
15,18,drop_l_hc,11,5,1,32,0
15,18,drop_l_hc,12,5,1,32,0
15,18,drop_l_hc,13,5,1,32,0
15,18,drop_l_hc,14,5,1,32,0
15,18,drop_l_hc,15,5,1,32,0
15,18,drop_l_hc,16,5,1,32,0
15,18,drop_l_hc,17,5,1,32,0
15,18,drop_l_hc,18,5,1,32,0
15,18,drop_l_hc,19,5,1,32,0
15,18,drop_l_hc,20,5,1,32,0
15,19,random,0,6,0,32,0
15,19,random,1,6,0,32,0
15,19,random,2,6,0,32,0
15,19,random,3,6,0,32,0
15,19,random,4,6,0,32,0
15,19,random,5,6,0,32,0
15,19,random,6,6,0,32,0
15,19,random,7,6,0,32,0
15,19,random,8,6,0,32,0
15,19,random,9,6,0,32,0
15,19,random,10,6,0,32,0
15,19,random,11,6,0,32,0
15,19,random,12,6,0,32,0
15,19,random,13,6,0,32,0
15,19,random,14,6,0,32,0
15,19,random,15,6,0,32,0
15,19,random,16,6,0,32,0
15,19,random,17,6,0,32,0
15,19,random,18,6,0,32,0
15,19,random,19,5,1,32,0
15,19,random,20,5,1,32,0
15,19,drop_alpha,0,6,0,32,0
15,19,drop_alpha,1,6,0,32,0
15,19,drop_alpha,2,5,1,32,0
15,19,drop_alpha,3,5,1,32,0
15,19,drop_alpha,4,5,1,32,0
15,19,drop_alpha,5,5,1,32,0
15,19,drop_alpha,6,5,1,32,0
15,19,drop_alpha,7,5,1,32,0
15,19,drop_alpha,8,5,1,32,0
15,19,drop_alpha,9,5,1,32,0
15,19,drop_alpha,10,5,1,32,0
15,19,drop_alpha,11,4,2,32,0
15,19,drop_alpha,12,4,2,32,0
15,19,drop_alpha,13,4,2,32,0
15,19,drop_alpha,14,4,2,32,0
15,19,drop_alpha,15,4,2,32,0
15,19,drop_alpha,16,4,2,32,0
15,19,drop_alpha,17,4,2,32,0
15,19,drop_alpha,18,4,2,32,0
15,19,drop_alpha,19,4,2,32,0
15,19,drop_alpha,20,4,2,32,0
15,19,hardcore_comarg,0,6,0,32,0
15,19,hardcore_comarg,1,6,0,32,0
15,19,hardcore_comarg,2,5,1,32,0
15,19,hardcore_comarg,3,5,1,32,0
15,19,hardcore_comarg,4,5,1,32,0
15,19,hardcore_comarg,5,5,1,32,0
15,19,hardcore_comarg,6,5,1,32,0
15,19,hardcore_comarg,7,4,2,32,0
15,19,hardcore_comarg,8,4,2,32,0
15,19,hardcore_comarg,9,4,2,32,0
15,19,hardcore_comarg,10,4,2,32,0
15,19,hardcore_comarg,11,4,2,32,0
15,19,hardcore_comarg,12,4,2,32,0
15,19,hardcore_comarg,13,4,2,32,0
15,19,hardcore_comarg,14,4,2,32,0
15,19,hardcore_comarg,15,4,2,32,0
15,19,hardcore_comarg,16,4,2,32,0
15,19,hardcore_comarg,17,4,2,32,0
15,19,hardcore_comarg,18,4,2,32,0
15,19,hardcore_comarg,19,4,2,32,0
15,19,hardcore_comarg,20,4,2,32,0
15,19,sdp_X_uw,0,6,0,32,0
15,19,sdp_X_uw,1,6,0,32,0
15,19,sdp_X_uw,2,5,1,32,0
15,19,sdp_X_uw,3,5,1,32,0
15,19,sdp_X_uw,4,5,1,32,0
15,19,sdp_X_uw,5,5,1,32,0
15,19,sdp_X_uw,6,4,2,32,0
15,19,sdp_X_uw,7,4,2,32,0
15,19,sdp_X_uw,8,4,2,32,0
15,19,sdp_X_uw,9,4,2,32,0
15,19,sdp_X_uw,10,4,2,32,0
15,19,sdp_X_uw,11,4,2,32,0
15,19,sdp_X_uw,12,4,2,32,0
15,19,sdp_X_uw,13,4,2,32,0
15,19,sdp_X_uw,14,4,2,32,0
15,19,sdp_X_uw,15,4,2,32,0
15,19,sdp_X_uw,16,4,2,32,0
15,19,sdp_X_uw,17,4,2,32,0
15,19,sdp_X_uw,18,4,2,32,0
15,19,sdp_X_uw,19,4,2,32,0
15,19,sdp_X_uw,20,4,2,32,0
15,19,lp_xu_plus_xw,0,6,0,32,0
15,19,lp_xu_plus_xw,1,6,0,32,0
15,19,lp_xu_plus_xw,2,6,0,32,0
15,19,lp_xu_plus_xw,3,6,0,32,0
15,19,lp_xu_plus_xw,4,6,0,32,0
15,19,lp_xu_plus_xw,5,6,0,32,0
15,19,lp_xu_plus_xw,6,6,0,32,0
15,19,lp_xu_plus_xw,7,6,0,32,0
15,19,lp_xu_plus_xw,8,6,0,32,0
15,19,lp_xu_plus_xw,9,5,1,32,0
15,19,lp_xu_plus_xw,10,5,1,32,0
15,19,lp_xu_plus_xw,11,5,1,32,0
15,19,lp_xu_plus_xw,12,5,1,32,0
15,19,lp_xu_plus_xw,13,5,1,32,0
15,19,lp_xu_plus_xw,14,5,1,32,0
15,19,lp_xu_plus_xw,15,5,1,32,0
15,19,lp_xu_plus_xw,16,5,1,32,0
15,19,lp_xu_plus_xw,17,5,1,32,0
15,19,lp_xu_plus_xw,18,5,1,32,0
15,19,lp_xu_plus_xw,19,5,1,32,0
15,19,lp_xu_plus_xw,20,5,1,32,0
15,19,hoffman_grad,0,6,0,32,1
15,19,drop_e_max,0,6,0,32,0
15,19,drop_e_max,1,6,0,32,0
15,19,drop_e_max,2,5,1,32,0
15,19,drop_e_max,3,5,1,32,0
15,19,drop_e_max,4,5,1,32,0
15,19,drop_e_max,5,5,1,32,0
15,19,drop_e_max,6,5,1,32,0
15,19,drop_e_max,7,4,2,32,0
15,19,drop_e_max,8,4,2,32,0
15,19,drop_e_max,9,4,2,32,0
15,19,drop_e_max,10,4,2,32,0
15,19,drop_e_max,11,4,2,32,0
15,19,drop_e_max,12,4,2,32,0
15,19,drop_e_max,13,4,2,32,0
15,19,drop_e_max,14,4,2,32,0
15,19,drop_e_max,15,4,2,32,0
15,19,drop_e_max,16,4,2,32,0
15,19,drop_e_max,17,4,2,32,0
15,19,drop_e_max,18,4,2,32,0
15,19,drop_e_max,19,4,2,32,0
15,19,drop_e_max,20,4,2,32,0
15,19,drop_l_hc,0,6,0,32,0
15,19,drop_l_hc,1,6,0,32,0
15,19,drop_l_hc,2,6,0,32,0
15,19,drop_l_hc,3,6,0,32,0
15,19,drop_l_hc,4,5,1,32,0
15,19,drop_l_hc,5,5,1,32,0
15,19,drop_l_hc,6,5,1,32,0
15,19,drop_l_hc,7,5,1,32,0
15,19,drop_l_hc,8,5,1,32,0
15,19,drop_l_hc,9,5,1,32,0
15,19,drop_l_hc,10,5,1,32,0
15,19,drop_l_hc,11,5,1,32,0
15,19,drop_l_hc,12,5,1,32,0
15,19,drop_l_hc,13,5,1,32,0
15,19,drop_l_hc,14,5,1,32,0
15,19,drop_l_hc,15,5,1,32,0
15,19,drop_l_hc,16,5,1,32,0
15,19,drop_l_hc,17,5,1,32,0
15,19,drop_l_hc,18,5,1,32,0
15,19,drop_l_hc,19,5,1,32,0
15,19,drop_l_hc,20,5,1,32,0
18,0,random,0,7,0,46,0
18,0,random,1,7,0,46,0
18,0,random,2,7,0,46,0
18,0,random,3,7,0,46,0
18,0,random,4,7,0,46,0
18,0,random,5,7,0,46,0
18,0,random,6,7,0,46,0
18,0,random,7,7,0,46,0
18,0,random,8,7,0,46,0
18,0,random,9,7,0,46,0
18,0,random,10,6,1,46,0
18,0,random,11,6,1,46,0
18,0,random,12,6,1,46,0
18,0,random,13,6,1,46,0
18,0,random,14,6,1,46,0
18,0,random,15,6,1,46,0
18,0,random,16,6,1,46,0
18,0,random,17,6,1,46,0
18,0,random,18,6,1,46,0
18,0,random,19,6,1,46,0
18,0,random,20,6,1,46,0
18,0,drop_alpha,0,7,0,46,0
18,0,drop_alpha,1,7,0,46,0
18,0,drop_alpha,2,7,0,46,0
18,0,drop_alpha,3,7,0,46,0
18,0,drop_alpha,4,6,1,46,0
18,0,drop_alpha,5,6,1,46,0
18,0,drop_alpha,6,6,1,46,0
18,0,drop_alpha,7,6,1,46,0
18,0,drop_alpha,8,6,1,46,0
18,0,drop_alpha,9,6,1,46,0
18,0,drop_alpha,10,6,1,46,0
18,0,drop_alpha,11,6,1,46,0
18,0,drop_alpha,12,6,1,46,0
18,0,drop_alpha,13,6,1,46,0
18,0,drop_alpha,14,6,1,46,0
18,0,drop_alpha,15,6,1,46,0
18,0,drop_alpha,16,6,1,46,0
18,0,drop_alpha,17,6,1,46,0
18,0,drop_alpha,18,6,1,46,0
18,0,drop_alpha,19,6,1,46,0
18,0,drop_alpha,20,6,1,46,0
18,0,hardcore_comarg,0,7,0,46,0
18,0,hardcore_comarg,1,7,0,46,0
18,0,hardcore_comarg,2,6,1,46,0
18,0,hardcore_comarg,3,6,1,46,0
18,0,hardcore_comarg,4,6,1,46,0
18,0,hardcore_comarg,5,6,1,46,0
18,0,hardcore_comarg,6,5,2,46,0
18,0,hardcore_comarg,7,5,2,46,0
18,0,hardcore_comarg,8,5,2,46,0
18,0,hardcore_comarg,9,5,2,46,0
18,0,hardcore_comarg,10,5,2,46,0
18,0,hardcore_comarg,11,5,2,46,0
18,0,hardcore_comarg,12,5,2,46,0
18,0,hardcore_comarg,13,5,2,46,0
18,0,hardcore_comarg,14,5,2,46,0
18,0,hardcore_comarg,15,4,3,46,0
18,0,hardcore_comarg,16,4,3,46,0
18,0,hardcore_comarg,17,4,3,46,0
18,0,hardcore_comarg,18,4,3,46,0
18,0,hardcore_comarg,19,4,3,46,0
18,0,hardcore_comarg,20,4,3,46,0
18,0,sdp_X_uw,0,7,0,46,0
18,0,sdp_X_uw,1,7,0,46,0
18,0,sdp_X_uw,2,6,1,46,0
18,0,sdp_X_uw,3,6,1,46,0
18,0,sdp_X_uw,4,6,1,46,0
18,0,sdp_X_uw,5,5,2,46,0
18,0,sdp_X_uw,6,5,2,46,0
18,0,sdp_X_uw,7,5,2,46,0
18,0,sdp_X_uw,8,5,2,46,0
18,0,sdp_X_uw,9,5,2,46,0
18,0,sdp_X_uw,10,5,2,46,0
18,0,sdp_X_uw,11,5,2,46,0
18,0,sdp_X_uw,12,5,2,46,0
18,0,sdp_X_uw,13,5,2,46,0
18,0,sdp_X_uw,14,5,2,46,0
18,0,sdp_X_uw,15,5,2,46,0
18,0,sdp_X_uw,16,5,2,46,0
18,0,sdp_X_uw,17,4,3,46,0
18,0,sdp_X_uw,18,4,3,46,0
18,0,sdp_X_uw,19,4,3,46,0
18,0,sdp_X_uw,20,4,3,46,0
18,0,lp_xu_plus_xw,0,7,0,46,0
18,0,lp_xu_plus_xw,1,7,0,46,0
18,0,lp_xu_plus_xw,2,7,0,46,0
18,0,lp_xu_plus_xw,3,7,0,46,0
18,0,lp_xu_plus_xw,4,7,0,46,0
18,0,lp_xu_plus_xw,5,6,1,46,0
18,0,lp_xu_plus_xw,6,6,1,46,0
18,0,lp_xu_plus_xw,7,6,1,46,0
18,0,lp_xu_plus_xw,8,6,1,46,0
18,0,lp_xu_plus_xw,9,6,1,46,0
18,0,lp_xu_plus_xw,10,6,1,46,0
18,0,lp_xu_plus_xw,11,6,1,46,0
18,0,lp_xu_plus_xw,12,5,2,46,0
18,0,lp_xu_plus_xw,13,5,2,46,0
18,0,lp_xu_plus_xw,14,5,2,46,0
18,0,lp_xu_plus_xw,15,5,2,46,0
18,0,lp_xu_plus_xw,16,5,2,46,0
18,0,lp_xu_plus_xw,17,5,2,46,0
18,0,lp_xu_plus_xw,18,5,2,46,0
18,0,lp_xu_plus_xw,19,5,2,46,0
18,0,lp_xu_plus_xw,20,5,2,46,0
18,0,hoffman_grad,0,7,0,46,1
18,0,drop_e_max,0,7,0,46,0
18,0,drop_e_max,1,7,0,46,0
18,0,drop_e_max,2,6,1,46,0
18,0,drop_e_max,3,6,1,46,0
18,0,drop_e_max,4,6,1,46,0
18,0,drop_e_max,5,5,2,46,0
18,0,drop_e_max,6,5,2,46,0
18,0,drop_e_max,7,5,2,46,0
18,0,drop_e_max,8,5,2,46,0
18,0,drop_e_max,9,5,2,46,0
18,0,drop_e_max,10,5,2,46,0
18,0,drop_e_max,11,5,2,46,0
18,0,drop_e_max,12,5,2,46,0
18,0,drop_e_max,13,5,2,46,0
18,0,drop_e_max,14,5,2,46,0
18,0,drop_e_max,15,5,2,46,0
18,0,drop_e_max,16,4,3,46,0
18,0,drop_e_max,17,4,3,46,0
18,0,drop_e_max,18,4,3,46,0
18,0,drop_e_max,19,4,3,46,0
18,0,drop_e_max,20,4,3,46,0
18,0,drop_l_hc,0,7,0,46,0
18,0,drop_l_hc,1,7,0,46,0
18,0,drop_l_hc,2,7,0,46,0
18,0,drop_l_hc,3,7,0,46,0
18,0,drop_l_hc,4,7,0,46,0
18,0,drop_l_hc,5,7,0,46,0
18,0,drop_l_hc,6,7,0,46,0
18,0,drop_l_hc,7,7,0,46,0
18,0,drop_l_hc,8,7,0,46,0
18,0,drop_l_hc,9,7,0,46,0
18,0,drop_l_hc,10,7,0,46,0
18,0,drop_l_hc,11,7,0,46,0
18,0,drop_l_hc,12,7,0,46,0
18,0,drop_l_hc,13,7,0,46,0
18,0,drop_l_hc,14,7,0,46,0
18,0,drop_l_hc,15,7,0,46,0
18,0,drop_l_hc,16,7,0,46,0
18,0,drop_l_hc,17,7,0,46,0
18,0,drop_l_hc,18,7,0,46,0
18,0,drop_l_hc,19,7,0,46,0
18,0,drop_l_hc,20,7,0,46,0
18,1,random,0,7,0,46,0
18,1,random,1,7,0,46,0
18,1,random,2,7,0,46,0
18,1,random,3,7,0,46,0
18,1,random,4,7,0,46,0
18,1,random,5,7,0,46,0
18,1,random,6,6,1,46,0
18,1,random,7,6,1,46,0
18,1,random,8,6,1,46,0
18,1,random,9,6,1,46,0
18,1,random,10,6,1,46,0
18,1,random,11,6,1,46,0
18,1,random,12,6,1,46,0
18,1,random,13,6,1,46,0
18,1,random,14,6,1,46,0
18,1,random,15,6,1,46,0
18,1,random,16,6,1,46,0
18,1,random,17,6,1,46,0
18,1,random,18,6,1,46,0
18,1,random,19,6,1,46,0
18,1,random,20,6,1,46,0
18,1,drop_alpha,0,7,0,46,0
18,1,drop_alpha,1,7,0,46,0
18,1,drop_alpha,2,7,0,46,0
18,1,drop_alpha,3,7,0,46,0
18,1,drop_alpha,4,6,1,46,0
18,1,drop_alpha,5,6,1,46,0
18,1,drop_alpha,6,6,1,46,0
18,1,drop_alpha,7,6,1,46,0
18,1,drop_alpha,8,6,1,46,0
18,1,drop_alpha,9,6,1,46,0
18,1,drop_alpha,10,6,1,46,0
18,1,drop_alpha,11,6,1,46,0
18,1,drop_alpha,12,6,1,46,0
18,1,drop_alpha,13,6,1,46,0
18,1,drop_alpha,14,6,1,46,0
18,1,drop_alpha,15,6,1,46,0
18,1,drop_alpha,16,6,1,46,0
18,1,drop_alpha,17,6,1,46,0
18,1,drop_alpha,18,6,1,46,0
18,1,drop_alpha,19,6,1,46,0
18,1,drop_alpha,20,6,1,46,0
18,1,hardcore_comarg,0,7,0,46,0
18,1,hardcore_comarg,1,7,0,46,0
18,1,hardcore_comarg,2,6,1,46,0
18,1,hardcore_comarg,3,6,1,46,0
18,1,hardcore_comarg,4,6,1,46,0
18,1,hardcore_comarg,5,5,2,46,0
18,1,hardcore_comarg,6,5,2,46,0
18,1,hardcore_comarg,7,5,2,46,0
18,1,hardcore_comarg,8,5,2,46,0
18,1,hardcore_comarg,9,5,2,46,0
18,1,hardcore_comarg,10,5,2,46,0
18,1,hardcore_comarg,11,5,2,46,0
18,1,hardcore_comarg,12,5,2,46,0
18,1,hardcore_comarg,13,5,2,46,0
18,1,hardcore_comarg,14,5,2,46,0
18,1,hardcore_comarg,15,5,2,46,0
18,1,hardcore_comarg,16,5,2,46,0
18,1,hardcore_comarg,17,5,2,46,0
18,1,hardcore_comarg,18,5,2,46,0
18,1,hardcore_comarg,19,5,2,46,0
18,1,hardcore_comarg,20,5,2,46,0
18,1,sdp_X_uw,0,7,0,46,0
18,1,sdp_X_uw,1,7,0,46,0
18,1,sdp_X_uw,2,6,1,46,0
18,1,sdp_X_uw,3,6,1,46,0
18,1,sdp_X_uw,4,5,2,46,0
18,1,sdp_X_uw,5,5,2,46,0
18,1,sdp_X_uw,6,5,2,46,0
18,1,sdp_X_uw,7,5,2,46,0
18,1,sdp_X_uw,8,5,2,46,0
18,1,sdp_X_uw,9,5,2,46,0
18,1,sdp_X_uw,10,5,2,46,0
18,1,sdp_X_uw,11,5,2,46,0
18,1,sdp_X_uw,12,5,2,46,0
18,1,sdp_X_uw,13,5,2,46,0
18,1,sdp_X_uw,14,5,2,46,0
18,1,sdp_X_uw,15,5,2,46,0
18,1,sdp_X_uw,16,5,2,46,0
18,1,sdp_X_uw,17,5,2,46,0
18,1,sdp_X_uw,18,5,2,46,0
18,1,sdp_X_uw,19,5,2,46,0
18,1,sdp_X_uw,20,5,2,46,0
18,1,lp_xu_plus_xw,0,7,0,46,0
18,1,lp_xu_plus_xw,1,7,0,46,0
18,1,lp_xu_plus_xw,2,7,0,46,0
18,1,lp_xu_plus_xw,3,7,0,46,0
18,1,lp_xu_plus_xw,4,7,0,46,0
18,1,lp_xu_plus_xw,5,7,0,46,0
18,1,lp_xu_plus_xw,6,6,1,46,0
18,1,lp_xu_plus_xw,7,6,1,46,0
18,1,lp_xu_plus_xw,8,6,1,46,0
18,1,lp_xu_plus_xw,9,6,1,46,0
18,1,lp_xu_plus_xw,10,6,1,46,0
18,1,lp_xu_plus_xw,11,6,1,46,0
18,1,lp_xu_plus_xw,12,6,1,46,0
18,1,lp_xu_plus_xw,13,6,1,46,0
18,1,lp_xu_plus_xw,14,6,1,46,0
18,1,lp_xu_plus_xw,15,6,1,46,0
18,1,lp_xu_plus_xw,16,6,1,46,0
18,1,lp_xu_plus_xw,17,5,2,46,0
18,1,lp_xu_plus_xw,18,5,2,46,0
18,1,lp_xu_plus_xw,19,5,2,46,0
18,1,lp_xu_plus_xw,20,5,2,46,0
18,1,hoffman_grad,0,7,0,46,1
18,1,drop_e_max,0,7,0,46,0
18,1,drop_e_max,1,7,0,46,0
18,1,drop_e_max,2,6,1,46,0
18,1,drop_e_max,3,6,1,46,0
18,1,drop_e_max,4,5,2,46,0
18,1,drop_e_max,5,5,2,46,0
18,1,drop_e_max,6,5,2,46,0
18,1,drop_e_max,7,5,2,46,0
18,1,drop_e_max,8,5,2,46,0
18,1,drop_e_max,9,5,2,46,0
18,1,drop_e_max,10,5,2,46,0
18,1,drop_e_max,11,5,2,46,0
18,1,drop_e_max,12,5,2,46,0
18,1,drop_e_max,13,5,2,46,0
18,1,drop_e_max,14,5,2,46,0
18,1,drop_e_max,15,5,2,46,0
18,1,drop_e_max,16,5,2,46,0
18,1,drop_e_max,17,5,2,46,0
18,1,drop_e_max,18,5,2,46,0
18,1,drop_e_max,19,5,2,46,0
18,1,drop_e_max,20,5,2,46,0
18,1,drop_l_hc,0,7,0,46,0
18,1,drop_l_hc,1,7,0,46,0
18,1,drop_l_hc,2,7,0,46,0
18,1,drop_l_hc,3,7,0,46,0
18,1,drop_l_hc,4,7,0,46,0
18,1,drop_l_hc,5,7,0,46,0
18,1,drop_l_hc,6,7,0,46,0
18,1,drop_l_hc,7,7,0,46,0
18,1,drop_l_hc,8,7,0,46,0
18,1,drop_l_hc,9,7,0,46,0
18,1,drop_l_hc,10,7,0,46,0
18,1,drop_l_hc,11,7,0,46,0
18,1,drop_l_hc,12,7,0,46,0
18,1,drop_l_hc,13,7,0,46,0
18,1,drop_l_hc,14,7,0,46,0
18,1,drop_l_hc,15,7,0,46,0
18,1,drop_l_hc,16,7,0,46,0
18,1,drop_l_hc,17,7,0,46,0
18,1,drop_l_hc,18,7,0,46,0
18,1,drop_l_hc,19,7,0,46,0
18,1,drop_l_hc,20,7,0,46,0
18,2,random,0,7,0,46,0
18,2,random,1,7,0,46,0
18,2,random,2,7,0,46,0
18,2,random,3,7,0,46,0
18,2,random,4,7,0,46,0
18,2,random,5,7,0,46,0
18,2,random,6,7,0,46,0
18,2,random,7,7,0,46,0
18,2,random,8,7,0,46,0
18,2,random,9,7,0,46,0
18,2,random,10,7,0,46,0
18,2,random,11,7,0,46,0
18,2,random,12,7,0,46,0
18,2,random,13,7,0,46,0
18,2,random,14,7,0,46,0
18,2,random,15,7,0,46,0
18,2,random,16,7,0,46,0
18,2,random,17,7,0,46,0
18,2,random,18,7,0,46,0
18,2,random,19,7,0,46,0
18,2,random,20,7,0,46,0
18,2,drop_alpha,0,7,0,46,0
18,2,drop_alpha,1,7,0,46,0
18,2,drop_alpha,2,7,0,46,0
18,2,drop_alpha,3,7,0,46,0
18,2,drop_alpha,4,7,0,46,0
18,2,drop_alpha,5,7,0,46,0
18,2,drop_alpha,6,7,0,46,0
18,2,drop_alpha,7,6,1,46,0
18,2,drop_alpha,8,6,1,46,0
18,2,drop_alpha,9,6,1,46,0
18,2,drop_alpha,10,6,1,46,0
18,2,drop_alpha,11,6,1,46,0
18,2,drop_alpha,12,6,1,46,0
18,2,drop_alpha,13,6,1,46,0
18,2,drop_alpha,14,6,1,46,0
18,2,drop_alpha,15,6,1,46,0
18,2,drop_alpha,16,6,1,46,0
18,2,drop_alpha,17,6,1,46,0
18,2,drop_alpha,18,6,1,46,0
18,2,drop_alpha,19,6,1,46,0
18,2,drop_alpha,20,6,1,46,0
18,2,hardcore_comarg,0,7,0,46,0
18,2,hardcore_comarg,1,7,0,46,0
18,2,hardcore_comarg,2,6,1,46,0
18,2,hardcore_comarg,3,6,1,46,0
18,2,hardcore_comarg,4,6,1,46,0
18,2,hardcore_comarg,5,6,1,46,0
18,2,hardcore_comarg,6,5,2,46,0
18,2,hardcore_comarg,7,5,2,46,0
18,2,hardcore_comarg,8,5,2,46,0
18,2,hardcore_comarg,9,5,2,46,0
18,2,hardcore_comarg,10,5,2,46,0
18,2,hardcore_comarg,11,5,2,46,0
18,2,hardcore_comarg,12,5,2,46,0
18,2,hardcore_comarg,13,5,2,46,0
18,2,hardcore_comarg,14,5,2,46,0
18,2,hardcore_comarg,15,5,2,46,0
18,2,hardcore_comarg,16,5,2,46,0
18,2,hardcore_comarg,17,5,2,46,0
18,2,hardcore_comarg,18,5,2,46,0
18,2,hardcore_comarg,19,5,2,46,0
18,2,hardcore_comarg,20,5,2,46,0
18,2,sdp_X_uw,0,7,0,46,0
18,2,sdp_X_uw,1,7,0,46,0
18,2,sdp_X_uw,2,6,1,46,0
18,2,sdp_X_uw,3,6,1,46,0
18,2,sdp_X_uw,4,6,1,46,0
18,2,sdp_X_uw,5,6,1,46,0
18,2,sdp_X_uw,6,6,1,46,0
18,2,sdp_X_uw,7,6,1,46,0
18,2,sdp_X_uw,8,6,1,46,0
18,2,sdp_X_uw,9,5,2,46,0
18,2,sdp_X_uw,10,5,2,46,0
18,2,sdp_X_uw,11,5,2,46,0
18,2,sdp_X_uw,12,5,2,46,0
18,2,sdp_X_uw,13,5,2,46,0
18,2,sdp_X_uw,14,5,2,46,0
18,2,sdp_X_uw,15,5,2,46,0
18,2,sdp_X_uw,16,5,2,46,0
18,2,sdp_X_uw,17,5,2,46,0
18,2,sdp_X_uw,18,5,2,46,0
18,2,sdp_X_uw,19,5,2,46,0
18,2,sdp_X_uw,20,5,2,46,0
18,2,lp_xu_plus_xw,0,7,0,46,0
18,2,lp_xu_plus_xw,1,7,0,46,0
18,2,lp_xu_plus_xw,2,7,0,46,0
18,2,lp_xu_plus_xw,3,7,0,46,0
18,2,lp_xu_plus_xw,4,7,0,46,0
18,2,lp_xu_plus_xw,5,7,0,46,0
18,2,lp_xu_plus_xw,6,7,0,46,0
18,2,lp_xu_plus_xw,7,7,0,46,0
18,2,lp_xu_plus_xw,8,7,0,46,0
18,2,lp_xu_plus_xw,9,7,0,46,0
18,2,lp_xu_plus_xw,10,6,1,46,0
18,2,lp_xu_plus_xw,11,6,1,46,0
18,2,lp_xu_plus_xw,12,6,1,46,0
18,2,lp_xu_plus_xw,13,6,1,46,0
18,2,lp_xu_plus_xw,14,6,1,46,0
18,2,lp_xu_plus_xw,15,6,1,46,0
18,2,lp_xu_plus_xw,16,6,1,46,0
18,2,lp_xu_plus_xw,17,6,1,46,0
18,2,lp_xu_plus_xw,18,6,1,46,0
18,2,lp_xu_plus_xw,19,6,1,46,0
18,2,lp_xu_plus_xw,20,6,1,46,0
18,2,hoffman_grad,0,7,0,46,1
18,2,drop_e_max,0,7,0,46,0
18,2,drop_e_max,1,7,0,46,0
18,2,drop_e_max,2,7,0,46,0
18,2,drop_e_max,3,6,1,46,0
18,2,drop_e_max,4,6,1,46,0
18,2,drop_e_max,5,6,1,46,0
18,2,drop_e_max,6,6,1,46,0
18,2,drop_e_max,7,6,1,46,0
18,2,drop_e_max,8,6,1,46,0
18,2,drop_e_max,9,5,2,46,0
18,2,drop_e_max,10,5,2,46,0
18,2,drop_e_max,11,5,2,46,0
18,2,drop_e_max,12,5,2,46,0
18,2,drop_e_max,13,5,2,46,0
18,2,drop_e_max,14,5,2,46,0
18,2,drop_e_max,15,5,2,46,0
18,2,drop_e_max,16,5,2,46,0
18,2,drop_e_max,17,5,2,46,0
18,2,drop_e_max,18,5,2,46,0
18,2,drop_e_max,19,5,2,46,0
18,2,drop_e_max,20,5,2,46,0
18,2,drop_l_hc,0,7,0,46,0
18,2,drop_l_hc,1,7,0,46,0
18,2,drop_l_hc,2,7,0,46,0
18,2,drop_l_hc,3,7,0,46,0
18,2,drop_l_hc,4,7,0,46,0
18,2,drop_l_hc,5,7,0,46,0
18,2,drop_l_hc,6,7,0,46,0
18,2,drop_l_hc,7,7,0,46,0
18,2,drop_l_hc,8,7,0,46,0
18,2,drop_l_hc,9,6,1,46,0
18,2,drop_l_hc,10,6,1,46,0
18,2,drop_l_hc,11,6,1,46,0
18,2,drop_l_hc,12,6,1,46,0
18,2,drop_l_hc,13,6,1,46,0
18,2,drop_l_hc,14,6,1,46,0
18,2,drop_l_hc,15,6,1,46,0
18,2,drop_l_hc,16,6,1,46,0
18,2,drop_l_hc,17,6,1,46,0
18,2,drop_l_hc,18,6,1,46,0
18,2,drop_l_hc,19,6,1,46,0
18,2,drop_l_hc,20,6,1,46,0
18,3,random,0,7,0,46,0
18,3,random,1,7,0,46,0
18,3,random,2,7,0,46,0
18,3,random,3,7,0,46,0
18,3,random,4,7,0,46,0
18,3,random,5,6,1,46,0
18,3,random,6,6,1,46,0
18,3,random,7,6,1,46,0
18,3,random,8,6,1,46,0
18,3,random,9,6,1,46,0
18,3,random,10,6,1,46,0
18,3,random,11,6,1,46,0
18,3,random,12,6,1,46,0
18,3,random,13,6,1,46,0
18,3,random,14,6,1,46,0
18,3,random,15,6,1,46,0
18,3,random,16,6,1,46,0
18,3,random,17,6,1,46,0
18,3,random,18,6,1,46,0
18,3,random,19,6,1,46,0
18,3,random,20,6,1,46,0
18,3,drop_alpha,0,7,0,46,0
18,3,drop_alpha,1,7,0,46,0
18,3,drop_alpha,2,7,0,46,0
18,3,drop_alpha,3,6,1,46,0
18,3,drop_alpha,4,6,1,46,0
18,3,drop_alpha,5,6,1,46,0
18,3,drop_alpha,6,6,1,46,0
18,3,drop_alpha,7,6,1,46,0
18,3,drop_alpha,8,6,1,46,0
18,3,drop_alpha,9,6,1,46,0
18,3,drop_alpha,10,6,1,46,0
18,3,drop_alpha,11,6,1,46,0
18,3,drop_alpha,12,6,1,46,0
18,3,drop_alpha,13,6,1,46,0
18,3,drop_alpha,14,6,1,46,0
18,3,drop_alpha,15,6,1,46,0
18,3,drop_alpha,16,6,1,46,0
18,3,drop_alpha,17,6,1,46,0
18,3,drop_alpha,18,6,1,46,0
18,3,drop_alpha,19,6,1,46,0
18,3,drop_alpha,20,5,2,46,0
18,3,hardcore_comarg,0,7,0,46,0
18,3,hardcore_comarg,1,7,0,46,0
18,3,hardcore_comarg,2,6,1,46,0
18,3,hardcore_comarg,3,6,1,46,0
18,3,hardcore_comarg,4,6,1,46,0
18,3,hardcore_comarg,5,6,1,46,0
18,3,hardcore_comarg,6,5,2,46,0
18,3,hardcore_comarg,7,5,2,46,0
18,3,hardcore_comarg,8,5,2,46,0
18,3,hardcore_comarg,9,5,2,46,0
18,3,hardcore_comarg,10,5,2,46,0
18,3,hardcore_comarg,11,5,2,46,0
18,3,hardcore_comarg,12,5,2,46,0
18,3,hardcore_comarg,13,5,2,46,0
18,3,hardcore_comarg,14,4,3,46,0
18,3,hardcore_comarg,15,4,3,46,0
18,3,hardcore_comarg,16,4,3,46,0
18,3,hardcore_comarg,17,4,3,46,0
18,3,hardcore_comarg,18,4,3,46,0
18,3,hardcore_comarg,19,4,3,46,0
18,3,hardcore_comarg,20,4,3,46,0
18,3,sdp_X_uw,0,7,0,46,0
18,3,sdp_X_uw,1,7,0,46,0
18,3,sdp_X_uw,2,6,1,46,0
18,3,sdp_X_uw,3,6,1,46,0
18,3,sdp_X_uw,4,6,1,46,0
18,3,sdp_X_uw,5,6,1,46,0
18,3,sdp_X_uw,6,6,1,46,0
18,3,sdp_X_uw,7,5,2,46,0
18,3,sdp_X_uw,8,5,2,46,0
18,3,sdp_X_uw,9,5,2,46,0
18,3,sdp_X_uw,10,5,2,46,0
18,3,sdp_X_uw,11,5,2,46,0
18,3,sdp_X_uw,12,5,2,46,0
18,3,sdp_X_uw,13,5,2,46,0
18,3,sdp_X_uw,14,5,2,46,0
18,3,sdp_X_uw,15,5,2,46,0
18,3,sdp_X_uw,16,5,2,46,0
18,3,sdp_X_uw,17,5,2,46,0
18,3,sdp_X_uw,18,5,2,46,0
18,3,sdp_X_uw,19,5,2,46,0
18,3,sdp_X_uw,20,5,2,46,0
18,3,lp_xu_plus_xw,0,7,0,46,0
18,3,lp_xu_plus_xw,1,7,0,46,0
18,3,lp_xu_plus_xw,2,7,0,46,0
18,3,lp_xu_plus_xw,3,7,0,46,0
18,3,lp_xu_plus_xw,4,7,0,46,0
18,3,lp_xu_plus_xw,5,7,0,46,0
18,3,lp_xu_plus_xw,6,7,0,46,0
18,3,lp_xu_plus_xw,7,7,0,46,0
18,3,lp_xu_plus_xw,8,7,0,46,0
18,3,lp_xu_plus_xw,9,7,0,46,0
18,3,lp_xu_plus_xw,10,7,0,46,0
18,3,lp_xu_plus_xw,11,7,0,46,0
18,3,lp_xu_plus_xw,12,7,0,46,0
18,3,lp_xu_plus_xw,13,6,1,46,0
18,3,lp_xu_plus_xw,14,6,1,46,0
18,3,lp_xu_plus_xw,15,6,1,46,0
18,3,lp_xu_plus_xw,16,5,2,46,0
18,3,lp_xu_plus_xw,17,5,2,46,0
18,3,lp_xu_plus_xw,18,5,2,46,0
18,3,lp_xu_plus_xw,19,5,2,46,0
18,3,lp_xu_plus_xw,20,5,2,46,0
18,3,hoffman_grad,0,7,0,46,1
18,3,drop_e_max,0,7,0,46,0
18,3,drop_e_max,1,7,0,46,0
18,3,drop_e_max,2,6,1,46,0
18,3,drop_e_max,3,6,1,46,0
18,3,drop_e_max,4,6,1,46,0
18,3,drop_e_max,5,6,1,46,0
18,3,drop_e_max,6,5,2,46,0
18,3,drop_e_max,7,5,2,46,0
18,3,drop_e_max,8,5,2,46,0
18,3,drop_e_max,9,5,2,46,0
18,3,drop_e_max,10,5,2,46,0
18,3,drop_e_max,11,5,2,46,0
18,3,drop_e_max,12,5,2,46,0
18,3,drop_e_max,13,5,2,46,0
18,3,drop_e_max,14,5,2,46,0
18,3,drop_e_max,15,5,2,46,0
18,3,drop_e_max,16,5,2,46,0
18,3,drop_e_max,17,5,2,46,0
18,3,drop_e_max,18,5,2,46,0
18,3,drop_e_max,19,5,2,46,0
18,3,drop_e_max,20,5,2,46,0
18,3,drop_l_hc,0,7,0,46,0
18,3,drop_l_hc,1,7,0,46,0
18,3,drop_l_hc,2,7,0,46,0
18,3,drop_l_hc,3,7,0,46,0
18,3,drop_l_hc,4,7,0,46,0
18,3,drop_l_hc,5,7,0,46,0
18,3,drop_l_hc,6,7,0,46,0
18,3,drop_l_hc,7,7,0,46,0
18,3,drop_l_hc,8,6,1,46,0
18,3,drop_l_hc,9,6,1,46,0
18,3,drop_l_hc,10,6,1,46,0
18,3,drop_l_hc,11,6,1,46,0
18,3,drop_l_hc,12,6,1,46,0
18,3,drop_l_hc,13,6,1,46,0
18,3,drop_l_hc,14,6,1,46,0
18,3,drop_l_hc,15,6,1,46,0
18,3,drop_l_hc,16,6,1,46,0
18,3,drop_l_hc,17,6,1,46,0
18,3,drop_l_hc,18,6,1,46,0
18,3,drop_l_hc,19,6,1,46,0
18,3,drop_l_hc,20,6,1,46,0
18,4,random,0,7,0,46,0
18,4,random,1,7,0,46,0
18,4,random,2,7,0,46,0
18,4,random,3,7,0,46,0
18,4,random,4,7,0,46,0
18,4,random,5,7,0,46,0
18,4,random,6,7,0,46,0
18,4,random,7,6,1,46,0
18,4,random,8,6,1,46,0
18,4,random,9,6,1,46,0
18,4,random,10,6,1,46,0
18,4,random,11,6,1,46,0
18,4,random,12,6,1,46,0
18,4,random,13,6,1,46,0
18,4,random,14,6,1,46,0
18,4,random,15,6,1,46,0
18,4,random,16,6,1,46,0
18,4,random,17,5,2,46,0
18,4,random,18,5,2,46,0
18,4,random,19,5,2,46,0
18,4,random,20,5,2,46,0
18,4,drop_alpha,0,7,0,46,0
18,4,drop_alpha,1,7,0,46,0
18,4,drop_alpha,2,7,0,46,0
18,4,drop_alpha,3,7,0,46,0
18,4,drop_alpha,4,6,1,46,0
18,4,drop_alpha,5,6,1,46,0
18,4,drop_alpha,6,6,1,46,0
18,4,drop_alpha,7,6,1,46,0
18,4,drop_alpha,8,6,1,46,0
18,4,drop_alpha,9,6,1,46,0
18,4,drop_alpha,10,6,1,46,0
18,4,drop_alpha,11,6,1,46,0
18,4,drop_alpha,12,6,1,46,0
18,4,drop_alpha,13,6,1,46,0
18,4,drop_alpha,14,6,1,46,0
18,4,drop_alpha,15,6,1,46,0
18,4,drop_alpha,16,6,1,46,0
18,4,drop_alpha,17,6,1,46,0
18,4,drop_alpha,18,6,1,46,0
18,4,drop_alpha,19,6,1,46,0
18,4,drop_alpha,20,5,2,46,0
18,4,hardcore_comarg,0,7,0,46,0
18,4,hardcore_comarg,1,7,0,46,0
18,4,hardcore_comarg,2,6,1,46,0
18,4,hardcore_comarg,3,6,1,46,0
18,4,hardcore_comarg,4,6,1,46,0
18,4,hardcore_comarg,5,5,2,46,0
18,4,hardcore_comarg,6,5,2,46,0
18,4,hardcore_comarg,7,5,2,46,0
18,4,hardcore_comarg,8,5,2,46,0
18,4,hardcore_comarg,9,5,2,46,0
18,4,hardcore_comarg,10,5,2,46,0
18,4,hardcore_comarg,11,5,2,46,0
18,4,hardcore_comarg,12,5,2,46,0
18,4,hardcore_comarg,13,5,2,46,0
18,4,hardcore_comarg,14,5,2,46,0
18,4,hardcore_comarg,15,5,2,46,0
18,4,hardcore_comarg,16,4,3,46,0
18,4,hardcore_comarg,17,4,3,46,0
18,4,hardcore_comarg,18,4,3,46,0
18,4,hardcore_comarg,19,4,3,46,0
18,4,hardcore_comarg,20,4,3,46,0
18,4,sdp_X_uw,0,7,0,46,0
18,4,sdp_X_uw,1,7,0,46,0
18,4,sdp_X_uw,2,6,1,46,0
18,4,sdp_X_uw,3,6,1,46,0
18,4,sdp_X_uw,4,6,1,46,0
18,4,sdp_X_uw,5,5,2,46,0
18,4,sdp_X_uw,6,5,2,46,0
18,4,sdp_X_uw,7,5,2,46,0
18,4,sdp_X_uw,8,5,2,46,0
18,4,sdp_X_uw,9,5,2,46,0
18,4,sdp_X_uw,10,5,2,46,0
18,4,sdp_X_uw,11,5,2,46,0
18,4,sdp_X_uw,12,5,2,46,0
18,4,sdp_X_uw,13,5,2,46,0
18,4,sdp_X_uw,14,5,2,46,0
18,4,sdp_X_uw,15,5,2,46,0
18,4,sdp_X_uw,16,4,3,46,0
18,4,sdp_X_uw,17,4,3,46,0
18,4,sdp_X_uw,18,4,3,46,0
18,4,sdp_X_uw,19,4,3,46,0
18,4,sdp_X_uw,20,4,3,46,0
18,4,lp_xu_plus_xw,0,7,0,46,0
18,4,lp_xu_plus_xw,1,7,0,46,0
18,4,lp_xu_plus_xw,2,7,0,46,0
18,4,lp_xu_plus_xw,3,7,0,46,0
18,4,lp_xu_plus_xw,4,7,0,46,0
18,4,lp_xu_plus_xw,5,6,1,46,0
18,4,lp_xu_plus_xw,6,6,1,46,0
18,4,lp_xu_plus_xw,7,6,1,46,0
18,4,lp_xu_plus_xw,8,6,1,46,0
18,4,lp_xu_plus_xw,9,6,1,46,0
18,4,lp_xu_plus_xw,10,6,1,46,0
18,4,lp_xu_plus_xw,11,6,1,46,0
18,4,lp_xu_plus_xw,12,6,1,46,0
18,4,lp_xu_plus_xw,13,6,1,46,0
18,4,lp_xu_plus_xw,14,6,1,46,0
18,4,lp_xu_plus_xw,15,6,1,46,0
18,4,lp_xu_plus_xw,16,6,1,46,0
18,4,lp_xu_plus_xw,17,6,1,46,0
18,4,lp_xu_plus_xw,18,6,1,46,0
18,4,lp_xu_plus_xw,19,6,1,46,0
18,4,lp_xu_plus_xw,20,6,1,46,0
18,4,hoffman_grad,0,7,0,46,1
18,4,drop_e_max,0,7,0,46,0
18,4,drop_e_max,1,7,0,46,0
18,4,drop_e_max,2,6,1,46,0
18,4,drop_e_max,3,6,1,46,0
18,4,drop_e_max,4,6,1,46,0
18,4,drop_e_max,5,5,2,46,0
18,4,drop_e_max,6,5,2,46,0
18,4,drop_e_max,7,5,2,46,0
18,4,drop_e_max,8,5,2,46,0
18,4,drop_e_max,9,5,2,46,0
18,4,drop_e_max,10,5,2,46,0
18,4,drop_e_max,11,5,2,46,0
18,4,drop_e_max,12,5,2,46,0
18,4,drop_e_max,13,5,2,46,0
18,4,drop_e_max,14,5,2,46,0
18,4,drop_e_max,15,5,2,46,0
18,4,drop_e_max,16,4,3,46,0
18,4,drop_e_max,17,4,3,46,0
18,4,drop_e_max,18,4,3,46,0
18,4,drop_e_max,19,4,3,46,0
18,4,drop_e_max,20,4,3,46,0
18,4,drop_l_hc,0,7,0,46,0
18,4,drop_l_hc,1,7,0,46,0
18,4,drop_l_hc,2,7,0,46,0
18,4,drop_l_hc,3,7,0,46,0
18,4,drop_l_hc,4,6,1,46,0
18,4,drop_l_hc,5,6,1,46,0
18,4,drop_l_hc,6,6,1,46,0
18,4,drop_l_hc,7,6,1,46,0
18,4,drop_l_hc,8,6,1,46,0
18,4,drop_l_hc,9,6,1,46,0
18,4,drop_l_hc,10,6,1,46,0
18,4,drop_l_hc,11,6,1,46,0
18,4,drop_l_hc,12,6,1,46,0
18,4,drop_l_hc,13,6,1,46,0
18,4,drop_l_hc,14,6,1,46,0
18,4,drop_l_hc,15,6,1,46,0
18,4,drop_l_hc,16,6,1,46,0
18,4,drop_l_hc,17,6,1,46,0
18,4,drop_l_hc,18,6,1,46,0
18,4,drop_l_hc,19,6,1,46,0
18,4,drop_l_hc,20,6,1,46,0
18,5,random,0,7,0,46,0
18,5,random,1,7,0,46,0
18,5,random,2,7,0,46,0
18,5,random,3,7,0,46,0
18,5,random,4,7,0,46,0
18,5,random,5,7,0,46,0
18,5,random,6,7,0,46,0
18,5,random,7,7,0,46,0
18,5,random,8,7,0,46,0
18,5,random,9,7,0,46,0
18,5,random,10,7,0,46,0
18,5,random,11,7,0,46,0
18,5,random,12,7,0,46,0
18,5,random,13,7,0,46,0
18,5,random,14,7,0,46,0
18,5,random,15,7,0,46,0
18,5,random,16,7,0,46,0
18,5,random,17,7,0,46,0
18,5,random,18,7,0,46,0
18,5,random,19,7,0,46,0
18,5,random,20,7,0,46,0
18,5,drop_alpha,0,7,0,46,0
18,5,drop_alpha,1,7,0,46,0
18,5,drop_alpha,2,6,1,46,0
18,5,drop_alpha,3,6,1,46,0
18,5,drop_alpha,4,6,1,46,0
18,5,drop_alpha,5,6,1,46,0
18,5,drop_alpha,6,6,1,46,0
18,5,drop_alpha,7,6,1,46,0
18,5,drop_alpha,8,6,1,46,0
18,5,drop_alpha,9,6,1,46,0
18,5,drop_alpha,10,6,1,46,0
18,5,drop_alpha,11,6,1,46,0
18,5,drop_alpha,12,6,1,46,0
18,5,drop_alpha,13,6,1,46,0
18,5,drop_alpha,14,6,1,46,0
18,5,drop_alpha,15,6,1,46,0
18,5,drop_alpha,16,6,1,46,0
18,5,drop_alpha,17,6,1,46,0
18,5,drop_alpha,18,6,1,46,0
18,5,drop_alpha,19,6,1,46,0
18,5,drop_alpha,20,6,1,46,0
18,5,hardcore_comarg,0,7,0,46,0
18,5,hardcore_comarg,1,7,0,46,0
18,5,hardcore_comarg,2,6,1,46,0
18,5,hardcore_comarg,3,6,1,46,0
18,5,hardcore_comarg,4,6,1,46,0
18,5,hardcore_comarg,5,6,1,46,0
18,5,hardcore_comarg,6,5,2,46,0
18,5,hardcore_comarg,7,5,2,46,0
18,5,hardcore_comarg,8,5,2,46,0
18,5,hardcore_comarg,9,5,2,46,0
18,5,hardcore_comarg,10,5,2,46,0
18,5,hardcore_comarg,11,5,2,46,0
18,5,hardcore_comarg,12,5,2,46,0
18,5,hardcore_comarg,13,5,2,46,0
18,5,hardcore_comarg,14,5,2,46,0
18,5,hardcore_comarg,15,5,2,46,0
18,5,hardcore_comarg,16,4,3,46,0
18,5,hardcore_comarg,17,4,3,46,0
18,5,hardcore_comarg,18,4,3,46,0
18,5,hardcore_comarg,19,4,3,46,0
18,5,hardcore_comarg,20,4,3,46,0
18,5,sdp_X_uw,0,7,0,46,0
18,5,sdp_X_uw,1,7,0,46,0
18,5,sdp_X_uw,2,6,1,46,0
18,5,sdp_X_uw,3,6,1,46,0
18,5,sdp_X_uw,4,6,1,46,0
18,5,sdp_X_uw,5,6,1,46,0
18,5,sdp_X_uw,6,6,1,46,0
18,5,sdp_X_uw,7,5,2,46,0
18,5,sdp_X_uw,8,5,2,46,0
18,5,sdp_X_uw,9,5,2,46,0
18,5,sdp_X_uw,10,5,2,46,0
18,5,sdp_X_uw,11,5,2,46,0
18,5,sdp_X_uw,12,5,2,46,0
18,5,sdp_X_uw,13,5,2,46,0
18,5,sdp_X_uw,14,5,2,46,0
18,5,sdp_X_uw,15,5,2,46,0
18,5,sdp_X_uw,16,5,2,46,0
18,5,sdp_X_uw,17,5,2,46,0
18,5,sdp_X_uw,18,4,3,46,0
18,5,sdp_X_uw,19,4,3,46,0
18,5,sdp_X_uw,20,4,3,46,0
18,5,lp_xu_plus_xw,0,7,0,46,0
18,5,lp_xu_plus_xw,1,7,0,46,0
18,5,lp_xu_plus_xw,2,6,1,46,0
18,5,lp_xu_plus_xw,3,6,1,46,0
18,5,lp_xu_plus_xw,4,6,1,46,0
18,5,lp_xu_plus_xw,5,6,1,46,0
18,5,lp_xu_plus_xw,6,6,1,46,0
18,5,lp_xu_plus_xw,7,6,1,46,0
18,5,lp_xu_plus_xw,8,6,1,46,0
18,5,lp_xu_plus_xw,9,6,1,46,0
18,5,lp_xu_plus_xw,10,6,1,46,0
18,5,lp_xu_plus_xw,11,6,1,46,0
18,5,lp_xu_plus_xw,12,6,1,46,0
18,5,lp_xu_plus_xw,13,6,1,46,0
18,5,lp_xu_plus_xw,14,5,2,46,0
18,5,lp_xu_plus_xw,15,5,2,46,0
18,5,lp_xu_plus_xw,16,5,2,46,0
18,5,lp_xu_plus_xw,17,5,2,46,0
18,5,lp_xu_plus_xw,18,5,2,46,0
18,5,lp_xu_plus_xw,19,5,2,46,0
18,5,lp_xu_plus_xw,20,5,2,46,0
18,5,hoffman_grad,0,7,0,46,1
18,5,drop_e_max,0,7,0,46,0
18,5,drop_e_max,1,7,0,46,0
18,5,drop_e_max,2,6,1,46,0
18,5,drop_e_max,3,6,1,46,0
18,5,drop_e_max,4,6,1,46,0
18,5,drop_e_max,5,6,1,46,0
18,5,drop_e_max,6,5,2,46,0
18,5,drop_e_max,7,5,2,46,0
18,5,drop_e_max,8,5,2,46,0
18,5,drop_e_max,9,5,2,46,0
18,5,drop_e_max,10,5,2,46,0
18,5,drop_e_max,11,5,2,46,0
18,5,drop_e_max,12,5,2,46,0
18,5,drop_e_max,13,5,2,46,0
18,5,drop_e_max,14,5,2,46,0
18,5,drop_e_max,15,5,2,46,0
18,5,drop_e_max,16,5,2,46,0
18,5,drop_e_max,17,4,3,46,0
18,5,drop_e_max,18,4,3,46,0
18,5,drop_e_max,19,4,3,46,0
18,5,drop_e_max,20,4,3,46,0
18,5,drop_l_hc,0,7,0,46,0
18,5,drop_l_hc,1,7,0,46,0
18,5,drop_l_hc,2,6,1,46,0
18,5,drop_l_hc,3,6,1,46,0
18,5,drop_l_hc,4,6,1,46,0
18,5,drop_l_hc,5,6,1,46,0
18,5,drop_l_hc,6,6,1,46,0
18,5,drop_l_hc,7,6,1,46,0
18,5,drop_l_hc,8,6,1,46,0
18,5,drop_l_hc,9,6,1,46,0
18,5,drop_l_hc,10,6,1,46,0
18,5,drop_l_hc,11,6,1,46,0
18,5,drop_l_hc,12,6,1,46,0
18,5,drop_l_hc,13,6,1,46,0
18,5,drop_l_hc,14,6,1,46,0
18,5,drop_l_hc,15,6,1,46,0
18,5,drop_l_hc,16,6,1,46,0
18,5,drop_l_hc,17,6,1,46,0
18,5,drop_l_hc,18,6,1,46,0
18,5,drop_l_hc,19,6,1,46,0
18,5,drop_l_hc,20,6,1,46,0
18,6,random,0,7,0,46,0
18,6,random,1,7,0,46,0
18,6,random,2,7,0,46,0
18,6,random,3,7,0,46,0
18,6,random,4,7,0,46,0
18,6,random,5,7,0,46,0
18,6,random,6,7,0,46,0
18,6,random,7,7,0,46,0
18,6,random,8,7,0,46,0
18,6,random,9,7,0,46,0
18,6,random,10,7,0,46,0
18,6,random,11,7,0,46,0
18,6,random,12,7,0,46,0
18,6,random,13,7,0,46,0
18,6,random,14,7,0,46,0
18,6,random,15,7,0,46,0
18,6,random,16,7,0,46,0
18,6,random,17,7,0,46,0
18,6,random,18,7,0,46,0
18,6,random,19,7,0,46,0
18,6,random,20,7,0,46,0
18,6,drop_alpha,0,7,0,46,0
18,6,drop_alpha,1,7,0,46,0
18,6,drop_alpha,2,7,0,46,0
18,6,drop_alpha,3,6,1,46,0
18,6,drop_alpha,4,6,1,46,0
18,6,drop_alpha,5,6,1,46,0
18,6,drop_alpha,6,6,1,46,0
18,6,drop_alpha,7,6,1,46,0
18,6,drop_alpha,8,6,1,46,0
18,6,drop_alpha,9,6,1,46,0
18,6,drop_alpha,10,6,1,46,0
18,6,drop_alpha,11,6,1,46,0
18,6,drop_alpha,12,6,1,46,0
18,6,drop_alpha,13,6,1,46,0
18,6,drop_alpha,14,6,1,46,0
18,6,drop_alpha,15,6,1,46,0
18,6,drop_alpha,16,6,1,46,0
18,6,drop_alpha,17,6,1,46,0
18,6,drop_alpha,18,6,1,46,0
18,6,drop_alpha,19,6,1,46,0
18,6,drop_alpha,20,5,2,46,0
18,6,hardcore_comarg,0,7,0,46,0
18,6,hardcore_comarg,1,7,0,46,0
18,6,hardcore_comarg,2,6,1,46,0
18,6,hardcore_comarg,3,6,1,46,0
18,6,hardcore_comarg,4,6,1,46,0
18,6,hardcore_comarg,5,6,1,46,0
18,6,hardcore_comarg,6,5,2,46,0
18,6,hardcore_comarg,7,5,2,46,0
18,6,hardcore_comarg,8,5,2,46,0
18,6,hardcore_comarg,9,5,2,46,0
18,6,hardcore_comarg,10,5,2,46,0
18,6,hardcore_comarg,11,5,2,46,0
18,6,hardcore_comarg,12,5,2,46,0
18,6,hardcore_comarg,13,5,2,46,0
18,6,hardcore_comarg,14,5,2,46,0
18,6,hardcore_comarg,15,5,2,46,0
18,6,hardcore_comarg,16,4,3,46,0
18,6,hardcore_comarg,17,4,3,46,0
18,6,hardcore_comarg,18,4,3,46,0
18,6,hardcore_comarg,19,4,3,46,0
18,6,hardcore_comarg,20,4,3,46,0
18,6,sdp_X_uw,0,7,0,46,0
18,6,sdp_X_uw,1,7,0,46,0
18,6,sdp_X_uw,2,6,1,46,0
18,6,sdp_X_uw,3,6,1,46,0
18,6,sdp_X_uw,4,6,1,46,0
18,6,sdp_X_uw,5,5,2,46,0
18,6,sdp_X_uw,6,5,2,46,0
18,6,sdp_X_uw,7,5,2,46,0
18,6,sdp_X_uw,8,5,2,46,0
18,6,sdp_X_uw,9,5,2,46,0
18,6,sdp_X_uw,10,5,2,46,0
18,6,sdp_X_uw,11,5,2,46,0
18,6,sdp_X_uw,12,5,2,46,0
18,6,sdp_X_uw,13,5,2,46,0
18,6,sdp_X_uw,14,4,3,46,0
18,6,sdp_X_uw,15,4,3,46,0
18,6,sdp_X_uw,16,4,3,46,0
18,6,sdp_X_uw,17,4,3,46,0
18,6,sdp_X_uw,18,4,3,46,0
18,6,sdp_X_uw,19,4,3,46,0
18,6,sdp_X_uw,20,4,3,46,0
18,6,lp_xu_plus_xw,0,7,0,46,0
18,6,lp_xu_plus_xw,1,7,0,46,0
18,6,lp_xu_plus_xw,2,7,0,46,0
18,6,lp_xu_plus_xw,3,7,0,46,0
18,6,lp_xu_plus_xw,4,7,0,46,0
18,6,lp_xu_plus_xw,5,7,0,46,0
18,6,lp_xu_plus_xw,6,7,0,46,0
18,6,lp_xu_plus_xw,7,7,0,46,0
18,6,lp_xu_plus_xw,8,7,0,46,0
18,6,lp_xu_plus_xw,9,7,0,46,0
18,6,lp_xu_plus_xw,10,7,0,46,0
18,6,lp_xu_plus_xw,11,7,0,46,0
18,6,lp_xu_plus_xw,12,7,0,46,0
18,6,lp_xu_plus_xw,13,7,0,46,0
18,6,lp_xu_plus_xw,14,7,0,46,0
18,6,lp_xu_plus_xw,15,7,0,46,0
18,6,lp_xu_plus_xw,16,7,0,46,0
18,6,lp_xu_plus_xw,17,7,0,46,0
18,6,lp_xu_plus_xw,18,7,0,46,0
18,6,lp_xu_plus_xw,19,7,0,46,0
18,6,lp_xu_plus_xw,20,7,0,46,0
18,6,hoffman_grad,0,7,0,46,1
18,6,drop_e_max,0,7,0,46,0
18,6,drop_e_max,1,7,0,46,0
18,6,drop_e_max,2,6,1,46,0
18,6,drop_e_max,3,6,1,46,0
18,6,drop_e_max,4,6,1,46,0
18,6,drop_e_max,5,6,1,46,0
18,6,drop_e_max,6,5,2,46,0
18,6,drop_e_max,7,5,2,46,0
18,6,drop_e_max,8,5,2,46,0
18,6,drop_e_max,9,5,2,46,0
18,6,drop_e_max,10,5,2,46,0
18,6,drop_e_max,11,5,2,46,0
18,6,drop_e_max,12,5,2,46,0
18,6,drop_e_max,13,5,2,46,0
18,6,drop_e_max,14,4,3,46,0
18,6,drop_e_max,15,4,3,46,0
18,6,drop_e_max,16,4,3,46,0
18,6,drop_e_max,17,4,3,46,0
18,6,drop_e_max,18,4,3,46,0
18,6,drop_e_max,19,4,3,46,0
18,6,drop_e_max,20,4,3,46,0
18,6,drop_l_hc,0,7,0,46,0
18,6,drop_l_hc,1,7,0,46,0
18,6,drop_l_hc,2,7,0,46,0
18,6,drop_l_hc,3,6,1,46,0
18,6,drop_l_hc,4,6,1,46,0
18,6,drop_l_hc,5,6,1,46,0
18,6,drop_l_hc,6,6,1,46,0
18,6,drop_l_hc,7,6,1,46,0
18,6,drop_l_hc,8,6,1,46,0
18,6,drop_l_hc,9,6,1,46,0
18,6,drop_l_hc,10,6,1,46,0
18,6,drop_l_hc,11,6,1,46,0
18,6,drop_l_hc,12,6,1,46,0
18,6,drop_l_hc,13,6,1,46,0
18,6,drop_l_hc,14,6,1,46,0
18,6,drop_l_hc,15,6,1,46,0
18,6,drop_l_hc,16,6,1,46,0
18,6,drop_l_hc,17,6,1,46,0
18,6,drop_l_hc,18,6,1,46,0
18,6,drop_l_hc,19,6,1,46,0
18,6,drop_l_hc,20,6,1,46,0
18,7,random,0,7,0,46,0
18,7,random,1,7,0,46,0
18,7,random,2,7,0,46,0
18,7,random,3,7,0,46,0
18,7,random,4,7,0,46,0
18,7,random,5,7,0,46,0
18,7,random,6,7,0,46,0
18,7,random,7,7,0,46,0
18,7,random,8,7,0,46,0
18,7,random,9,7,0,46,0
18,7,random,10,7,0,46,0
18,7,random,11,7,0,46,0
18,7,random,12,7,0,46,0
18,7,random,13,7,0,46,0
18,7,random,14,7,0,46,0
18,7,random,15,7,0,46,0
18,7,random,16,7,0,46,0
18,7,random,17,7,0,46,0
18,7,random,18,7,0,46,0
18,7,random,19,6,1,46,0
18,7,random,20,6,1,46,0
18,7,drop_alpha,0,7,0,46,0
18,7,drop_alpha,1,7,0,46,0
18,7,drop_alpha,2,6,1,46,0
18,7,drop_alpha,3,6,1,46,0
18,7,drop_alpha,4,6,1,46,0
18,7,drop_alpha,5,6,1,46,0
18,7,drop_alpha,6,6,1,46,0
18,7,drop_alpha,7,6,1,46,0
18,7,drop_alpha,8,6,1,46,0
18,7,drop_alpha,9,5,2,46,0
18,7,drop_alpha,10,5,2,46,0
18,7,drop_alpha,11,5,2,46,0
18,7,drop_alpha,12,5,2,46,0
18,7,drop_alpha,13,5,2,46,0
18,7,drop_alpha,14,5,2,46,0
18,7,drop_alpha,15,5,2,46,0
18,7,drop_alpha,16,5,2,46,0
18,7,drop_alpha,17,5,2,46,0
18,7,drop_alpha,18,5,2,46,0
18,7,drop_alpha,19,5,2,46,0
18,7,drop_alpha,20,5,2,46,0
18,7,hardcore_comarg,0,7,0,46,0
18,7,hardcore_comarg,1,7,0,46,0
18,7,hardcore_comarg,2,6,1,46,0
18,7,hardcore_comarg,3,6,1,46,0
18,7,hardcore_comarg,4,6,1,46,0
18,7,hardcore_comarg,5,5,2,46,0
18,7,hardcore_comarg,6,5,2,46,0
18,7,hardcore_comarg,7,5,2,46,0
18,7,hardcore_comarg,8,5,2,46,0
18,7,hardcore_comarg,9,5,2,46,0
18,7,hardcore_comarg,10,5,2,46,0
18,7,hardcore_comarg,11,5,2,46,0
18,7,hardcore_comarg,12,5,2,46,0
18,7,hardcore_comarg,13,5,2,46,0
18,7,hardcore_comarg,14,5,2,46,0
18,7,hardcore_comarg,15,5,2,46,0
18,7,hardcore_comarg,16,4,3,46,0
18,7,hardcore_comarg,17,4,3,46,0
18,7,hardcore_comarg,18,4,3,46,0
18,7,hardcore_comarg,19,4,3,46,0
18,7,hardcore_comarg,20,4,3,46,0
18,7,sdp_X_uw,0,7,0,46,0
18,7,sdp_X_uw,1,7,0,46,0
18,7,sdp_X_uw,2,6,1,46,0
18,7,sdp_X_uw,3,6,1,46,0
18,7,sdp_X_uw,4,6,1,46,0
18,7,sdp_X_uw,5,6,1,46,0
18,7,sdp_X_uw,6,5,2,46,0
18,7,sdp_X_uw,7,5,2,46,0
18,7,sdp_X_uw,8,5,2,46,0
18,7,sdp_X_uw,9,5,2,46,0
18,7,sdp_X_uw,10,5,2,46,0
18,7,sdp_X_uw,11,5,2,46,0
18,7,sdp_X_uw,12,5,2,46,0
18,7,sdp_X_uw,13,5,2,46,0
18,7,sdp_X_uw,14,5,2,46,0
18,7,sdp_X_uw,15,5,2,46,0
18,7,sdp_X_uw,16,4,3,46,0
18,7,sdp_X_uw,17,4,3,46,0
18,7,sdp_X_uw,18,4,3,46,0
18,7,sdp_X_uw,19,4,3,46,0
18,7,sdp_X_uw,20,4,3,46,0
18,7,lp_xu_plus_xw,0,7,0,46,0
18,7,lp_xu_plus_xw,1,7,0,46,0
18,7,lp_xu_plus_xw,2,6,1,46,0
18,7,lp_xu_plus_xw,3,6,1,46,0
18,7,lp_xu_plus_xw,4,6,1,46,0
18,7,lp_xu_plus_xw,5,6,1,46,0
18,7,lp_xu_plus_xw,6,6,1,46,0
18,7,lp_xu_plus_xw,7,6,1,46,0
18,7,lp_xu_plus_xw,8,6,1,46,0
18,7,lp_xu_plus_xw,9,6,1,46,0
18,7,lp_xu_plus_xw,10,6,1,46,0
18,7,lp_xu_plus_xw,11,6,1,46,0
18,7,lp_xu_plus_xw,12,6,1,46,0
18,7,lp_xu_plus_xw,13,6,1,46,0
18,7,lp_xu_plus_xw,14,6,1,46,0
18,7,lp_xu_plus_xw,15,6,1,46,0
18,7,lp_xu_plus_xw,16,6,1,46,0
18,7,lp_xu_plus_xw,17,6,1,46,0
18,7,lp_xu_plus_xw,18,6,1,46,0
18,7,lp_xu_plus_xw,19,6,1,46,0
18,7,lp_xu_plus_xw,20,6,1,46,0
18,7,hoffman_grad,0,7,0,46,1
18,7,drop_e_max,0,7,0,46,0
18,7,drop_e_max,1,7,0,46,0
18,7,drop_e_max,2,6,1,46,0
18,7,drop_e_max,3,6,1,46,0
18,7,drop_e_max,4,6,1,46,0
18,7,drop_e_max,5,5,2,46,0
18,7,drop_e_max,6,5,2,46,0
18,7,drop_e_max,7,5,2,46,0
18,7,drop_e_max,8,5,2,46,0
18,7,drop_e_max,9,5,2,46,0
18,7,drop_e_max,10,5,2,46,0
18,7,drop_e_max,11,5,2,46,0
18,7,drop_e_max,12,5,2,46,0
18,7,drop_e_max,13,5,2,46,0
18,7,drop_e_max,14,5,2,46,0
18,7,drop_e_max,15,4,3,46,0
18,7,drop_e_max,16,4,3,46,0
18,7,drop_e_max,17,4,3,46,0
18,7,drop_e_max,18,4,3,46,0
18,7,drop_e_max,19,4,3,46,0
18,7,drop_e_max,20,4,3,46,0
18,7,drop_l_hc,0,7,0,46,0
18,7,drop_l_hc,1,7,0,46,0
18,7,drop_l_hc,2,7,0,46,0
18,7,drop_l_hc,3,7,0,46,0
18,7,drop_l_hc,4,6,1,46,0
18,7,drop_l_hc,5,6,1,46,0
18,7,drop_l_hc,6,6,1,46,0
18,7,drop_l_hc,7,6,1,46,0
18,7,drop_l_hc,8,6,1,46,0
18,7,drop_l_hc,9,6,1,46,0
18,7,drop_l_hc,10,6,1,46,0
18,7,drop_l_hc,11,6,1,46,0
18,7,drop_l_hc,12,6,1,46,0
18,7,drop_l_hc,13,6,1,46,0
18,7,drop_l_hc,14,6,1,46,0
18,7,drop_l_hc,15,6,1,46,0
18,7,drop_l_hc,16,6,1,46,0
18,7,drop_l_hc,17,6,1,46,0
18,7,drop_l_hc,18,6,1,46,0
18,7,drop_l_hc,19,6,1,46,0
18,7,drop_l_hc,20,6,1,46,0
18,8,random,0,7,0,46,0
18,8,random,1,7,0,46,0
18,8,random,2,7,0,46,0
18,8,random,3,7,0,46,0
18,8,random,4,7,0,46,0
18,8,random,5,7,0,46,0
18,8,random,6,6,1,46,0
18,8,random,7,6,1,46,0
18,8,random,8,6,1,46,0
18,8,random,9,6,1,46,0
18,8,random,10,6,1,46,0
18,8,random,11,6,1,46,0
18,8,random,12,6,1,46,0
18,8,random,13,6,1,46,0
18,8,random,14,6,1,46,0
18,8,random,15,6,1,46,0
18,8,random,16,6,1,46,0
18,8,random,17,6,1,46,0
18,8,random,18,6,1,46,0
18,8,random,19,6,1,46,0
18,8,random,20,6,1,46,0
18,8,drop_alpha,0,7,0,46,0
18,8,drop_alpha,1,7,0,46,0
18,8,drop_alpha,2,7,0,46,0
18,8,drop_alpha,3,7,0,46,0
18,8,drop_alpha,4,7,0,46,0
18,8,drop_alpha,5,7,0,46,0
18,8,drop_alpha,6,7,0,46,0
18,8,drop_alpha,7,7,0,46,0
18,8,drop_alpha,8,6,1,46,0
18,8,drop_alpha,9,6,1,46,0
18,8,drop_alpha,10,6,1,46,0
18,8,drop_alpha,11,6,1,46,0
18,8,drop_alpha,12,6,1,46,0
18,8,drop_alpha,13,6,1,46,0
18,8,drop_alpha,14,6,1,46,0
18,8,drop_alpha,15,6,1,46,0
18,8,drop_alpha,16,6,1,46,0
18,8,drop_alpha,17,6,1,46,0
18,8,drop_alpha,18,6,1,46,0
18,8,drop_alpha,19,6,1,46,0
18,8,drop_alpha,20,6,1,46,0
18,8,hardcore_comarg,0,7,0,46,0
18,8,hardcore_comarg,1,7,0,46,0
18,8,hardcore_comarg,2,6,1,46,0
18,8,hardcore_comarg,3,6,1,46,0
18,8,hardcore_comarg,4,6,1,46,0
18,8,hardcore_comarg,5,6,1,46,0
18,8,hardcore_comarg,6,5,2,46,0
18,8,hardcore_comarg,7,5,2,46,0
18,8,hardcore_comarg,8,5,2,46,0
18,8,hardcore_comarg,9,5,2,46,0
18,8,hardcore_comarg,10,5,2,46,0
18,8,hardcore_comarg,11,5,2,46,0
18,8,hardcore_comarg,12,5,2,46,0
18,8,hardcore_comarg,13,5,2,46,0
18,8,hardcore_comarg,14,5,2,46,0
18,8,hardcore_comarg,15,4,3,46,0
18,8,hardcore_comarg,16,4,3,46,0
18,8,hardcore_comarg,17,4,3,46,0
18,8,hardcore_comarg,18,4,3,46,0
18,8,hardcore_comarg,19,4,3,46,0
18,8,hardcore_comarg,20,4,3,46,0
18,8,sdp_X_uw,0,7,0,46,0
18,8,sdp_X_uw,1,7,0,46,0
18,8,sdp_X_uw,2,6,1,46,0
18,8,sdp_X_uw,3,6,1,46,0
18,8,sdp_X_uw,4,6,1,46,0
18,8,sdp_X_uw,5,6,1,46,0
18,8,sdp_X_uw,6,5,2,46,0
18,8,sdp_X_uw,7,5,2,46,0
18,8,sdp_X_uw,8,5,2,46,0
18,8,sdp_X_uw,9,5,2,46,0
18,8,sdp_X_uw,10,5,2,46,0
18,8,sdp_X_uw,11,5,2,46,0
18,8,sdp_X_uw,12,5,2,46,0
18,8,sdp_X_uw,13,5,2,46,0
18,8,sdp_X_uw,14,5,2,46,0
18,8,sdp_X_uw,15,5,2,46,0
18,8,sdp_X_uw,16,5,2,46,0
18,8,sdp_X_uw,17,5,2,46,0
18,8,sdp_X_uw,18,4,3,46,0
18,8,sdp_X_uw,19,4,3,46,0
18,8,sdp_X_uw,20,4,3,46,0
18,8,lp_xu_plus_xw,0,7,0,46,0
18,8,lp_xu_plus_xw,1,7,0,46,0
18,8,lp_xu_plus_xw,2,7,0,46,0
18,8,lp_xu_plus_xw,3,7,0,46,0
18,8,lp_xu_plus_xw,4,7,0,46,0
18,8,lp_xu_plus_xw,5,6,1,46,0
18,8,lp_xu_plus_xw,6,6,1,46,0
18,8,lp_xu_plus_xw,7,6,1,46,0
18,8,lp_xu_plus_xw,8,6,1,46,0
18,8,lp_xu_plus_xw,9,5,2,46,0
18,8,lp_xu_plus_xw,10,5,2,46,0
18,8,lp_xu_plus_xw,11,5,2,46,0
18,8,lp_xu_plus_xw,12,5,2,46,0
18,8,lp_xu_plus_xw,13,5,2,46,0
18,8,lp_xu_plus_xw,14,5,2,46,0
18,8,lp_xu_plus_xw,15,5,2,46,0
18,8,lp_xu_plus_xw,16,5,2,46,0
18,8,lp_xu_plus_xw,17,5,2,46,0
18,8,lp_xu_plus_xw,18,5,2,46,0
18,8,lp_xu_plus_xw,19,5,2,46,0
18,8,lp_xu_plus_xw,20,5,2,46,0
18,8,hoffman_grad,0,7,0,46,1
18,8,drop_e_max,0,7,0,46,0
18,8,drop_e_max,1,7,0,46,0
18,8,drop_e_max,2,6,1,46,0
18,8,drop_e_max,3,6,1,46,0
18,8,drop_e_max,4,6,1,46,0
18,8,drop_e_max,5,6,1,46,0
18,8,drop_e_max,6,5,2,46,0
18,8,drop_e_max,7,5,2,46,0
18,8,drop_e_max,8,5,2,46,0
18,8,drop_e_max,9,5,2,46,0
18,8,drop_e_max,10,5,2,46,0
18,8,drop_e_max,11,5,2,46,0
18,8,drop_e_max,12,5,2,46,0
18,8,drop_e_max,13,5,2,46,0
18,8,drop_e_max,14,5,2,46,0
18,8,drop_e_max,15,4,3,46,0
18,8,drop_e_max,16,4,3,46,0
18,8,drop_e_max,17,4,3,46,0
18,8,drop_e_max,18,4,3,46,0
18,8,drop_e_max,19,4,3,46,0
18,8,drop_e_max,20,4,3,46,0
18,8,drop_l_hc,0,7,0,46,0
18,8,drop_l_hc,1,7,0,46,0
18,8,drop_l_hc,2,7,0,46,0
18,8,drop_l_hc,3,7,0,46,0
18,8,drop_l_hc,4,7,0,46,0
18,8,drop_l_hc,5,7,0,46,0
18,8,drop_l_hc,6,7,0,46,0
18,8,drop_l_hc,7,7,0,46,0
18,8,drop_l_hc,8,6,1,46,0
18,8,drop_l_hc,9,6,1,46,0
18,8,drop_l_hc,10,6,1,46,0
18,8,drop_l_hc,11,6,1,46,0
18,8,drop_l_hc,12,6,1,46,0
18,8,drop_l_hc,13,6,1,46,0
18,8,drop_l_hc,14,6,1,46,0
18,8,drop_l_hc,15,6,1,46,0
18,8,drop_l_hc,16,6,1,46,0
18,8,drop_l_hc,17,6,1,46,0
18,8,drop_l_hc,18,6,1,46,0
18,8,drop_l_hc,19,6,1,46,0
18,8,drop_l_hc,20,6,1,46,0
18,9,random,0,7,0,46,0
18,9,random,1,7,0,46,0
18,9,random,2,7,0,46,0
18,9,random,3,7,0,46,0
18,9,random,4,7,0,46,0
18,9,random,5,7,0,46,0
18,9,random,6,6,1,46,0
18,9,random,7,6,1,46,0
18,9,random,8,6,1,46,0
18,9,random,9,6,1,46,0
18,9,random,10,6,1,46,0
18,9,random,11,6,1,46,0
18,9,random,12,6,1,46,0
18,9,random,13,6,1,46,0
18,9,random,14,6,1,46,0
18,9,random,15,6,1,46,0
18,9,random,16,6,1,46,0
18,9,random,17,6,1,46,0
18,9,random,18,6,1,46,0
18,9,random,19,6,1,46,0
18,9,random,20,6,1,46,0
18,9,drop_alpha,0,7,0,46,0
18,9,drop_alpha,1,7,0,46,0
18,9,drop_alpha,2,7,0,46,0
18,9,drop_alpha,3,7,0,46,0
18,9,drop_alpha,4,6,1,46,0
18,9,drop_alpha,5,6,1,46,0
18,9,drop_alpha,6,6,1,46,0
18,9,drop_alpha,7,6,1,46,0
18,9,drop_alpha,8,6,1,46,0
18,9,drop_alpha,9,6,1,46,0
18,9,drop_alpha,10,6,1,46,0
18,9,drop_alpha,11,6,1,46,0
18,9,drop_alpha,12,6,1,46,0
18,9,drop_alpha,13,6,1,46,0
18,9,drop_alpha,14,6,1,46,0
18,9,drop_alpha,15,6,1,46,0
18,9,drop_alpha,16,6,1,46,0
18,9,drop_alpha,17,6,1,46,0
18,9,drop_alpha,18,5,2,46,0
18,9,drop_alpha,19,5,2,46,0
18,9,drop_alpha,20,5,2,46,0
18,9,hardcore_comarg,0,7,0,46,0
18,9,hardcore_comarg,1,7,0,46,0
18,9,hardcore_comarg,2,6,1,46,0
18,9,hardcore_comarg,3,6,1,46,0
18,9,hardcore_comarg,4,6,1,46,0
18,9,hardcore_comarg,5,6,1,46,0
18,9,hardcore_comarg,6,5,2,46,0
18,9,hardcore_comarg,7,5,2,46,0
18,9,hardcore_comarg,8,5,2,46,0
18,9,hardcore_comarg,9,5,2,46,0
18,9,hardcore_comarg,10,5,2,46,0
18,9,hardcore_comarg,11,5,2,46,0
18,9,hardcore_comarg,12,5,2,46,0
18,9,hardcore_comarg,13,5,2,46,0
18,9,hardcore_comarg,14,5,2,46,0
18,9,hardcore_comarg,15,5,2,46,0
18,9,hardcore_comarg,16,4,3,46,0
18,9,hardcore_comarg,17,4,3,46,0
18,9,hardcore_comarg,18,4,3,46,0
18,9,hardcore_comarg,19,4,3,46,0
18,9,hardcore_comarg,20,4,3,46,0
18,9,sdp_X_uw,0,7,0,46,0
18,9,sdp_X_uw,1,7,0,46,0
18,9,sdp_X_uw,2,6,1,46,0
18,9,sdp_X_uw,3,6,1,46,0
18,9,sdp_X_uw,4,6,1,46,0
18,9,sdp_X_uw,5,5,2,46,0
18,9,sdp_X_uw,6,5,2,46,0
18,9,sdp_X_uw,7,5,2,46,0
18,9,sdp_X_uw,8,5,2,46,0
18,9,sdp_X_uw,9,5,2,46,0
18,9,sdp_X_uw,10,5,2,46,0
18,9,sdp_X_uw,11,5,2,46,0
18,9,sdp_X_uw,12,5,2,46,0
18,9,sdp_X_uw,13,5,2,46,0
18,9,sdp_X_uw,14,5,2,46,0
18,9,sdp_X_uw,15,5,2,46,0
18,9,sdp_X_uw,16,4,3,46,0
18,9,sdp_X_uw,17,4,3,46,0
18,9,sdp_X_uw,18,4,3,46,0
18,9,sdp_X_uw,19,4,3,46,0
18,9,sdp_X_uw,20,4,3,46,0
18,9,lp_xu_plus_xw,0,7,0,46,0
18,9,lp_xu_plus_xw,1,7,0,46,0
18,9,lp_xu_plus_xw,2,7,0,46,0
18,9,lp_xu_plus_xw,3,7,0,46,0
18,9,lp_xu_plus_xw,4,6,1,46,0
18,9,lp_xu_plus_xw,5,6,1,46,0
18,9,lp_xu_plus_xw,6,6,1,46,0
18,9,lp_xu_plus_xw,7,6,1,46,0
18,9,lp_xu_plus_xw,8,6,1,46,0
18,9,lp_xu_plus_xw,9,6,1,46,0
18,9,lp_xu_plus_xw,10,6,1,46,0
18,9,lp_xu_plus_xw,11,6,1,46,0
18,9,lp_xu_plus_xw,12,6,1,46,0
18,9,lp_xu_plus_xw,13,6,1,46,0
18,9,lp_xu_plus_xw,14,6,1,46,0
18,9,lp_xu_plus_xw,15,6,1,46,0
18,9,lp_xu_plus_xw,16,6,1,46,0
18,9,lp_xu_plus_xw,17,6,1,46,0
18,9,lp_xu_plus_xw,18,6,1,46,0
18,9,lp_xu_plus_xw,19,6,1,46,0
18,9,lp_xu_plus_xw,20,6,1,46,0
18,9,hoffman_grad,0,7,0,46,1
18,9,drop_e_max,0,7,0,46,0
18,9,drop_e_max,1,7,0,46,0
18,9,drop_e_max,2,6,1,46,0
18,9,drop_e_max,3,6,1,46,0
18,9,drop_e_max,4,6,1,46,0
18,9,drop_e_max,5,6,1,46,0
18,9,drop_e_max,6,5,2,46,0
18,9,drop_e_max,7,5,2,46,0
18,9,drop_e_max,8,5,2,46,0
18,9,drop_e_max,9,5,2,46,0
18,9,drop_e_max,10,5,2,46,0
18,9,drop_e_max,11,5,2,46,0
18,9,drop_e_max,12,5,2,46,0
18,9,drop_e_max,13,5,2,46,0
18,9,drop_e_max,14,5,2,46,0
18,9,drop_e_max,15,5,2,46,0
18,9,drop_e_max,16,5,2,46,0
18,9,drop_e_max,17,5,2,46,0
18,9,drop_e_max,18,4,3,46,0
18,9,drop_e_max,19,4,3,46,0
18,9,drop_e_max,20,4,3,46,0
18,9,drop_l_hc,0,7,0,46,0
18,9,drop_l_hc,1,7,0,46,0
18,9,drop_l_hc,2,7,0,46,0
18,9,drop_l_hc,3,7,0,46,0
18,9,drop_l_hc,4,7,0,46,0
18,9,drop_l_hc,5,7,0,46,0
18,9,drop_l_hc,6,7,0,46,0
18,9,drop_l_hc,7,7,0,46,0
18,9,drop_l_hc,8,7,0,46,0
18,9,drop_l_hc,9,7,0,46,0
18,9,drop_l_hc,10,7,0,46,0
18,9,drop_l_hc,11,7,0,46,0
18,9,drop_l_hc,12,7,0,46,0
18,9,drop_l_hc,13,7,0,46,0
18,9,drop_l_hc,14,7,0,46,0
18,9,drop_l_hc,15,7,0,46,0
18,9,drop_l_hc,16,7,0,46,0
18,9,drop_l_hc,17,7,0,46,0
18,9,drop_l_hc,18,7,0,46,0
18,9,drop_l_hc,19,7,0,46,0
18,9,drop_l_hc,20,7,0,46,0
18,10,random,0,7,0,46,0
18,10,random,1,7,0,46,0
18,10,random,2,7,0,46,0
18,10,random,3,7,0,46,0
18,10,random,4,7,0,46,0
18,10,random,5,7,0,46,0
18,10,random,6,7,0,46,0
18,10,random,7,7,0,46,0
18,10,random,8,7,0,46,0
18,10,random,9,7,0,46,0
18,10,random,10,7,0,46,0
18,10,random,11,6,1,46,0
18,10,random,12,6,1,46,0
18,10,random,13,6,1,46,0
18,10,random,14,6,1,46,0
18,10,random,15,6,1,46,0
18,10,random,16,6,1,46,0
18,10,random,17,6,1,46,0
18,10,random,18,6,1,46,0
18,10,random,19,6,1,46,0
18,10,random,20,6,1,46,0
18,10,drop_alpha,0,7,0,46,0
18,10,drop_alpha,1,7,0,46,0
18,10,drop_alpha,2,7,0,46,0
18,10,drop_alpha,3,6,1,46,0
18,10,drop_alpha,4,6,1,46,0
18,10,drop_alpha,5,6,1,46,0
18,10,drop_alpha,6,6,1,46,0
18,10,drop_alpha,7,6,1,46,0
18,10,drop_alpha,8,6,1,46,0
18,10,drop_alpha,9,6,1,46,0
18,10,drop_alpha,10,6,1,46,0
18,10,drop_alpha,11,6,1,46,0
18,10,drop_alpha,12,6,1,46,0
18,10,drop_alpha,13,6,1,46,0
18,10,drop_alpha,14,6,1,46,0
18,10,drop_alpha,15,5,2,46,0
18,10,drop_alpha,16,5,2,46,0
18,10,drop_alpha,17,5,2,46,0
18,10,drop_alpha,18,5,2,46,0
18,10,drop_alpha,19,5,2,46,0
18,10,drop_alpha,20,5,2,46,0
18,10,hardcore_comarg,0,7,0,46,0
18,10,hardcore_comarg,1,7,0,46,0
18,10,hardcore_comarg,2,6,1,46,0
18,10,hardcore_comarg,3,6,1,46,0
18,10,hardcore_comarg,4,6,1,46,0
18,10,hardcore_comarg,5,6,1,46,0
18,10,hardcore_comarg,6,5,2,46,0
18,10,hardcore_comarg,7,5,2,46,0
18,10,hardcore_comarg,8,5,2,46,0
18,10,hardcore_comarg,9,5,2,46,0
18,10,hardcore_comarg,10,5,2,46,0
18,10,hardcore_comarg,11,5,2,46,0
18,10,hardcore_comarg,12,5,2,46,0
18,10,hardcore_comarg,13,5,2,46,0
18,10,hardcore_comarg,14,5,2,46,0
18,10,hardcore_comarg,15,5,2,46,0
18,10,hardcore_comarg,16,4,3,46,0
18,10,hardcore_comarg,17,4,3,46,0
18,10,hardcore_comarg,18,4,3,46,0
18,10,hardcore_comarg,19,4,3,46,0
18,10,hardcore_comarg,20,4,3,46,0
18,10,sdp_X_uw,0,7,0,46,0
18,10,sdp_X_uw,1,7,0,46,0
18,10,sdp_X_uw,2,6,1,46,0
18,10,sdp_X_uw,3,6,1,46,0
18,10,sdp_X_uw,4,6,1,46,0
18,10,sdp_X_uw,5,5,2,46,0
18,10,sdp_X_uw,6,5,2,46,0
18,10,sdp_X_uw,7,5,2,46,0
18,10,sdp_X_uw,8,5,2,46,0
18,10,sdp_X_uw,9,5,2,46,0
18,10,sdp_X_uw,10,5,2,46,0
18,10,sdp_X_uw,11,5,2,46,0
18,10,sdp_X_uw,12,5,2,46,0
18,10,sdp_X_uw,13,5,2,46,0
18,10,sdp_X_uw,14,5,2,46,0
18,10,sdp_X_uw,15,5,2,46,0
18,10,sdp_X_uw,16,4,3,46,0
18,10,sdp_X_uw,17,4,3,46,0
18,10,sdp_X_uw,18,4,3,46,0
18,10,sdp_X_uw,19,4,3,46,0
18,10,sdp_X_uw,20,4,3,46,0
18,10,lp_xu_plus_xw,0,7,0,46,0
18,10,lp_xu_plus_xw,1,7,0,46,0
18,10,lp_xu_plus_xw,2,7,0,46,0
18,10,lp_xu_plus_xw,3,7,0,46,0
18,10,lp_xu_plus_xw,4,7,0,46,0
18,10,lp_xu_plus_xw,5,6,1,46,0
18,10,lp_xu_plus_xw,6,6,1,46,0
18,10,lp_xu_plus_xw,7,6,1,46,0
18,10,lp_xu_plus_xw,8,6,1,46,0
18,10,lp_xu_plus_xw,9,6,1,46,0
18,10,lp_xu_plus_xw,10,6,1,46,0
18,10,lp_xu_plus_xw,11,6,1,46,0
18,10,lp_xu_plus_xw,12,6,1,46,0
18,10,lp_xu_plus_xw,13,6,1,46,0
18,10,lp_xu_plus_xw,14,6,1,46,0
18,10,lp_xu_plus_xw,15,6,1,46,0
18,10,lp_xu_plus_xw,16,6,1,46,0
18,10,lp_xu_plus_xw,17,6,1,46,0
18,10,lp_xu_plus_xw,18,6,1,46,0
18,10,lp_xu_plus_xw,19,6,1,46,0
18,10,lp_xu_plus_xw,20,6,1,46,0
18,10,hoffman_grad,0,7,0,46,1
18,10,drop_e_max,0,7,0,46,0
18,10,drop_e_max,1,7,0,46,0
18,10,drop_e_max,2,6,1,46,0
18,10,drop_e_max,3,6,1,46,0
18,10,drop_e_max,4,6,1,46,0
18,10,drop_e_max,5,6,1,46,0
18,10,drop_e_max,6,5,2,46,0
18,10,drop_e_max,7,5,2,46,0
18,10,drop_e_max,8,5,2,46,0
18,10,drop_e_max,9,5,2,46,0
18,10,drop_e_max,10,5,2,46,0
18,10,drop_e_max,11,5,2,46,0
18,10,drop_e_max,12,5,2,46,0
18,10,drop_e_max,13,5,2,46,0
18,10,drop_e_max,14,5,2,46,0
18,10,drop_e_max,15,5,2,46,0
18,10,drop_e_max,16,5,2,46,0
18,10,drop_e_max,17,4,3,46,0
18,10,drop_e_max,18,4,3,46,0
18,10,drop_e_max,19,4,3,46,0
18,10,drop_e_max,20,4,3,46,0
18,10,drop_l_hc,0,7,0,46,0
18,10,drop_l_hc,1,7,0,46,0
18,10,drop_l_hc,2,7,0,46,0
18,10,drop_l_hc,3,6,1,46,0
18,10,drop_l_hc,4,6,1,46,0
18,10,drop_l_hc,5,6,1,46,0
18,10,drop_l_hc,6,6,1,46,0
18,10,drop_l_hc,7,6,1,46,0
18,10,drop_l_hc,8,6,1,46,0
18,10,drop_l_hc,9,6,1,46,0
18,10,drop_l_hc,10,6,1,46,0
18,10,drop_l_hc,11,6,1,46,0
18,10,drop_l_hc,12,6,1,46,0
18,10,drop_l_hc,13,6,1,46,0
18,10,drop_l_hc,14,6,1,46,0
18,10,drop_l_hc,15,5,2,46,0
18,10,drop_l_hc,16,5,2,46,0
18,10,drop_l_hc,17,5,2,46,0
18,10,drop_l_hc,18,5,2,46,0
18,10,drop_l_hc,19,5,2,46,0
18,10,drop_l_hc,20,5,2,46,0
18,11,random,0,7,0,46,0
18,11,random,1,7,0,46,0
18,11,random,2,7,0,46,0
18,11,random,3,7,0,46,0
18,11,random,4,6,1,46,0
18,11,random,5,6,1,46,0
18,11,random,6,6,1,46,0
18,11,random,7,6,1,46,0
18,11,random,8,6,1,46,0
18,11,random,9,6,1,46,0
18,11,random,10,6,1,46,0
18,11,random,11,6,1,46,0
18,11,random,12,6,1,46,0
18,11,random,13,6,1,46,0
18,11,random,14,6,1,46,0
18,11,random,15,6,1,46,0
18,11,random,16,6,1,46,0
18,11,random,17,6,1,46,0
18,11,random,18,5,2,46,0
18,11,random,19,5,2,46,0
18,11,random,20,5,2,46,0
18,11,drop_alpha,0,7,0,46,0
18,11,drop_alpha,1,7,0,46,0
18,11,drop_alpha,2,7,0,46,0
18,11,drop_alpha,3,6,1,46,0
18,11,drop_alpha,4,6,1,46,0
18,11,drop_alpha,5,6,1,46,0
18,11,drop_alpha,6,6,1,46,0
18,11,drop_alpha,7,6,1,46,0
18,11,drop_alpha,8,6,1,46,0
18,11,drop_alpha,9,6,1,46,0
18,11,drop_alpha,10,6,1,46,0
18,11,drop_alpha,11,6,1,46,0
18,11,drop_alpha,12,6,1,46,0
18,11,drop_alpha,13,6,1,46,0
18,11,drop_alpha,14,6,1,46,0
18,11,drop_alpha,15,6,1,46,0
18,11,drop_alpha,16,6,1,46,0
18,11,drop_alpha,17,6,1,46,0
18,11,drop_alpha,18,5,2,46,0
18,11,drop_alpha,19,5,2,46,0
18,11,drop_alpha,20,5,2,46,0
18,11,hardcore_comarg,0,7,0,46,0
18,11,hardcore_comarg,1,7,0,46,0
18,11,hardcore_comarg,2,6,1,46,0
18,11,hardcore_comarg,3,6,1,46,0
18,11,hardcore_comarg,4,6,1,46,0
18,11,hardcore_comarg,5,5,2,46,0
18,11,hardcore_comarg,6,5,2,46,0
18,11,hardcore_comarg,7,5,2,46,0
18,11,hardcore_comarg,8,5,2,46,0
18,11,hardcore_comarg,9,5,2,46,0
18,11,hardcore_comarg,10,5,2,46,0
18,11,hardcore_comarg,11,5,2,46,0
18,11,hardcore_comarg,12,5,2,46,0
18,11,hardcore_comarg,13,5,2,46,0
18,11,hardcore_comarg,14,5,2,46,0
18,11,hardcore_comarg,15,4,3,46,0
18,11,hardcore_comarg,16,4,3,46,0
18,11,hardcore_comarg,17,4,3,46,0
18,11,hardcore_comarg,18,4,3,46,0
18,11,hardcore_comarg,19,4,3,46,0
18,11,hardcore_comarg,20,4,3,46,0
18,11,sdp_X_uw,0,7,0,46,0
18,11,sdp_X_uw,1,7,0,46,0
18,11,sdp_X_uw,2,6,1,46,0
18,11,sdp_X_uw,3,6,1,46,0
18,11,sdp_X_uw,4,6,1,46,0
18,11,sdp_X_uw,5,6,1,46,0
18,11,sdp_X_uw,6,5,2,46,0
18,11,sdp_X_uw,7,5,2,46,0
18,11,sdp_X_uw,8,5,2,46,0
18,11,sdp_X_uw,9,5,2,46,0
18,11,sdp_X_uw,10,5,2,46,0
18,11,sdp_X_uw,11,5,2,46,0
18,11,sdp_X_uw,12,5,2,46,0
18,11,sdp_X_uw,13,5,2,46,0
18,11,sdp_X_uw,14,5,2,46,0
18,11,sdp_X_uw,15,5,2,46,0
18,11,sdp_X_uw,16,5,2,46,0
18,11,sdp_X_uw,17,4,3,46,0
18,11,sdp_X_uw,18,4,3,46,0
18,11,sdp_X_uw,19,4,3,46,0
18,11,sdp_X_uw,20,4,3,46,0
18,11,lp_xu_plus_xw,0,7,0,46,0
18,11,lp_xu_plus_xw,1,7,0,46,0
18,11,lp_xu_plus_xw,2,7,0,46,0
18,11,lp_xu_plus_xw,3,7,0,46,0
18,11,lp_xu_plus_xw,4,7,0,46,0
18,11,lp_xu_plus_xw,5,7,0,46,0
18,11,lp_xu_plus_xw,6,7,0,46,0
18,11,lp_xu_plus_xw,7,7,0,46,0
18,11,lp_xu_plus_xw,8,7,0,46,0
18,11,lp_xu_plus_xw,9,7,0,46,0
18,11,lp_xu_plus_xw,10,7,0,46,0
18,11,lp_xu_plus_xw,11,6,1,46,0
18,11,lp_xu_plus_xw,12,5,2,46,0
18,11,lp_xu_plus_xw,13,5,2,46,0
18,11,lp_xu_plus_xw,14,5,2,46,0
18,11,lp_xu_plus_xw,15,5,2,46,0
18,11,lp_xu_plus_xw,16,5,2,46,0
18,11,lp_xu_plus_xw,17,5,2,46,0
18,11,lp_xu_plus_xw,18,5,2,46,0
18,11,lp_xu_plus_xw,19,5,2,46,0
18,11,lp_xu_plus_xw,20,5,2,46,0
18,11,hoffman_grad,0,7,0,46,1
18,11,drop_e_max,0,7,0,46,0
18,11,drop_e_max,1,7,0,46,0
18,11,drop_e_max,2,6,1,46,0
18,11,drop_e_max,3,6,1,46,0
18,11,drop_e_max,4,6,1,46,0
18,11,drop_e_max,5,6,1,46,0
18,11,drop_e_max,6,5,2,46,0
18,11,drop_e_max,7,5,2,46,0
18,11,drop_e_max,8,5,2,46,0
18,11,drop_e_max,9,5,2,46,0
18,11,drop_e_max,10,5,2,46,0
18,11,drop_e_max,11,5,2,46,0
18,11,drop_e_max,12,5,2,46,0
18,11,drop_e_max,13,5,2,46,0
18,11,drop_e_max,14,5,2,46,0
18,11,drop_e_max,15,5,2,46,0
18,11,drop_e_max,16,4,3,46,0
18,11,drop_e_max,17,4,3,46,0
18,11,drop_e_max,18,4,3,46,0
18,11,drop_e_max,19,4,3,46,0
18,11,drop_e_max,20,4,3,46,0
18,11,drop_l_hc,0,7,0,46,0
18,11,drop_l_hc,1,7,0,46,0
18,11,drop_l_hc,2,7,0,46,0
18,11,drop_l_hc,3,7,0,46,0
18,11,drop_l_hc,4,7,0,46,0
18,11,drop_l_hc,5,7,0,46,0
18,11,drop_l_hc,6,7,0,46,0
18,11,drop_l_hc,7,6,1,46,0
18,11,drop_l_hc,8,6,1,46,0
18,11,drop_l_hc,9,6,1,46,0
18,11,drop_l_hc,10,6,1,46,0
18,11,drop_l_hc,11,6,1,46,0
18,11,drop_l_hc,12,6,1,46,0
18,11,drop_l_hc,13,6,1,46,0
18,11,drop_l_hc,14,6,1,46,0
18,11,drop_l_hc,15,6,1,46,0
18,11,drop_l_hc,16,6,1,46,0
18,11,drop_l_hc,17,6,1,46,0
18,11,drop_l_hc,18,6,1,46,0
18,11,drop_l_hc,19,6,1,46,0
18,11,drop_l_hc,20,6,1,46,0
18,12,random,0,7,0,46,0
18,12,random,1,7,0,46,0
18,12,random,2,7,0,46,0
18,12,random,3,7,0,46,0
18,12,random,4,7,0,46,0
18,12,random,5,7,0,46,0
18,12,random,6,7,0,46,0
18,12,random,7,6,1,46,0
18,12,random,8,6,1,46,0
18,12,random,9,6,1,46,0
18,12,random,10,6,1,46,0
18,12,random,11,6,1,46,0
18,12,random,12,6,1,46,0
18,12,random,13,6,1,46,0
18,12,random,14,6,1,46,0
18,12,random,15,6,1,46,0
18,12,random,16,6,1,46,0
18,12,random,17,6,1,46,0
18,12,random,18,6,1,46,0
18,12,random,19,6,1,46,0
18,12,random,20,6,1,46,0
18,12,drop_alpha,0,7,0,46,0
18,12,drop_alpha,1,7,0,46,0
18,12,drop_alpha,2,7,0,46,0
18,12,drop_alpha,3,7,0,46,0
18,12,drop_alpha,4,7,0,46,0
18,12,drop_alpha,5,7,0,46,0
18,12,drop_alpha,6,7,0,46,0
18,12,drop_alpha,7,6,1,46,0
18,12,drop_alpha,8,6,1,46,0
18,12,drop_alpha,9,6,1,46,0
18,12,drop_alpha,10,6,1,46,0
18,12,drop_alpha,11,6,1,46,0
18,12,drop_alpha,12,6,1,46,0
18,12,drop_alpha,13,6,1,46,0
18,12,drop_alpha,14,6,1,46,0
18,12,drop_alpha,15,6,1,46,0
18,12,drop_alpha,16,6,1,46,0
18,12,drop_alpha,17,6,1,46,0
18,12,drop_alpha,18,6,1,46,0
18,12,drop_alpha,19,6,1,46,0
18,12,drop_alpha,20,6,1,46,0
18,12,hardcore_comarg,0,7,0,46,0
18,12,hardcore_comarg,1,7,0,46,0
18,12,hardcore_comarg,2,6,1,46,0
18,12,hardcore_comarg,3,6,1,46,0
18,12,hardcore_comarg,4,6,1,46,0
18,12,hardcore_comarg,5,6,1,46,0
18,12,hardcore_comarg,6,5,2,46,0
18,12,hardcore_comarg,7,5,2,46,0
18,12,hardcore_comarg,8,5,2,46,0
18,12,hardcore_comarg,9,5,2,46,0
18,12,hardcore_comarg,10,5,2,46,0
18,12,hardcore_comarg,11,5,2,46,0
18,12,hardcore_comarg,12,5,2,46,0
18,12,hardcore_comarg,13,5,2,46,0
18,12,hardcore_comarg,14,5,2,46,0
18,12,hardcore_comarg,15,5,2,46,0
18,12,hardcore_comarg,16,5,2,46,0
18,12,hardcore_comarg,17,5,2,46,0
18,12,hardcore_comarg,18,5,2,46,0
18,12,hardcore_comarg,19,5,2,46,0
18,12,hardcore_comarg,20,5,2,46,0
18,12,sdp_X_uw,0,7,0,46,0
18,12,sdp_X_uw,1,7,0,46,0
18,12,sdp_X_uw,2,6,1,46,0
18,12,sdp_X_uw,3,6,1,46,0
18,12,sdp_X_uw,4,6,1,46,0
18,12,sdp_X_uw,5,6,1,46,0
18,12,sdp_X_uw,6,6,1,46,0
18,12,sdp_X_uw,7,6,1,46,0
18,12,sdp_X_uw,8,6,1,46,0
18,12,sdp_X_uw,9,6,1,46,0
18,12,sdp_X_uw,10,6,1,46,0
18,12,sdp_X_uw,11,6,1,46,0
18,12,sdp_X_uw,12,6,1,46,0
18,12,sdp_X_uw,13,6,1,46,0
18,12,sdp_X_uw,14,6,1,46,0
18,12,sdp_X_uw,15,6,1,46,0
18,12,sdp_X_uw,16,6,1,46,0
18,12,sdp_X_uw,17,6,1,46,0
18,12,sdp_X_uw,18,6,1,46,0
18,12,sdp_X_uw,19,6,1,46,0
18,12,sdp_X_uw,20,6,1,46,0
18,12,lp_xu_plus_xw,0,7,0,46,0
18,12,lp_xu_plus_xw,1,7,0,46,0
18,12,lp_xu_plus_xw,2,7,0,46,0
18,12,lp_xu_plus_xw,3,7,0,46,0
18,12,lp_xu_plus_xw,4,7,0,46,0
18,12,lp_xu_plus_xw,5,6,1,46,0
18,12,lp_xu_plus_xw,6,6,1,46,0
18,12,lp_xu_plus_xw,7,6,1,46,0
18,12,lp_xu_plus_xw,8,6,1,46,0
18,12,lp_xu_plus_xw,9,6,1,46,0
18,12,lp_xu_plus_xw,10,6,1,46,0
18,12,lp_xu_plus_xw,11,6,1,46,0
18,12,lp_xu_plus_xw,12,6,1,46,0
18,12,lp_xu_plus_xw,13,6,1,46,0
18,12,lp_xu_plus_xw,14,6,1,46,0
18,12,lp_xu_plus_xw,15,6,1,46,0
18,12,lp_xu_plus_xw,16,6,1,46,0
18,12,lp_xu_plus_xw,17,6,1,46,0
18,12,lp_xu_plus_xw,18,6,1,46,0
18,12,lp_xu_plus_xw,19,6,1,46,0
18,12,lp_xu_plus_xw,20,6,1,46,0
18,12,hoffman_grad,0,7,0,46,1
18,12,drop_e_max,0,7,0,46,0
18,12,drop_e_max,1,7,0,46,0
18,12,drop_e_max,2,6,1,46,0
18,12,drop_e_max,3,6,1,46,0
18,12,drop_e_max,4,6,1,46,0
18,12,drop_e_max,5,5,2,46,0
18,12,drop_e_max,6,5,2,46,0
18,12,drop_e_max,7,5,2,46,0
18,12,drop_e_max,8,5,2,46,0
18,12,drop_e_max,9,5,2,46,0
18,12,drop_e_max,10,5,2,46,0
18,12,drop_e_max,11,5,2,46,0
18,12,drop_e_max,12,5,2,46,0
18,12,drop_e_max,13,5,2,46,0
18,12,drop_e_max,14,5,2,46,0
18,12,drop_e_max,15,5,2,46,0
18,12,drop_e_max,16,5,2,46,0
18,12,drop_e_max,17,5,2,46,0
18,12,drop_e_max,18,5,2,46,0
18,12,drop_e_max,19,5,2,46,0
18,12,drop_e_max,20,5,2,46,0
18,12,drop_l_hc,0,7,0,46,0
18,12,drop_l_hc,1,7,0,46,0
18,12,drop_l_hc,2,7,0,46,0
18,12,drop_l_hc,3,7,0,46,0
18,12,drop_l_hc,4,7,0,46,0
18,12,drop_l_hc,5,6,1,46,0
18,12,drop_l_hc,6,6,1,46,0
18,12,drop_l_hc,7,6,1,46,0
18,12,drop_l_hc,8,6,1,46,0
18,12,drop_l_hc,9,6,1,46,0
18,12,drop_l_hc,10,6,1,46,0
18,12,drop_l_hc,11,6,1,46,0
18,12,drop_l_hc,12,6,1,46,0
18,12,drop_l_hc,13,6,1,46,0
18,12,drop_l_hc,14,6,1,46,0
18,12,drop_l_hc,15,6,1,46,0
18,12,drop_l_hc,16,6,1,46,0
18,12,drop_l_hc,17,6,1,46,0
18,12,drop_l_hc,18,6,1,46,0
18,12,drop_l_hc,19,6,1,46,0
18,12,drop_l_hc,20,6,1,46,0
18,13,random,0,7,0,46,0
18,13,random,1,7,0,46,0
18,13,random,2,7,0,46,0
18,13,random,3,7,0,46,0
18,13,random,4,7,0,46,0
18,13,random,5,7,0,46,0
18,13,random,6,7,0,46,0
18,13,random,7,7,0,46,0
18,13,random,8,7,0,46,0
18,13,random,9,7,0,46,0
18,13,random,10,7,0,46,0
18,13,random,11,7,0,46,0
18,13,random,12,7,0,46,0
18,13,random,13,7,0,46,0
18,13,random,14,7,0,46,0
18,13,random,15,6,1,46,0
18,13,random,16,6,1,46,0
18,13,random,17,6,1,46,0
18,13,random,18,6,1,46,0
18,13,random,19,6,1,46,0
18,13,random,20,6,1,46,0
18,13,drop_alpha,0,7,0,46,0
18,13,drop_alpha,1,7,0,46,0
18,13,drop_alpha,2,6,1,46,0
18,13,drop_alpha,3,6,1,46,0
18,13,drop_alpha,4,6,1,46,0
18,13,drop_alpha,5,6,1,46,0
18,13,drop_alpha,6,6,1,46,0
18,13,drop_alpha,7,6,1,46,0
18,13,drop_alpha,8,6,1,46,0
18,13,drop_alpha,9,6,1,46,0
18,13,drop_alpha,10,5,2,46,0
18,13,drop_alpha,11,5,2,46,0
18,13,drop_alpha,12,5,2,46,0
18,13,drop_alpha,13,5,2,46,0
18,13,drop_alpha,14,5,2,46,0
18,13,drop_alpha,15,5,2,46,0
18,13,drop_alpha,16,5,2,46,0
18,13,drop_alpha,17,5,2,46,0
18,13,drop_alpha,18,5,2,46,0
18,13,drop_alpha,19,5,2,46,0
18,13,drop_alpha,20,5,2,46,0
18,13,hardcore_comarg,0,7,0,46,0
18,13,hardcore_comarg,1,7,0,46,0
18,13,hardcore_comarg,2,6,1,46,0
18,13,hardcore_comarg,3,6,1,46,0
18,13,hardcore_comarg,4,6,1,46,0
18,13,hardcore_comarg,5,5,2,46,0
18,13,hardcore_comarg,6,5,2,46,0
18,13,hardcore_comarg,7,5,2,46,0
18,13,hardcore_comarg,8,5,2,46,0
18,13,hardcore_comarg,9,5,2,46,0
18,13,hardcore_comarg,10,5,2,46,0
18,13,hardcore_comarg,11,5,2,46,0
18,13,hardcore_comarg,12,5,2,46,0
18,13,hardcore_comarg,13,5,2,46,0
18,13,hardcore_comarg,14,5,2,46,0
18,13,hardcore_comarg,15,5,2,46,0
18,13,hardcore_comarg,16,4,3,46,0
18,13,hardcore_comarg,17,4,3,46,0
18,13,hardcore_comarg,18,4,3,46,0
18,13,hardcore_comarg,19,4,3,46,0
18,13,hardcore_comarg,20,4,3,46,0
18,13,sdp_X_uw,0,7,0,46,0
18,13,sdp_X_uw,1,7,0,46,0
18,13,sdp_X_uw,2,6,1,46,0
18,13,sdp_X_uw,3,6,1,46,0
18,13,sdp_X_uw,4,6,1,46,0
18,13,sdp_X_uw,5,6,1,46,0
18,13,sdp_X_uw,6,6,1,46,0
18,13,sdp_X_uw,7,5,2,46,0
18,13,sdp_X_uw,8,5,2,46,0
18,13,sdp_X_uw,9,5,2,46,0
18,13,sdp_X_uw,10,5,2,46,0
18,13,sdp_X_uw,11,5,2,46,0
18,13,sdp_X_uw,12,5,2,46,0
18,13,sdp_X_uw,13,5,2,46,0
18,13,sdp_X_uw,14,5,2,46,0
18,13,sdp_X_uw,15,5,2,46,0
18,13,sdp_X_uw,16,5,2,46,0
18,13,sdp_X_uw,17,4,3,46,0
18,13,sdp_X_uw,18,4,3,46,0
18,13,sdp_X_uw,19,4,3,46,0
18,13,sdp_X_uw,20,4,3,46,0
18,13,lp_xu_plus_xw,0,7,0,46,0
18,13,lp_xu_plus_xw,1,7,0,46,0
18,13,lp_xu_plus_xw,2,7,0,46,0
18,13,lp_xu_plus_xw,3,6,1,46,0
18,13,lp_xu_plus_xw,4,6,1,46,0
18,13,lp_xu_plus_xw,5,6,1,46,0
18,13,lp_xu_plus_xw,6,6,1,46,0
18,13,lp_xu_plus_xw,7,6,1,46,0
18,13,lp_xu_plus_xw,8,6,1,46,0
18,13,lp_xu_plus_xw,9,6,1,46,0
18,13,lp_xu_plus_xw,10,6,1,46,0
18,13,lp_xu_plus_xw,11,6,1,46,0
18,13,lp_xu_plus_xw,12,6,1,46,0
18,13,lp_xu_plus_xw,13,6,1,46,0
18,13,lp_xu_plus_xw,14,5,2,46,0
18,13,lp_xu_plus_xw,15,5,2,46,0
18,13,lp_xu_plus_xw,16,5,2,46,0
18,13,lp_xu_plus_xw,17,5,2,46,0
18,13,lp_xu_plus_xw,18,5,2,46,0
18,13,lp_xu_plus_xw,19,5,2,46,0
18,13,lp_xu_plus_xw,20,5,2,46,0
18,13,hoffman_grad,0,7,0,46,1
18,13,drop_e_max,0,7,0,46,0
18,13,drop_e_max,1,7,0,46,0
18,13,drop_e_max,2,6,1,46,0
18,13,drop_e_max,3,6,1,46,0
18,13,drop_e_max,4,6,1,46,0
18,13,drop_e_max,5,5,2,46,0
18,13,drop_e_max,6,5,2,46,0
18,13,drop_e_max,7,5,2,46,0
18,13,drop_e_max,8,5,2,46,0
18,13,drop_e_max,9,5,2,46,0
18,13,drop_e_max,10,5,2,46,0
18,13,drop_e_max,11,5,2,46,0
18,13,drop_e_max,12,5,2,46,0
18,13,drop_e_max,13,5,2,46,0
18,13,drop_e_max,14,5,2,46,0
18,13,drop_e_max,15,4,3,46,0
18,13,drop_e_max,16,4,3,46,0
18,13,drop_e_max,17,4,3,46,0
18,13,drop_e_max,18,4,3,46,0
18,13,drop_e_max,19,4,3,46,0
18,13,drop_e_max,20,4,3,46,0
18,13,drop_l_hc,0,7,0,46,0
18,13,drop_l_hc,1,7,0,46,0
18,13,drop_l_hc,2,7,0,46,0
18,13,drop_l_hc,3,7,0,46,0
18,13,drop_l_hc,4,7,0,46,0
18,13,drop_l_hc,5,7,0,46,0
18,13,drop_l_hc,6,7,0,46,0
18,13,drop_l_hc,7,7,0,46,0
18,13,drop_l_hc,8,7,0,46,0
18,13,drop_l_hc,9,7,0,46,0
18,13,drop_l_hc,10,7,0,46,0
18,13,drop_l_hc,11,7,0,46,0
18,13,drop_l_hc,12,7,0,46,0
18,13,drop_l_hc,13,7,0,46,0
18,13,drop_l_hc,14,7,0,46,0
18,13,drop_l_hc,15,7,0,46,0
18,13,drop_l_hc,16,6,1,46,0
18,13,drop_l_hc,17,6,1,46,0
18,13,drop_l_hc,18,6,1,46,0
18,13,drop_l_hc,19,6,1,46,0
18,13,drop_l_hc,20,6,1,46,0
18,14,random,0,7,0,46,0
18,14,random,1,7,0,46,0
18,14,random,2,7,0,46,0
18,14,random,3,7,0,46,0
18,14,random,4,7,0,46,0
18,14,random,5,7,0,46,0
18,14,random,6,7,0,46,0
18,14,random,7,7,0,46,0
18,14,random,8,7,0,46,0
18,14,random,9,7,0,46,0
18,14,random,10,7,0,46,0
18,14,random,11,7,0,46,0
18,14,random,12,7,0,46,0
18,14,random,13,7,0,46,0
18,14,random,14,7,0,46,0
18,14,random,15,7,0,46,0
18,14,random,16,7,0,46,0
18,14,random,17,7,0,46,0
18,14,random,18,7,0,46,0
18,14,random,19,7,0,46,0
18,14,random,20,7,0,46,0
18,14,drop_alpha,0,7,0,46,0
18,14,drop_alpha,1,7,0,46,0
18,14,drop_alpha,2,7,0,46,0
18,14,drop_alpha,3,7,0,46,0
18,14,drop_alpha,4,6,1,46,0
18,14,drop_alpha,5,6,1,46,0
18,14,drop_alpha,6,6,1,46,0
18,14,drop_alpha,7,6,1,46,0
18,14,drop_alpha,8,6,1,46,0
18,14,drop_alpha,9,6,1,46,0
18,14,drop_alpha,10,6,1,46,0
18,14,drop_alpha,11,6,1,46,0
18,14,drop_alpha,12,6,1,46,0
18,14,drop_alpha,13,6,1,46,0
18,14,drop_alpha,14,6,1,46,0
18,14,drop_alpha,15,6,1,46,0
18,14,drop_alpha,16,6,1,46,0
18,14,drop_alpha,17,6,1,46,0
18,14,drop_alpha,18,6,1,46,0
18,14,drop_alpha,19,6,1,46,0
18,14,drop_alpha,20,6,1,46,0
18,14,hardcore_comarg,0,7,0,46,0
18,14,hardcore_comarg,1,7,0,46,0
18,14,hardcore_comarg,2,6,1,46,0
18,14,hardcore_comarg,3,6,1,46,0
18,14,hardcore_comarg,4,6,1,46,0
18,14,hardcore_comarg,5,5,2,46,0
18,14,hardcore_comarg,6,5,2,46,0
18,14,hardcore_comarg,7,5,2,46,0
18,14,hardcore_comarg,8,5,2,46,0
18,14,hardcore_comarg,9,5,2,46,0
18,14,hardcore_comarg,10,5,2,46,0
18,14,hardcore_comarg,11,5,2,46,0
18,14,hardcore_comarg,12,5,2,46,0
18,14,hardcore_comarg,13,5,2,46,0
18,14,hardcore_comarg,14,5,2,46,0
18,14,hardcore_comarg,15,4,3,46,0
18,14,hardcore_comarg,16,4,3,46,0
18,14,hardcore_comarg,17,4,3,46,0
18,14,hardcore_comarg,18,4,3,46,0
18,14,hardcore_comarg,19,4,3,46,0
18,14,hardcore_comarg,20,4,3,46,0
18,14,sdp_X_uw,0,7,0,46,0
18,14,sdp_X_uw,1,7,0,46,0
18,14,sdp_X_uw,2,6,1,46,0
18,14,sdp_X_uw,3,6,1,46,0
18,14,sdp_X_uw,4,6,1,46,0
18,14,sdp_X_uw,5,5,2,46,0
18,14,sdp_X_uw,6,5,2,46,0
18,14,sdp_X_uw,7,5,2,46,0
18,14,sdp_X_uw,8,5,2,46,0
18,14,sdp_X_uw,9,5,2,46,0
18,14,sdp_X_uw,10,5,2,46,0
18,14,sdp_X_uw,11,5,2,46,0
18,14,sdp_X_uw,12,5,2,46,0
18,14,sdp_X_uw,13,5,2,46,0
18,14,sdp_X_uw,14,5,2,46,0
18,14,sdp_X_uw,15,5,2,46,0
18,14,sdp_X_uw,16,5,2,46,0
18,14,sdp_X_uw,17,4,3,46,0
18,14,sdp_X_uw,18,4,3,46,0
18,14,sdp_X_uw,19,4,3,46,0
18,14,sdp_X_uw,20,4,3,46,0
18,14,lp_xu_plus_xw,0,7,0,46,0
18,14,lp_xu_plus_xw,1,7,0,46,0
18,14,lp_xu_plus_xw,2,7,0,46,0
18,14,lp_xu_plus_xw,3,7,0,46,0
18,14,lp_xu_plus_xw,4,7,0,46,0
18,14,lp_xu_plus_xw,5,7,0,46,0
18,14,lp_xu_plus_xw,6,6,1,46,0
18,14,lp_xu_plus_xw,7,6,1,46,0
18,14,lp_xu_plus_xw,8,6,1,46,0
18,14,lp_xu_plus_xw,9,6,1,46,0
18,14,lp_xu_plus_xw,10,6,1,46,0
18,14,lp_xu_plus_xw,11,6,1,46,0
18,14,lp_xu_plus_xw,12,5,2,46,0
18,14,lp_xu_plus_xw,13,5,2,46,0
18,14,lp_xu_plus_xw,14,5,2,46,0
18,14,lp_xu_plus_xw,15,5,2,46,0
18,14,lp_xu_plus_xw,16,5,2,46,0
18,14,lp_xu_plus_xw,17,5,2,46,0
18,14,lp_xu_plus_xw,18,5,2,46,0
18,14,lp_xu_plus_xw,19,5,2,46,0
18,14,lp_xu_plus_xw,20,5,2,46,0
18,14,hoffman_grad,0,7,0,46,1
18,14,drop_e_max,0,7,0,46,0
18,14,drop_e_max,1,7,0,46,0
18,14,drop_e_max,2,6,1,46,0
18,14,drop_e_max,3,6,1,46,0
18,14,drop_e_max,4,6,1,46,0
18,14,drop_e_max,5,6,1,46,0
18,14,drop_e_max,6,5,2,46,0
18,14,drop_e_max,7,5,2,46,0
18,14,drop_e_max,8,5,2,46,0
18,14,drop_e_max,9,5,2,46,0
18,14,drop_e_max,10,5,2,46,0
18,14,drop_e_max,11,5,2,46,0
18,14,drop_e_max,12,5,2,46,0
18,14,drop_e_max,13,5,2,46,0
18,14,drop_e_max,14,4,3,46,0
18,14,drop_e_max,15,4,3,46,0
18,14,drop_e_max,16,4,3,46,0
18,14,drop_e_max,17,4,3,46,0
18,14,drop_e_max,18,4,3,46,0
18,14,drop_e_max,19,4,3,46,0
18,14,drop_e_max,20,4,3,46,0
18,14,drop_l_hc,0,7,0,46,0
18,14,drop_l_hc,1,7,0,46,0
18,14,drop_l_hc,2,7,0,46,0
18,14,drop_l_hc,3,6,1,46,0
18,14,drop_l_hc,4,6,1,46,0
18,14,drop_l_hc,5,6,1,46,0
18,14,drop_l_hc,6,6,1,46,0
18,14,drop_l_hc,7,6,1,46,0
18,14,drop_l_hc,8,6,1,46,0
18,14,drop_l_hc,9,6,1,46,0
18,14,drop_l_hc,10,6,1,46,0
18,14,drop_l_hc,11,6,1,46,0
18,14,drop_l_hc,12,6,1,46,0
18,14,drop_l_hc,13,6,1,46,0
18,14,drop_l_hc,14,6,1,46,0
18,14,drop_l_hc,15,6,1,46,0
18,14,drop_l_hc,16,6,1,46,0
18,14,drop_l_hc,17,6,1,46,0
18,14,drop_l_hc,18,6,1,46,0
18,14,drop_l_hc,19,6,1,46,0
18,14,drop_l_hc,20,6,1,46,0
18,15,random,0,7,0,46,0
18,15,random,1,7,0,46,0
18,15,random,2,7,0,46,0
18,15,random,3,7,0,46,0
18,15,random,4,7,0,46,0
18,15,random,5,7,0,46,0
18,15,random,6,7,0,46,0
18,15,random,7,7,0,46,0
18,15,random,8,7,0,46,0
18,15,random,9,7,0,46,0
18,15,random,10,7,0,46,0
18,15,random,11,7,0,46,0
18,15,random,12,7,0,46,0
18,15,random,13,7,0,46,0
18,15,random,14,7,0,46,0
18,15,random,15,7,0,46,0
18,15,random,16,7,0,46,0
18,15,random,17,7,0,46,0
18,15,random,18,7,0,46,0
18,15,random,19,7,0,46,0
18,15,random,20,7,0,46,0
18,15,drop_alpha,0,7,0,46,0
18,15,drop_alpha,1,7,0,46,0
18,15,drop_alpha,2,7,0,46,0
18,15,drop_alpha,3,6,1,46,0
18,15,drop_alpha,4,6,1,46,0
18,15,drop_alpha,5,6,1,46,0
18,15,drop_alpha,6,6,1,46,0
18,15,drop_alpha,7,6,1,46,0
18,15,drop_alpha,8,6,1,46,0
18,15,drop_alpha,9,6,1,46,0
18,15,drop_alpha,10,6,1,46,0
18,15,drop_alpha,11,6,1,46,0
18,15,drop_alpha,12,6,1,46,0
18,15,drop_alpha,13,5,2,46,0
18,15,drop_alpha,14,5,2,46,0
18,15,drop_alpha,15,5,2,46,0
18,15,drop_alpha,16,5,2,46,0
18,15,drop_alpha,17,5,2,46,0
18,15,drop_alpha,18,5,2,46,0
18,15,drop_alpha,19,5,2,46,0
18,15,drop_alpha,20,5,2,46,0
18,15,hardcore_comarg,0,7,0,46,0
18,15,hardcore_comarg,1,7,0,46,0
18,15,hardcore_comarg,2,6,1,46,0
18,15,hardcore_comarg,3,6,1,46,0
18,15,hardcore_comarg,4,6,1,46,0
18,15,hardcore_comarg,5,5,2,46,0
18,15,hardcore_comarg,6,5,2,46,0
18,15,hardcore_comarg,7,5,2,46,0
18,15,hardcore_comarg,8,5,2,46,0
18,15,hardcore_comarg,9,5,2,46,0
18,15,hardcore_comarg,10,5,2,46,0
18,15,hardcore_comarg,11,5,2,46,0
18,15,hardcore_comarg,12,5,2,46,0
18,15,hardcore_comarg,13,5,2,46,0
18,15,hardcore_comarg,14,5,2,46,0
18,15,hardcore_comarg,15,5,2,46,0
18,15,hardcore_comarg,16,4,3,46,0
18,15,hardcore_comarg,17,4,3,46,0
18,15,hardcore_comarg,18,4,3,46,0
18,15,hardcore_comarg,19,4,3,46,0
18,15,hardcore_comarg,20,4,3,46,0
18,15,sdp_X_uw,0,7,0,46,0
18,15,sdp_X_uw,1,7,0,46,0
18,15,sdp_X_uw,2,6,1,46,0
18,15,sdp_X_uw,3,6,1,46,0
18,15,sdp_X_uw,4,6,1,46,0
18,15,sdp_X_uw,5,6,1,46,0
18,15,sdp_X_uw,6,5,2,46,0
18,15,sdp_X_uw,7,5,2,46,0
18,15,sdp_X_uw,8,5,2,46,0
18,15,sdp_X_uw,9,5,2,46,0
18,15,sdp_X_uw,10,5,2,46,0
18,15,sdp_X_uw,11,5,2,46,0
18,15,sdp_X_uw,12,5,2,46,0
18,15,sdp_X_uw,13,5,2,46,0
18,15,sdp_X_uw,14,5,2,46,0
18,15,sdp_X_uw,15,5,2,46,0
18,15,sdp_X_uw,16,5,2,46,0
18,15,sdp_X_uw,17,4,3,46,0
18,15,sdp_X_uw,18,4,3,46,0
18,15,sdp_X_uw,19,4,3,46,0
18,15,sdp_X_uw,20,4,3,46,0
18,15,lp_xu_plus_xw,0,7,0,46,0
18,15,lp_xu_plus_xw,1,7,0,46,0
18,15,lp_xu_plus_xw,2,7,0,46,0
18,15,lp_xu_plus_xw,3,7,0,46,0
18,15,lp_xu_plus_xw,4,6,1,46,0
18,15,lp_xu_plus_xw,5,6,1,46,0
18,15,lp_xu_plus_xw,6,6,1,46,0
18,15,lp_xu_plus_xw,7,6,1,46,0
18,15,lp_xu_plus_xw,8,6,1,46,0
18,15,lp_xu_plus_xw,9,6,1,46,0
18,15,lp_xu_plus_xw,10,6,1,46,0
18,15,lp_xu_plus_xw,11,6,1,46,0
18,15,lp_xu_plus_xw,12,6,1,46,0
18,15,lp_xu_plus_xw,13,6,1,46,0
18,15,lp_xu_plus_xw,14,6,1,46,0
18,15,lp_xu_plus_xw,15,6,1,46,0
18,15,lp_xu_plus_xw,16,6,1,46,0
18,15,lp_xu_plus_xw,17,6,1,46,0
18,15,lp_xu_plus_xw,18,5,2,46,0
18,15,lp_xu_plus_xw,19,5,2,46,0
18,15,lp_xu_plus_xw,20,5,2,46,0
18,15,hoffman_grad,0,7,0,46,1
18,15,drop_e_max,0,7,0,46,0
18,15,drop_e_max,1,7,0,46,0
18,15,drop_e_max,2,6,1,46,0
18,15,drop_e_max,3,6,1,46,0
18,15,drop_e_max,4,6,1,46,0
18,15,drop_e_max,5,5,2,46,0
18,15,drop_e_max,6,5,2,46,0
18,15,drop_e_max,7,5,2,46,0
18,15,drop_e_max,8,5,2,46,0
18,15,drop_e_max,9,5,2,46,0
18,15,drop_e_max,10,5,2,46,0
18,15,drop_e_max,11,5,2,46,0
18,15,drop_e_max,12,5,2,46,0
18,15,drop_e_max,13,5,2,46,0
18,15,drop_e_max,14,4,3,46,0
18,15,drop_e_max,15,4,3,46,0
18,15,drop_e_max,16,4,3,46,0
18,15,drop_e_max,17,4,3,46,0
18,15,drop_e_max,18,4,3,46,0
18,15,drop_e_max,19,4,3,46,0
18,15,drop_e_max,20,4,3,46,0
18,15,drop_l_hc,0,7,0,46,0
18,15,drop_l_hc,1,7,0,46,0
18,15,drop_l_hc,2,7,0,46,0
18,15,drop_l_hc,3,6,1,46,0
18,15,drop_l_hc,4,6,1,46,0
18,15,drop_l_hc,5,6,1,46,0
18,15,drop_l_hc,6,6,1,46,0
18,15,drop_l_hc,7,6,1,46,0
18,15,drop_l_hc,8,6,1,46,0
18,15,drop_l_hc,9,6,1,46,0
18,15,drop_l_hc,10,6,1,46,0
18,15,drop_l_hc,11,6,1,46,0
18,15,drop_l_hc,12,6,1,46,0
18,15,drop_l_hc,13,6,1,46,0
18,15,drop_l_hc,14,6,1,46,0
18,15,drop_l_hc,15,6,1,46,0
18,15,drop_l_hc,16,6,1,46,0
18,15,drop_l_hc,17,6,1,46,0
18,15,drop_l_hc,18,6,1,46,0
18,15,drop_l_hc,19,6,1,46,0
18,15,drop_l_hc,20,5,2,46,0
18,16,random,0,7,0,46,0
18,16,random,1,7,0,46,0
18,16,random,2,7,0,46,0
18,16,random,3,7,0,46,0
18,16,random,4,7,0,46,0
18,16,random,5,7,0,46,0
18,16,random,6,7,0,46,0
18,16,random,7,7,0,46,0
18,16,random,8,6,1,46,0
18,16,random,9,6,1,46,0
18,16,random,10,6,1,46,0
18,16,random,11,6,1,46,0
18,16,random,12,6,1,46,0
18,16,random,13,6,1,46,0
18,16,random,14,6,1,46,0
18,16,random,15,6,1,46,0
18,16,random,16,6,1,46,0
18,16,random,17,6,1,46,0
18,16,random,18,6,1,46,0
18,16,random,19,6,1,46,0
18,16,random,20,6,1,46,0
18,16,drop_alpha,0,7,0,46,0
18,16,drop_alpha,1,7,0,46,0
18,16,drop_alpha,2,7,0,46,0
18,16,drop_alpha,3,7,0,46,0
18,16,drop_alpha,4,6,1,46,0
18,16,drop_alpha,5,6,1,46,0
18,16,drop_alpha,6,6,1,46,0
18,16,drop_alpha,7,6,1,46,0
18,16,drop_alpha,8,6,1,46,0
18,16,drop_alpha,9,6,1,46,0
18,16,drop_alpha,10,6,1,46,0
18,16,drop_alpha,11,6,1,46,0
18,16,drop_alpha,12,6,1,46,0
18,16,drop_alpha,13,6,1,46,0
18,16,drop_alpha,14,6,1,46,0
18,16,drop_alpha,15,6,1,46,0
18,16,drop_alpha,16,6,1,46,0
18,16,drop_alpha,17,6,1,46,0
18,16,drop_alpha,18,6,1,46,0
18,16,drop_alpha,19,6,1,46,0
18,16,drop_alpha,20,6,1,46,0
18,16,hardcore_comarg,0,7,0,46,0
18,16,hardcore_comarg,1,7,0,46,0
18,16,hardcore_comarg,2,6,1,46,0
18,16,hardcore_comarg,3,6,1,46,0
18,16,hardcore_comarg,4,6,1,46,0
18,16,hardcore_comarg,5,5,2,46,0
18,16,hardcore_comarg,6,5,2,46,0
18,16,hardcore_comarg,7,5,2,46,0
18,16,hardcore_comarg,8,5,2,46,0
18,16,hardcore_comarg,9,5,2,46,0
18,16,hardcore_comarg,10,5,2,46,0
18,16,hardcore_comarg,11,5,2,46,0
18,16,hardcore_comarg,12,5,2,46,0
18,16,hardcore_comarg,13,5,2,46,0
18,16,hardcore_comarg,14,4,3,46,0
18,16,hardcore_comarg,15,4,3,46,0
18,16,hardcore_comarg,16,4,3,46,0
18,16,hardcore_comarg,17,4,3,46,0
18,16,hardcore_comarg,18,4,3,46,0
18,16,hardcore_comarg,19,4,3,46,0
18,16,hardcore_comarg,20,4,3,46,0
18,16,sdp_X_uw,0,7,0,46,0
18,16,sdp_X_uw,1,7,0,46,0
18,16,sdp_X_uw,2,6,1,46,0
18,16,sdp_X_uw,3,6,1,46,0
18,16,sdp_X_uw,4,5,2,46,0
18,16,sdp_X_uw,5,5,2,46,0
18,16,sdp_X_uw,6,5,2,46,0
18,16,sdp_X_uw,7,5,2,46,0
18,16,sdp_X_uw,8,5,2,46,0
18,16,sdp_X_uw,9,5,2,46,0
18,16,sdp_X_uw,10,5,2,46,0
18,16,sdp_X_uw,11,5,2,46,0
18,16,sdp_X_uw,12,5,2,46,0
18,16,sdp_X_uw,13,5,2,46,0
18,16,sdp_X_uw,14,5,2,46,0
18,16,sdp_X_uw,15,4,3,46,0
18,16,sdp_X_uw,16,4,3,46,0
18,16,sdp_X_uw,17,4,3,46,0
18,16,sdp_X_uw,18,4,3,46,0
18,16,sdp_X_uw,19,4,3,46,0
18,16,sdp_X_uw,20,4,3,46,0
18,16,lp_xu_plus_xw,0,7,0,46,0
18,16,lp_xu_plus_xw,1,7,0,46,0
18,16,lp_xu_plus_xw,2,7,0,46,0
18,16,lp_xu_plus_xw,3,7,0,46,0
18,16,lp_xu_plus_xw,4,7,0,46,0
18,16,lp_xu_plus_xw,5,7,0,46,0
18,16,lp_xu_plus_xw,6,6,1,46,0
18,16,lp_xu_plus_xw,7,6,1,46,0
18,16,lp_xu_plus_xw,8,5,2,46,0
18,16,lp_xu_plus_xw,9,5,2,46,0
18,16,lp_xu_plus_xw,10,5,2,46,0
18,16,lp_xu_plus_xw,11,5,2,46,0
18,16,lp_xu_plus_xw,12,5,2,46,0
18,16,lp_xu_plus_xw,13,5,2,46,0
18,16,lp_xu_plus_xw,14,5,2,46,0
18,16,lp_xu_plus_xw,15,5,2,46,0
18,16,lp_xu_plus_xw,16,5,2,46,0
18,16,lp_xu_plus_xw,17,5,2,46,0
18,16,lp_xu_plus_xw,18,5,2,46,0
18,16,lp_xu_plus_xw,19,5,2,46,0
18,16,lp_xu_plus_xw,20,5,2,46,0
18,16,hoffman_grad,0,7,0,46,1
18,16,drop_e_max,0,7,0,46,0
18,16,drop_e_max,1,7,0,46,0
18,16,drop_e_max,2,6,1,46,0
18,16,drop_e_max,3,6,1,46,0
18,16,drop_e_max,4,5,2,46,0
18,16,drop_e_max,5,5,2,46,0
18,16,drop_e_max,6,5,2,46,0
18,16,drop_e_max,7,5,2,46,0
18,16,drop_e_max,8,5,2,46,0
18,16,drop_e_max,9,5,2,46,0
18,16,drop_e_max,10,5,2,46,0
18,16,drop_e_max,11,5,2,46,0
18,16,drop_e_max,12,5,2,46,0
18,16,drop_e_max,13,5,2,46,0
18,16,drop_e_max,14,5,2,46,0
18,16,drop_e_max,15,5,2,46,0
18,16,drop_e_max,16,4,3,46,0
18,16,drop_e_max,17,4,3,46,0
18,16,drop_e_max,18,4,3,46,0
18,16,drop_e_max,19,4,3,46,0
18,16,drop_e_max,20,4,3,46,0
18,16,drop_l_hc,0,7,0,46,0
18,16,drop_l_hc,1,7,0,46,0
18,16,drop_l_hc,2,6,1,46,0
18,16,drop_l_hc,3,6,1,46,0
18,16,drop_l_hc,4,6,1,46,0
18,16,drop_l_hc,5,6,1,46,0
18,16,drop_l_hc,6,6,1,46,0
18,16,drop_l_hc,7,6,1,46,0
18,16,drop_l_hc,8,6,1,46,0
18,16,drop_l_hc,9,6,1,46,0
18,16,drop_l_hc,10,6,1,46,0
18,16,drop_l_hc,11,6,1,46,0
18,16,drop_l_hc,12,6,1,46,0
18,16,drop_l_hc,13,5,2,46,0
18,16,drop_l_hc,14,5,2,46,0
18,16,drop_l_hc,15,5,2,46,0
18,16,drop_l_hc,16,5,2,46,0
18,16,drop_l_hc,17,5,2,46,0
18,16,drop_l_hc,18,5,2,46,0
18,16,drop_l_hc,19,5,2,46,0
18,16,drop_l_hc,20,5,2,46,0
18,17,random,0,8,0,46,0
18,17,random,1,8,0,46,0
18,17,random,2,8,0,46,0
18,17,random,3,8,0,46,0
18,17,random,4,8,0,46,0
18,17,random,5,7,1,46,0
18,17,random,6,7,1,46,0
18,17,random,7,7,1,46,0
18,17,random,8,7,1,46,0
18,17,random,9,7,1,46,0
18,17,random,10,7,1,46,0
18,17,random,11,7,1,46,0
18,17,random,12,7,1,46,0
18,17,random,13,7,1,46,0
18,17,random,14,7,1,46,0
18,17,random,15,7,1,46,0
18,17,random,16,7,1,46,0
18,17,random,17,7,1,46,0
18,17,random,18,7,1,46,0
18,17,random,19,7,1,46,0
18,17,random,20,6,2,46,0
18,17,drop_alpha,0,8,0,46,0
18,17,drop_alpha,1,8,0,46,0
18,17,drop_alpha,2,8,0,46,0
18,17,drop_alpha,3,8,0,46,0
18,17,drop_alpha,4,7,1,46,0
18,17,drop_alpha,5,7,1,46,0
18,17,drop_alpha,6,7,1,46,0
18,17,drop_alpha,7,7,1,46,0
18,17,drop_alpha,8,7,1,46,0
18,17,drop_alpha,9,7,1,46,0
18,17,drop_alpha,10,7,1,46,0
18,17,drop_alpha,11,7,1,46,0
18,17,drop_alpha,12,7,1,46,0
18,17,drop_alpha,13,6,2,46,0
18,17,drop_alpha,14,6,2,46,0
18,17,drop_alpha,15,6,2,46,0
18,17,drop_alpha,16,5,3,46,0
18,17,drop_alpha,17,5,3,46,0
18,17,drop_alpha,18,5,3,46,0
18,17,drop_alpha,19,5,3,46,0
18,17,drop_alpha,20,5,3,46,0
18,17,hardcore_comarg,0,8,0,46,0
18,17,hardcore_comarg,1,8,0,46,0
18,17,hardcore_comarg,2,7,1,46,0
18,17,hardcore_comarg,3,7,1,46,0
18,17,hardcore_comarg,4,6,2,46,0
18,17,hardcore_comarg,5,6,2,46,0
18,17,hardcore_comarg,6,6,2,46,0
18,17,hardcore_comarg,7,5,3,46,0
18,17,hardcore_comarg,8,5,3,46,0
18,17,hardcore_comarg,9,5,3,46,0
18,17,hardcore_comarg,10,5,3,46,0
18,17,hardcore_comarg,11,5,3,46,0
18,17,hardcore_comarg,12,5,3,46,0
18,17,hardcore_comarg,13,5,3,46,0
18,17,hardcore_comarg,14,5,3,46,0
18,17,hardcore_comarg,15,5,3,46,0
18,17,hardcore_comarg,16,5,3,46,0
18,17,hardcore_comarg,17,5,3,46,0
18,17,hardcore_comarg,18,5,3,46,0
18,17,hardcore_comarg,19,5,3,46,0
18,17,hardcore_comarg,20,5,3,46,0
18,17,sdp_X_uw,0,8,0,46,0
18,17,sdp_X_uw,1,8,0,46,0
18,17,sdp_X_uw,2,7,1,46,0
18,17,sdp_X_uw,3,7,1,46,0
18,17,sdp_X_uw,4,7,1,46,0
18,17,sdp_X_uw,5,6,2,46,0
18,17,sdp_X_uw,6,6,2,46,0
18,17,sdp_X_uw,7,6,2,46,0
18,17,sdp_X_uw,8,6,2,46,0
18,17,sdp_X_uw,9,6,2,46,0
18,17,sdp_X_uw,10,6,2,46,0
18,17,sdp_X_uw,11,5,3,46,0
18,17,sdp_X_uw,12,5,3,46,0
18,17,sdp_X_uw,13,5,3,46,0
18,17,sdp_X_uw,14,5,3,46,0
18,17,sdp_X_uw,15,5,3,46,0
18,17,sdp_X_uw,16,5,3,46,0
18,17,sdp_X_uw,17,5,3,46,0
18,17,sdp_X_uw,18,5,3,46,0
18,17,sdp_X_uw,19,5,3,46,0
18,17,sdp_X_uw,20,5,3,46,0
18,17,lp_xu_plus_xw,0,8,0,46,0
18,17,lp_xu_plus_xw,1,8,0,46,0
18,17,lp_xu_plus_xw,2,8,0,46,0
18,17,lp_xu_plus_xw,3,8,0,46,0
18,17,lp_xu_plus_xw,4,8,0,46,0
18,17,lp_xu_plus_xw,5,8,0,46,0
18,17,lp_xu_plus_xw,6,8,0,46,0
18,17,lp_xu_plus_xw,7,8,0,46,0
18,17,lp_xu_plus_xw,8,8,0,46,0
18,17,lp_xu_plus_xw,9,8,0,46,0
18,17,lp_xu_plus_xw,10,8,0,46,0
18,17,lp_xu_plus_xw,11,8,0,46,0
18,17,lp_xu_plus_xw,12,8,0,46,0
18,17,lp_xu_plus_xw,13,8,0,46,0
18,17,lp_xu_plus_xw,14,8,0,46,0
18,17,lp_xu_plus_xw,15,8,0,46,0
18,17,lp_xu_plus_xw,16,8,0,46,0
18,17,lp_xu_plus_xw,17,8,0,46,0
18,17,lp_xu_plus_xw,18,8,0,46,0
18,17,lp_xu_plus_xw,19,8,0,46,0
18,17,lp_xu_plus_xw,20,8,0,46,0
18,17,hoffman_grad,0,8,0,46,1
18,17,drop_e_max,0,8,0,46,0
18,17,drop_e_max,1,8,0,46,0
18,17,drop_e_max,2,7,1,46,0
18,17,drop_e_max,3,7,1,46,0
18,17,drop_e_max,4,6,2,46,0
18,17,drop_e_max,5,6,2,46,0
18,17,drop_e_max,6,6,2,46,0
18,17,drop_e_max,7,6,2,46,0
18,17,drop_e_max,8,5,3,46,0
18,17,drop_e_max,9,5,3,46,0
18,17,drop_e_max,10,5,3,46,0
18,17,drop_e_max,11,5,3,46,0
18,17,drop_e_max,12,5,3,46,0
18,17,drop_e_max,13,5,3,46,0
18,17,drop_e_max,14,5,3,46,0
18,17,drop_e_max,15,5,3,46,0
18,17,drop_e_max,16,5,3,46,0
18,17,drop_e_max,17,5,3,46,0
18,17,drop_e_max,18,5,3,46,0
18,17,drop_e_max,19,5,3,46,0
18,17,drop_e_max,20,5,3,46,0
18,17,drop_l_hc,0,8,0,46,0
18,17,drop_l_hc,1,8,0,46,0
18,17,drop_l_hc,2,8,0,46,0
18,17,drop_l_hc,3,7,1,46,0
18,17,drop_l_hc,4,7,1,46,0
18,17,drop_l_hc,5,7,1,46,0
18,17,drop_l_hc,6,7,1,46,0
18,17,drop_l_hc,7,7,1,46,0
18,17,drop_l_hc,8,7,1,46,0
18,17,drop_l_hc,9,7,1,46,0
18,17,drop_l_hc,10,7,1,46,0
18,17,drop_l_hc,11,7,1,46,0
18,17,drop_l_hc,12,7,1,46,0
18,17,drop_l_hc,13,7,1,46,0
18,17,drop_l_hc,14,7,1,46,0
18,17,drop_l_hc,15,7,1,46,0
18,17,drop_l_hc,16,7,1,46,0
18,17,drop_l_hc,17,7,1,46,0
18,17,drop_l_hc,18,7,1,46,0
18,17,drop_l_hc,19,7,1,46,0
18,17,drop_l_hc,20,7,1,46,0
18,18,random,0,7,0,46,0
18,18,random,1,7,0,46,0
18,18,random,2,7,0,46,0
18,18,random,3,7,0,46,0
18,18,random,4,7,0,46,0
18,18,random,5,7,0,46,0
18,18,random,6,7,0,46,0
18,18,random,7,7,0,46,0
18,18,random,8,6,1,46,0
18,18,random,9,6,1,46,0
18,18,random,10,6,1,46,0
18,18,random,11,6,1,46,0
18,18,random,12,6,1,46,0
18,18,random,13,6,1,46,0
18,18,random,14,6,1,46,0
18,18,random,15,6,1,46,0
18,18,random,16,6,1,46,0
18,18,random,17,6,1,46,0
18,18,random,18,6,1,46,0
18,18,random,19,6,1,46,0
18,18,random,20,6,1,46,0
18,18,drop_alpha,0,7,0,46,0
18,18,drop_alpha,1,7,0,46,0
18,18,drop_alpha,2,6,1,46,0
18,18,drop_alpha,3,6,1,46,0
18,18,drop_alpha,4,6,1,46,0
18,18,drop_alpha,5,6,1,46,0
18,18,drop_alpha,6,6,1,46,0
18,18,drop_alpha,7,6,1,46,0
18,18,drop_alpha,8,6,1,46,0
18,18,drop_alpha,9,6,1,46,0
18,18,drop_alpha,10,5,2,46,0
18,18,drop_alpha,11,5,2,46,0
18,18,drop_alpha,12,5,2,46,0
18,18,drop_alpha,13,5,2,46,0
18,18,drop_alpha,14,5,2,46,0
18,18,drop_alpha,15,5,2,46,0
18,18,drop_alpha,16,5,2,46,0
18,18,drop_alpha,17,5,2,46,0
18,18,drop_alpha,18,5,2,46,0
18,18,drop_alpha,19,5,2,46,0
18,18,drop_alpha,20,5,2,46,0
18,18,hardcore_comarg,0,7,0,46,0
18,18,hardcore_comarg,1,7,0,46,0
18,18,hardcore_comarg,2,7,0,46,0
18,18,hardcore_comarg,3,6,1,46,0
18,18,hardcore_comarg,4,6,1,46,0
18,18,hardcore_comarg,5,5,2,46,0
18,18,hardcore_comarg,6,5,2,46,0
18,18,hardcore_comarg,7,5,2,46,0
18,18,hardcore_comarg,8,5,2,46,0
18,18,hardcore_comarg,9,5,2,46,0
18,18,hardcore_comarg,10,5,2,46,0
18,18,hardcore_comarg,11,5,2,46,0
18,18,hardcore_comarg,12,5,2,46,0
18,18,hardcore_comarg,13,5,2,46,0
18,18,hardcore_comarg,14,5,2,46,0
18,18,hardcore_comarg,15,5,2,46,0
18,18,hardcore_comarg,16,4,3,46,0
18,18,hardcore_comarg,17,4,3,46,0
18,18,hardcore_comarg,18,4,3,46,0
18,18,hardcore_comarg,19,4,3,46,0
18,18,hardcore_comarg,20,4,3,46,0
18,18,sdp_X_uw,0,7,0,46,0
18,18,sdp_X_uw,1,7,0,46,0
18,18,sdp_X_uw,2,6,1,46,0
18,18,sdp_X_uw,3,6,1,46,0
18,18,sdp_X_uw,4,6,1,46,0
18,18,sdp_X_uw,5,6,1,46,0
18,18,sdp_X_uw,6,5,2,46,0
18,18,sdp_X_uw,7,5,2,46,0
18,18,sdp_X_uw,8,5,2,46,0
18,18,sdp_X_uw,9,5,2,46,0
18,18,sdp_X_uw,10,5,2,46,0
18,18,sdp_X_uw,11,5,2,46,0
18,18,sdp_X_uw,12,5,2,46,0
18,18,sdp_X_uw,13,5,2,46,0
18,18,sdp_X_uw,14,5,2,46,0
18,18,sdp_X_uw,15,5,2,46,0
18,18,sdp_X_uw,16,5,2,46,0
18,18,sdp_X_uw,17,4,3,46,0
18,18,sdp_X_uw,18,4,3,46,0
18,18,sdp_X_uw,19,4,3,46,0
18,18,sdp_X_uw,20,4,3,46,0
18,18,lp_xu_plus_xw,0,7,0,46,0
18,18,lp_xu_plus_xw,1,7,0,46,0
18,18,lp_xu_plus_xw,2,7,0,46,0
18,18,lp_xu_plus_xw,3,7,0,46,0
18,18,lp_xu_plus_xw,4,7,0,46,0
18,18,lp_xu_plus_xw,5,7,0,46,0
18,18,lp_xu_plus_xw,6,7,0,46,0
18,18,lp_xu_plus_xw,7,7,0,46,0
18,18,lp_xu_plus_xw,8,7,0,46,0
18,18,lp_xu_plus_xw,9,7,0,46,0
18,18,lp_xu_plus_xw,10,7,0,46,0
18,18,lp_xu_plus_xw,11,7,0,46,0
18,18,lp_xu_plus_xw,12,7,0,46,0
18,18,lp_xu_plus_xw,13,7,0,46,0
18,18,lp_xu_plus_xw,14,7,0,46,0
18,18,lp_xu_plus_xw,15,7,0,46,0
18,18,lp_xu_plus_xw,16,7,0,46,0
18,18,lp_xu_plus_xw,17,7,0,46,0
18,18,lp_xu_plus_xw,18,7,0,46,0
18,18,lp_xu_plus_xw,19,7,0,46,0
18,18,lp_xu_plus_xw,20,7,0,46,0
18,18,hoffman_grad,0,7,0,46,1
18,18,drop_e_max,0,7,0,46,0
18,18,drop_e_max,1,7,0,46,0
18,18,drop_e_max,2,6,1,46,0
18,18,drop_e_max,3,6,1,46,0
18,18,drop_e_max,4,6,1,46,0
18,18,drop_e_max,5,6,1,46,0
18,18,drop_e_max,6,5,2,46,0
18,18,drop_e_max,7,5,2,46,0
18,18,drop_e_max,8,5,2,46,0
18,18,drop_e_max,9,5,2,46,0
18,18,drop_e_max,10,5,2,46,0
18,18,drop_e_max,11,5,2,46,0
18,18,drop_e_max,12,5,2,46,0
18,18,drop_e_max,13,5,2,46,0
18,18,drop_e_max,14,5,2,46,0
18,18,drop_e_max,15,4,3,46,0
18,18,drop_e_max,16,4,3,46,0
18,18,drop_e_max,17,4,3,46,0
18,18,drop_e_max,18,4,3,46,0
18,18,drop_e_max,19,4,3,46,0
18,18,drop_e_max,20,4,3,46,0
18,18,drop_l_hc,0,7,0,46,0
18,18,drop_l_hc,1,7,0,46,0
18,18,drop_l_hc,2,7,0,46,0
18,18,drop_l_hc,3,7,0,46,0
18,18,drop_l_hc,4,7,0,46,0
18,18,drop_l_hc,5,7,0,46,0
18,18,drop_l_hc,6,7,0,46,0
18,18,drop_l_hc,7,7,0,46,0
18,18,drop_l_hc,8,7,0,46,0
18,18,drop_l_hc,9,7,0,46,0
18,18,drop_l_hc,10,7,0,46,0
18,18,drop_l_hc,11,7,0,46,0
18,18,drop_l_hc,12,7,0,46,0
18,18,drop_l_hc,13,7,0,46,0
18,18,drop_l_hc,14,7,0,46,0
18,18,drop_l_hc,15,7,0,46,0
18,18,drop_l_hc,16,7,0,46,0
18,18,drop_l_hc,17,7,0,46,0
18,18,drop_l_hc,18,7,0,46,0
18,18,drop_l_hc,19,7,0,46,0
18,18,drop_l_hc,20,7,0,46,0
18,19,random,0,7,0,46,0
18,19,random,1,7,0,46,0
18,19,random,2,7,0,46,0
18,19,random,3,7,0,46,0
18,19,random,4,7,0,46,0
18,19,random,5,7,0,46,0
18,19,random,6,7,0,46,0
18,19,random,7,7,0,46,0
18,19,random,8,7,0,46,0
18,19,random,9,7,0,46,0
18,19,random,10,6,1,46,0
18,19,random,11,6,1,46,0
18,19,random,12,6,1,46,0
18,19,random,13,6,1,46,0
18,19,random,14,6,1,46,0
18,19,random,15,6,1,46,0
18,19,random,16,6,1,46,0
18,19,random,17,6,1,46,0
18,19,random,18,6,1,46,0
18,19,random,19,6,1,46,0
18,19,random,20,6,1,46,0
18,19,drop_alpha,0,7,0,46,0
18,19,drop_alpha,1,7,0,46,0
18,19,drop_alpha,2,7,0,46,0
18,19,drop_alpha,3,7,0,46,0
18,19,drop_alpha,4,7,0,46,0
18,19,drop_alpha,5,7,0,46,0
18,19,drop_alpha,6,7,0,46,0
18,19,drop_alpha,7,7,0,46,0
18,19,drop_alpha,8,7,0,46,0
18,19,drop_alpha,9,7,0,46,0
18,19,drop_alpha,10,7,0,46,0
18,19,drop_alpha,11,6,1,46,0
18,19,drop_alpha,12,6,1,46,0
18,19,drop_alpha,13,6,1,46,0
18,19,drop_alpha,14,6,1,46,0
18,19,drop_alpha,15,6,1,46,0
18,19,drop_alpha,16,6,1,46,0
18,19,drop_alpha,17,6,1,46,0
18,19,drop_alpha,18,6,1,46,0
18,19,drop_alpha,19,6,1,46,0
18,19,drop_alpha,20,6,1,46,0
18,19,hardcore_comarg,0,7,0,46,0
18,19,hardcore_comarg,1,7,0,46,0
18,19,hardcore_comarg,2,6,1,46,0
18,19,hardcore_comarg,3,6,1,46,0
18,19,hardcore_comarg,4,6,1,46,0
18,19,hardcore_comarg,5,5,2,46,0
18,19,hardcore_comarg,6,5,2,46,0
18,19,hardcore_comarg,7,5,2,46,0
18,19,hardcore_comarg,8,5,2,46,0
18,19,hardcore_comarg,9,5,2,46,0
18,19,hardcore_comarg,10,5,2,46,0
18,19,hardcore_comarg,11,5,2,46,0
18,19,hardcore_comarg,12,5,2,46,0
18,19,hardcore_comarg,13,5,2,46,0
18,19,hardcore_comarg,14,5,2,46,0
18,19,hardcore_comarg,15,5,2,46,0
18,19,hardcore_comarg,16,5,2,46,0
18,19,hardcore_comarg,17,4,3,46,0
18,19,hardcore_comarg,18,4,3,46,0
18,19,hardcore_comarg,19,4,3,46,0
18,19,hardcore_comarg,20,4,3,46,0
18,19,sdp_X_uw,0,7,0,46,0
18,19,sdp_X_uw,1,7,0,46,0
18,19,sdp_X_uw,2,6,1,46,0
18,19,sdp_X_uw,3,6,1,46,0
18,19,sdp_X_uw,4,6,1,46,0
18,19,sdp_X_uw,5,6,1,46,0
18,19,sdp_X_uw,6,5,2,46,0
18,19,sdp_X_uw,7,5,2,46,0
18,19,sdp_X_uw,8,5,2,46,0
18,19,sdp_X_uw,9,5,2,46,0
18,19,sdp_X_uw,10,5,2,46,0
18,19,sdp_X_uw,11,5,2,46,0
18,19,sdp_X_uw,12,5,2,46,0
18,19,sdp_X_uw,13,5,2,46,0
18,19,sdp_X_uw,14,5,2,46,0
18,19,sdp_X_uw,15,4,3,46,0
18,19,sdp_X_uw,16,4,3,46,0
18,19,sdp_X_uw,17,4,3,46,0
18,19,sdp_X_uw,18,4,3,46,0
18,19,sdp_X_uw,19,4,3,46,0
18,19,sdp_X_uw,20,4,3,46,0
18,19,lp_xu_plus_xw,0,7,0,46,0
18,19,lp_xu_plus_xw,1,7,0,46,0
18,19,lp_xu_plus_xw,2,7,0,46,0
18,19,lp_xu_plus_xw,3,6,1,46,0
18,19,lp_xu_plus_xw,4,6,1,46,0
18,19,lp_xu_plus_xw,5,6,1,46,0
18,19,lp_xu_plus_xw,6,6,1,46,0
18,19,lp_xu_plus_xw,7,6,1,46,0
18,19,lp_xu_plus_xw,8,6,1,46,0
18,19,lp_xu_plus_xw,9,6,1,46,0
18,19,lp_xu_plus_xw,10,6,1,46,0
18,19,lp_xu_plus_xw,11,6,1,46,0
18,19,lp_xu_plus_xw,12,6,1,46,0
18,19,lp_xu_plus_xw,13,6,1,46,0
18,19,lp_xu_plus_xw,14,5,2,46,0
18,19,lp_xu_plus_xw,15,5,2,46,0
18,19,lp_xu_plus_xw,16,5,2,46,0
18,19,lp_xu_plus_xw,17,5,2,46,0
18,19,lp_xu_plus_xw,18,5,2,46,0
18,19,lp_xu_plus_xw,19,5,2,46,0
18,19,lp_xu_plus_xw,20,5,2,46,0
18,19,hoffman_grad,0,7,0,46,1
18,19,drop_e_max,0,7,0,46,0
18,19,drop_e_max,1,7,0,46,0
18,19,drop_e_max,2,6,1,46,0
18,19,drop_e_max,3,6,1,46,0
18,19,drop_e_max,4,6,1,46,0
18,19,drop_e_max,5,6,1,46,0
18,19,drop_e_max,6,5,2,46,0
18,19,drop_e_max,7,5,2,46,0
18,19,drop_e_max,8,5,2,46,0
18,19,drop_e_max,9,5,2,46,0
18,19,drop_e_max,10,5,2,46,0
18,19,drop_e_max,11,5,2,46,0
18,19,drop_e_max,12,5,2,46,0
18,19,drop_e_max,13,5,2,46,0
18,19,drop_e_max,14,5,2,46,0
18,19,drop_e_max,15,5,2,46,0
18,19,drop_e_max,16,5,2,46,0
18,19,drop_e_max,17,5,2,46,0
18,19,drop_e_max,18,5,2,46,0
18,19,drop_e_max,19,5,2,46,0
18,19,drop_e_max,20,5,2,46,0
18,19,drop_l_hc,0,7,0,46,0
18,19,drop_l_hc,1,7,0,46,0
18,19,drop_l_hc,2,7,0,46,0
18,19,drop_l_hc,3,7,0,46,0
18,19,drop_l_hc,4,7,0,46,0
18,19,drop_l_hc,5,7,0,46,0
18,19,drop_l_hc,6,7,0,46,0
18,19,drop_l_hc,7,7,0,46,0
18,19,drop_l_hc,8,7,0,46,0
18,19,drop_l_hc,9,7,0,46,0
18,19,drop_l_hc,10,7,0,46,0
18,19,drop_l_hc,11,7,0,46,0
18,19,drop_l_hc,12,7,0,46,0
18,19,drop_l_hc,13,7,0,46,0
18,19,drop_l_hc,14,7,0,46,0
18,19,drop_l_hc,15,7,0,46,0
18,19,drop_l_hc,16,7,0,46,0
18,19,drop_l_hc,17,7,0,46,0
18,19,drop_l_hc,18,7,0,46,0
18,19,drop_l_hc,19,7,0,46,0
18,19,drop_l_hc,20,7,0,46,0
20,0,random,0,8,0,57,0
20,0,random,1,8,0,57,0
20,0,random,2,8,0,57,0
20,0,random,3,8,0,57,0
20,0,random,4,8,0,57,0
20,0,random,5,7,1,57,0
20,0,random,6,7,1,57,0
20,0,random,7,7,1,57,0
20,0,random,8,7,1,57,0
20,0,random,9,7,1,57,0
20,0,random,10,7,1,57,0
20,0,random,11,7,1,57,0
20,0,random,12,7,1,57,0
20,0,random,13,7,1,57,0
20,0,random,14,7,1,57,0
20,0,random,15,7,1,57,0
20,0,random,16,7,1,57,0
20,0,random,17,7,1,57,0
20,0,random,18,7,1,57,0
20,0,random,19,7,1,57,0
20,0,random,20,6,2,57,0
20,0,drop_alpha,0,8,0,57,0
20,0,drop_alpha,1,8,0,57,0
20,0,drop_alpha,2,8,0,57,0
20,0,drop_alpha,3,8,0,57,0
20,0,drop_alpha,4,8,0,57,0
20,0,drop_alpha,5,8,0,57,0
20,0,drop_alpha,6,8,0,57,0
20,0,drop_alpha,7,8,0,57,0
20,0,drop_alpha,8,7,1,57,0
20,0,drop_alpha,9,7,1,57,0
20,0,drop_alpha,10,7,1,57,0
20,0,drop_alpha,11,7,1,57,0
20,0,drop_alpha,12,7,1,57,0
20,0,drop_alpha,13,6,2,57,0
20,0,drop_alpha,14,6,2,57,0
20,0,drop_alpha,15,6,2,57,0
20,0,drop_alpha,16,6,2,57,0
20,0,drop_alpha,17,6,2,57,0
20,0,drop_alpha,18,6,2,57,0
20,0,drop_alpha,19,6,2,57,0
20,0,drop_alpha,20,6,2,57,0
20,0,hardcore_comarg,0,8,0,57,0
20,0,hardcore_comarg,1,8,0,57,0
20,0,hardcore_comarg,2,7,1,57,0
20,0,hardcore_comarg,3,7,1,57,0
20,0,hardcore_comarg,4,6,2,57,0
20,0,hardcore_comarg,5,6,2,57,0
20,0,hardcore_comarg,6,6,2,57,0
20,0,hardcore_comarg,7,6,2,57,0
20,0,hardcore_comarg,8,6,2,57,0
20,0,hardcore_comarg,9,5,3,57,0
20,0,hardcore_comarg,10,5,3,57,0
20,0,hardcore_comarg,11,5,3,57,0
20,0,hardcore_comarg,12,5,3,57,0
20,0,hardcore_comarg,13,5,3,57,0
20,0,hardcore_comarg,14,5,3,57,0
20,0,hardcore_comarg,15,5,3,57,0
20,0,hardcore_comarg,16,5,3,57,0
20,0,hardcore_comarg,17,5,3,57,0
20,0,hardcore_comarg,18,5,3,57,0
20,0,hardcore_comarg,19,5,3,57,0
20,0,hardcore_comarg,20,5,3,57,0
20,0,sdp_X_uw,0,8,0,57,0
20,0,sdp_X_uw,1,8,0,57,0
20,0,sdp_X_uw,2,7,1,57,0
20,0,sdp_X_uw,3,7,1,57,0
20,0,sdp_X_uw,4,6,2,57,0
20,0,sdp_X_uw,5,6,2,57,0
20,0,sdp_X_uw,6,6,2,57,0
20,0,sdp_X_uw,7,6,2,57,0
20,0,sdp_X_uw,8,6,2,57,0
20,0,sdp_X_uw,9,6,2,57,0
20,0,sdp_X_uw,10,5,3,57,0
20,0,sdp_X_uw,11,5,3,57,0
20,0,sdp_X_uw,12,5,3,57,0
20,0,sdp_X_uw,13,5,3,57,0
20,0,sdp_X_uw,14,5,3,57,0
20,0,sdp_X_uw,15,5,3,57,0
20,0,sdp_X_uw,16,5,3,57,0
20,0,sdp_X_uw,17,5,3,57,0
20,0,sdp_X_uw,18,5,3,57,0
20,0,sdp_X_uw,19,5,3,57,0
20,0,sdp_X_uw,20,5,3,57,0
20,0,lp_xu_plus_xw,0,8,0,57,0
20,0,lp_xu_plus_xw,1,8,0,57,0
20,0,lp_xu_plus_xw,2,8,0,57,0
20,0,lp_xu_plus_xw,3,8,0,57,0
20,0,lp_xu_plus_xw,4,8,0,57,0
20,0,lp_xu_plus_xw,5,7,1,57,0
20,0,lp_xu_plus_xw,6,7,1,57,0
20,0,lp_xu_plus_xw,7,7,1,57,0
20,0,lp_xu_plus_xw,8,7,1,57,0
20,0,lp_xu_plus_xw,9,7,1,57,0
20,0,lp_xu_plus_xw,10,7,1,57,0
20,0,lp_xu_plus_xw,11,7,1,57,0
20,0,lp_xu_plus_xw,12,7,1,57,0
20,0,lp_xu_plus_xw,13,7,1,57,0
20,0,lp_xu_plus_xw,14,7,1,57,0
20,0,lp_xu_plus_xw,15,7,1,57,0
20,0,lp_xu_plus_xw,16,7,1,57,0
20,0,lp_xu_plus_xw,17,7,1,57,0
20,0,lp_xu_plus_xw,18,6,2,57,0
20,0,lp_xu_plus_xw,19,6,2,57,0
20,0,lp_xu_plus_xw,20,6,2,57,0
20,0,hoffman_grad,0,8,0,57,1
20,0,drop_e_max,0,8,0,57,0
20,0,drop_e_max,1,8,0,57,0
20,0,drop_e_max,2,7,1,57,0
20,0,drop_e_max,3,7,1,57,0
20,0,drop_e_max,4,6,2,57,0
20,0,drop_e_max,5,6,2,57,0
20,0,drop_e_max,6,6,2,57,0
20,0,drop_e_max,7,6,2,57,0
20,0,drop_e_max,8,6,2,57,0
20,0,drop_e_max,9,6,2,57,0
20,0,drop_e_max,10,6,2,57,0
20,0,drop_e_max,11,5,3,57,0
20,0,drop_e_max,12,5,3,57,0
20,0,drop_e_max,13,5,3,57,0
20,0,drop_e_max,14,5,3,57,0
20,0,drop_e_max,15,5,3,57,0
20,0,drop_e_max,16,5,3,57,0
20,0,drop_e_max,17,5,3,57,0
20,0,drop_e_max,18,5,3,57,0
20,0,drop_e_max,19,5,3,57,0
20,0,drop_e_max,20,5,3,57,0
20,0,drop_l_hc,0,8,0,57,0
20,0,drop_l_hc,1,8,0,57,0
20,0,drop_l_hc,2,8,0,57,0
20,0,drop_l_hc,3,8,0,57,0
20,0,drop_l_hc,4,8,0,57,0
20,0,drop_l_hc,5,8,0,57,0
20,0,drop_l_hc,6,8,0,57,0
20,0,drop_l_hc,7,8,0,57,0
20,0,drop_l_hc,8,8,0,57,0
20,0,drop_l_hc,9,8,0,57,0
20,0,drop_l_hc,10,8,0,57,0
20,0,drop_l_hc,11,8,0,57,0
20,0,drop_l_hc,12,8,0,57,0
20,0,drop_l_hc,13,8,0,57,0
20,0,drop_l_hc,14,8,0,57,0
20,0,drop_l_hc,15,8,0,57,0
20,0,drop_l_hc,16,8,0,57,0
20,0,drop_l_hc,17,8,0,57,0
20,0,drop_l_hc,18,8,0,57,0
20,0,drop_l_hc,19,8,0,57,0
20,0,drop_l_hc,20,8,0,57,0
20,1,random,0,7,0,57,0
20,1,random,1,7,0,57,0
20,1,random,2,7,0,57,0
20,1,random,3,7,0,57,0
20,1,random,4,7,0,57,0
20,1,random,5,7,0,57,0
20,1,random,6,7,0,57,0
20,1,random,7,7,0,57,0
20,1,random,8,7,0,57,0
20,1,random,9,7,0,57,0
20,1,random,10,6,1,57,0
20,1,random,11,6,1,57,0
20,1,random,12,6,1,57,0
20,1,random,13,6,1,57,0
20,1,random,14,6,1,57,0
20,1,random,15,6,1,57,0
20,1,random,16,6,1,57,0
20,1,random,17,6,1,57,0
20,1,random,18,6,1,57,0
20,1,random,19,6,1,57,0
20,1,random,20,6,1,57,0
20,1,drop_alpha,0,7,0,57,0
20,1,drop_alpha,1,7,0,57,0
20,1,drop_alpha,2,7,0,57,0
20,1,drop_alpha,3,7,0,57,0
20,1,drop_alpha,4,7,0,57,0
20,1,drop_alpha,5,7,0,57,0
20,1,drop_alpha,6,7,0,57,0
20,1,drop_alpha,7,7,0,57,0
20,1,drop_alpha,8,7,0,57,0
20,1,drop_alpha,9,6,1,57,0
20,1,drop_alpha,10,6,1,57,0
20,1,drop_alpha,11,6,1,57,0
20,1,drop_alpha,12,6,1,57,0
20,1,drop_alpha,13,6,1,57,0
20,1,drop_alpha,14,6,1,57,0
20,1,drop_alpha,15,6,1,57,0
20,1,drop_alpha,16,6,1,57,0
20,1,drop_alpha,17,6,1,57,0
20,1,drop_alpha,18,6,1,57,0
20,1,drop_alpha,19,6,1,57,0
20,1,drop_alpha,20,6,1,57,0
20,1,hardcore_comarg,0,7,0,57,0
20,1,hardcore_comarg,1,7,0,57,0
20,1,hardcore_comarg,2,6,1,57,0
20,1,hardcore_comarg,3,6,1,57,0
20,1,hardcore_comarg,4,6,1,57,0
20,1,hardcore_comarg,5,6,1,57,0
20,1,hardcore_comarg,6,6,1,57,0
20,1,hardcore_comarg,7,6,1,57,0
20,1,hardcore_comarg,8,6,1,57,0
20,1,hardcore_comarg,9,6,1,57,0
20,1,hardcore_comarg,10,5,2,57,0
20,1,hardcore_comarg,11,5,2,57,0
20,1,hardcore_comarg,12,5,2,57,0
20,1,hardcore_comarg,13,5,2,57,0
20,1,hardcore_comarg,14,5,2,57,0
20,1,hardcore_comarg,15,5,2,57,0
20,1,hardcore_comarg,16,5,2,57,0
20,1,hardcore_comarg,17,5,2,57,0
20,1,hardcore_comarg,18,5,2,57,0
20,1,hardcore_comarg,19,5,2,57,0
20,1,hardcore_comarg,20,5,2,57,0
20,1,sdp_X_uw,0,7,0,57,0
20,1,sdp_X_uw,1,7,0,57,0
20,1,sdp_X_uw,2,7,0,57,0
20,1,sdp_X_uw,3,6,1,57,0
20,1,sdp_X_uw,4,6,1,57,0
20,1,sdp_X_uw,5,6,1,57,0
20,1,sdp_X_uw,6,6,1,57,0
20,1,sdp_X_uw,7,6,1,57,0
20,1,sdp_X_uw,8,6,1,57,0
20,1,sdp_X_uw,9,6,1,57,0
20,1,sdp_X_uw,10,6,1,57,0
20,1,sdp_X_uw,11,5,2,57,0
20,1,sdp_X_uw,12,5,2,57,0
20,1,sdp_X_uw,13,5,2,57,0
20,1,sdp_X_uw,14,5,2,57,0
20,1,sdp_X_uw,15,5,2,57,0
20,1,sdp_X_uw,16,5,2,57,0
20,1,sdp_X_uw,17,5,2,57,0
20,1,sdp_X_uw,18,5,2,57,0
20,1,sdp_X_uw,19,5,2,57,0
20,1,sdp_X_uw,20,5,2,57,0
20,1,lp_xu_plus_xw,0,7,0,57,0
20,1,lp_xu_plus_xw,1,7,0,57,0
20,1,lp_xu_plus_xw,2,7,0,57,0
20,1,lp_xu_plus_xw,3,7,0,57,0
20,1,lp_xu_plus_xw,4,7,0,57,0
20,1,lp_xu_plus_xw,5,6,1,57,0
20,1,lp_xu_plus_xw,6,6,1,57,0
20,1,lp_xu_plus_xw,7,6,1,57,0
20,1,lp_xu_plus_xw,8,6,1,57,0
20,1,lp_xu_plus_xw,9,6,1,57,0
20,1,lp_xu_plus_xw,10,6,1,57,0
20,1,lp_xu_plus_xw,11,6,1,57,0
20,1,lp_xu_plus_xw,12,6,1,57,0
20,1,lp_xu_plus_xw,13,6,1,57,0
20,1,lp_xu_plus_xw,14,6,1,57,0
20,1,lp_xu_plus_xw,15,6,1,57,0
20,1,lp_xu_plus_xw,16,6,1,57,0
20,1,lp_xu_plus_xw,17,6,1,57,0
20,1,lp_xu_plus_xw,18,6,1,57,0
20,1,lp_xu_plus_xw,19,6,1,57,0
20,1,lp_xu_plus_xw,20,6,1,57,0
20,1,hoffman_grad,0,7,0,57,1
20,1,drop_e_max,0,7,0,57,0
20,1,drop_e_max,1,7,0,57,0
20,1,drop_e_max,2,6,1,57,0
20,1,drop_e_max,3,6,1,57,0
20,1,drop_e_max,4,6,1,57,0
20,1,drop_e_max,5,6,1,57,0
20,1,drop_e_max,6,6,1,57,0
20,1,drop_e_max,7,6,1,57,0
20,1,drop_e_max,8,6,1,57,0
20,1,drop_e_max,9,5,2,57,0
20,1,drop_e_max,10,5,2,57,0
20,1,drop_e_max,11,5,2,57,0
20,1,drop_e_max,12,5,2,57,0
20,1,drop_e_max,13,5,2,57,0
20,1,drop_e_max,14,5,2,57,0
20,1,drop_e_max,15,5,2,57,0
20,1,drop_e_max,16,5,2,57,0
20,1,drop_e_max,17,5,2,57,0
20,1,drop_e_max,18,5,2,57,0
20,1,drop_e_max,19,5,2,57,0
20,1,drop_e_max,20,5,2,57,0
20,1,drop_l_hc,0,7,0,57,0
20,1,drop_l_hc,1,7,0,57,0
20,1,drop_l_hc,2,7,0,57,0
20,1,drop_l_hc,3,7,0,57,0
20,1,drop_l_hc,4,6,1,57,0
20,1,drop_l_hc,5,6,1,57,0
20,1,drop_l_hc,6,6,1,57,0
20,1,drop_l_hc,7,6,1,57,0
20,1,drop_l_hc,8,6,1,57,0
20,1,drop_l_hc,9,6,1,57,0
20,1,drop_l_hc,10,6,1,57,0
20,1,drop_l_hc,11,6,1,57,0
20,1,drop_l_hc,12,6,1,57,0
20,1,drop_l_hc,13,6,1,57,0
20,1,drop_l_hc,14,6,1,57,0
20,1,drop_l_hc,15,6,1,57,0
20,1,drop_l_hc,16,6,1,57,0
20,1,drop_l_hc,17,6,1,57,0
20,1,drop_l_hc,18,6,1,57,0
20,1,drop_l_hc,19,6,1,57,0
20,1,drop_l_hc,20,6,1,57,0
20,2,random,0,7,0,57,0
20,2,random,1,7,0,57,0
20,2,random,2,7,0,57,0
20,2,random,3,7,0,57,0
20,2,random,4,7,0,57,0
20,2,random,5,7,0,57,0
20,2,random,6,7,0,57,0
20,2,random,7,7,0,57,0
20,2,random,8,7,0,57,0
20,2,random,9,7,0,57,0
20,2,random,10,7,0,57,0
20,2,random,11,7,0,57,0
20,2,random,12,7,0,57,0
20,2,random,13,7,0,57,0
20,2,random,14,7,0,57,0
20,2,random,15,7,0,57,0
20,2,random,16,7,0,57,0
20,2,random,17,7,0,57,0
20,2,random,18,7,0,57,0
20,2,random,19,6,1,57,0
20,2,random,20,6,1,57,0
20,2,drop_alpha,0,7,0,57,0
20,2,drop_alpha,1,7,0,57,0
20,2,drop_alpha,2,7,0,57,0
20,2,drop_alpha,3,6,1,57,0
20,2,drop_alpha,4,6,1,57,0
20,2,drop_alpha,5,6,1,57,0
20,2,drop_alpha,6,6,1,57,0
20,2,drop_alpha,7,6,1,57,0
20,2,drop_alpha,8,6,1,57,0
20,2,drop_alpha,9,6,1,57,0
20,2,drop_alpha,10,6,1,57,0
20,2,drop_alpha,11,6,1,57,0
20,2,drop_alpha,12,6,1,57,0
20,2,drop_alpha,13,6,1,57,0
20,2,drop_alpha,14,6,1,57,0
20,2,drop_alpha,15,6,1,57,0
20,2,drop_alpha,16,6,1,57,0
20,2,drop_alpha,17,6,1,57,0
20,2,drop_alpha,18,6,1,57,0
20,2,drop_alpha,19,6,1,57,0
20,2,drop_alpha,20,6,1,57,0
20,2,hardcore_comarg,0,7,0,57,0
20,2,hardcore_comarg,1,7,0,57,0
20,2,hardcore_comarg,2,6,1,57,0
20,2,hardcore_comarg,3,6,1,57,0
20,2,hardcore_comarg,4,6,1,57,0
20,2,hardcore_comarg,5,6,1,57,0
20,2,hardcore_comarg,6,6,1,57,0
20,2,hardcore_comarg,7,6,1,57,0
20,2,hardcore_comarg,8,6,1,57,0
20,2,hardcore_comarg,9,5,2,57,0
20,2,hardcore_comarg,10,5,2,57,0
20,2,hardcore_comarg,11,5,2,57,0
20,2,hardcore_comarg,12,5,2,57,0
20,2,hardcore_comarg,13,5,2,57,0
20,2,hardcore_comarg,14,5,2,57,0
20,2,hardcore_comarg,15,5,2,57,0
20,2,hardcore_comarg,16,5,2,57,0
20,2,hardcore_comarg,17,5,2,57,0
20,2,hardcore_comarg,18,5,2,57,0
20,2,hardcore_comarg,19,5,2,57,0
20,2,hardcore_comarg,20,5,2,57,0
20,2,sdp_X_uw,0,7,0,57,0
20,2,sdp_X_uw,1,7,0,57,0
20,2,sdp_X_uw,2,6,1,57,0
20,2,sdp_X_uw,3,6,1,57,0
20,2,sdp_X_uw,4,6,1,57,0
20,2,sdp_X_uw,5,6,1,57,0
20,2,sdp_X_uw,6,6,1,57,0
20,2,sdp_X_uw,7,6,1,57,0
20,2,sdp_X_uw,8,6,1,57,0
20,2,sdp_X_uw,9,6,1,57,0
20,2,sdp_X_uw,10,5,2,57,0
20,2,sdp_X_uw,11,5,2,57,0
20,2,sdp_X_uw,12,5,2,57,0
20,2,sdp_X_uw,13,5,2,57,0
20,2,sdp_X_uw,14,5,2,57,0
20,2,sdp_X_uw,15,5,2,57,0
20,2,sdp_X_uw,16,5,2,57,0
20,2,sdp_X_uw,17,5,2,57,0
20,2,sdp_X_uw,18,5,2,57,0
20,2,sdp_X_uw,19,5,2,57,0
20,2,sdp_X_uw,20,5,2,57,0
20,2,lp_xu_plus_xw,0,7,0,57,0
20,2,lp_xu_plus_xw,1,7,0,57,0
20,2,lp_xu_plus_xw,2,7,0,57,0
20,2,lp_xu_plus_xw,3,7,0,57,0
20,2,lp_xu_plus_xw,4,7,0,57,0
20,2,lp_xu_plus_xw,5,7,0,57,0
20,2,lp_xu_plus_xw,6,7,0,57,0
20,2,lp_xu_plus_xw,7,7,0,57,0
20,2,lp_xu_plus_xw,8,7,0,57,0
20,2,lp_xu_plus_xw,9,7,0,57,0
20,2,lp_xu_plus_xw,10,6,1,57,0
20,2,lp_xu_plus_xw,11,6,1,57,0
20,2,lp_xu_plus_xw,12,6,1,57,0
20,2,lp_xu_plus_xw,13,6,1,57,0
20,2,lp_xu_plus_xw,14,6,1,57,0
20,2,lp_xu_plus_xw,15,6,1,57,0
20,2,lp_xu_plus_xw,16,6,1,57,0
20,2,lp_xu_plus_xw,17,6,1,57,0
20,2,lp_xu_plus_xw,18,6,1,57,0
20,2,lp_xu_plus_xw,19,6,1,57,0
20,2,lp_xu_plus_xw,20,6,1,57,0
20,2,hoffman_grad,0,7,0,57,1
20,2,drop_e_max,0,7,0,57,0
20,2,drop_e_max,1,7,0,57,0
20,2,drop_e_max,2,6,1,57,0
20,2,drop_e_max,3,6,1,57,0
20,2,drop_e_max,4,6,1,57,0
20,2,drop_e_max,5,6,1,57,0
20,2,drop_e_max,6,6,1,57,0
20,2,drop_e_max,7,6,1,57,0
20,2,drop_e_max,8,6,1,57,0
20,2,drop_e_max,9,5,2,57,0
20,2,drop_e_max,10,5,2,57,0
20,2,drop_e_max,11,5,2,57,0
20,2,drop_e_max,12,5,2,57,0
20,2,drop_e_max,13,5,2,57,0
20,2,drop_e_max,14,5,2,57,0
20,2,drop_e_max,15,5,2,57,0
20,2,drop_e_max,16,5,2,57,0
20,2,drop_e_max,17,5,2,57,0
20,2,drop_e_max,18,5,2,57,0
20,2,drop_e_max,19,5,2,57,0
20,2,drop_e_max,20,5,2,57,0
20,2,drop_l_hc,0,7,0,57,0
20,2,drop_l_hc,1,7,0,57,0
20,2,drop_l_hc,2,7,0,57,0
20,2,drop_l_hc,3,7,0,57,0
20,2,drop_l_hc,4,7,0,57,0
20,2,drop_l_hc,5,7,0,57,0
20,2,drop_l_hc,6,7,0,57,0
20,2,drop_l_hc,7,7,0,57,0
20,2,drop_l_hc,8,7,0,57,0
20,2,drop_l_hc,9,7,0,57,0
20,2,drop_l_hc,10,7,0,57,0
20,2,drop_l_hc,11,7,0,57,0
20,2,drop_l_hc,12,7,0,57,0
20,2,drop_l_hc,13,7,0,57,0
20,2,drop_l_hc,14,7,0,57,0
20,2,drop_l_hc,15,7,0,57,0
20,2,drop_l_hc,16,7,0,57,0
20,2,drop_l_hc,17,7,0,57,0
20,2,drop_l_hc,18,7,0,57,0
20,2,drop_l_hc,19,7,0,57,0
20,2,drop_l_hc,20,7,0,57,0
20,3,random,0,7,0,57,0
20,3,random,1,7,0,57,0
20,3,random,2,7,0,57,0
20,3,random,3,7,0,57,0
20,3,random,4,7,0,57,0
20,3,random,5,7,0,57,0
20,3,random,6,7,0,57,0
20,3,random,7,7,0,57,0
20,3,random,8,7,0,57,0
20,3,random,9,7,0,57,0
20,3,random,10,7,0,57,0
20,3,random,11,7,0,57,0
20,3,random,12,6,1,57,0
20,3,random,13,6,1,57,0
20,3,random,14,6,1,57,0
20,3,random,15,6,1,57,0
20,3,random,16,6,1,57,0
20,3,random,17,6,1,57,0
20,3,random,18,6,1,57,0
20,3,random,19,6,1,57,0
20,3,random,20,6,1,57,0
20,3,drop_alpha,0,7,0,57,0
20,3,drop_alpha,1,7,0,57,0
20,3,drop_alpha,2,6,1,57,0
20,3,drop_alpha,3,6,1,57,0
20,3,drop_alpha,4,6,1,57,0
20,3,drop_alpha,5,6,1,57,0
20,3,drop_alpha,6,6,1,57,0
20,3,drop_alpha,7,6,1,57,0
20,3,drop_alpha,8,6,1,57,0
20,3,drop_alpha,9,6,1,57,0
20,3,drop_alpha,10,6,1,57,0
20,3,drop_alpha,11,6,1,57,0
20,3,drop_alpha,12,6,1,57,0
20,3,drop_alpha,13,6,1,57,0
20,3,drop_alpha,14,6,1,57,0
20,3,drop_alpha,15,6,1,57,0
20,3,drop_alpha,16,6,1,57,0
20,3,drop_alpha,17,6,1,57,0
20,3,drop_alpha,18,6,1,57,0
20,3,drop_alpha,19,6,1,57,0
20,3,drop_alpha,20,6,1,57,0
20,3,hardcore_comarg,0,7,0,57,0
20,3,hardcore_comarg,1,7,0,57,0
20,3,hardcore_comarg,2,6,1,57,0
20,3,hardcore_comarg,3,6,1,57,0
20,3,hardcore_comarg,4,6,1,57,0
20,3,hardcore_comarg,5,6,1,57,0
20,3,hardcore_comarg,6,6,1,57,0
20,3,hardcore_comarg,7,5,2,57,0
20,3,hardcore_comarg,8,5,2,57,0
20,3,hardcore_comarg,9,5,2,57,0
20,3,hardcore_comarg,10,5,2,57,0
20,3,hardcore_comarg,11,5,2,57,0
20,3,hardcore_comarg,12,5,2,57,0
20,3,hardcore_comarg,13,5,2,57,0
20,3,hardcore_comarg,14,5,2,57,0
20,3,hardcore_comarg,15,5,2,57,0
20,3,hardcore_comarg,16,5,2,57,0
20,3,hardcore_comarg,17,5,2,57,0
20,3,hardcore_comarg,18,5,2,57,0
20,3,hardcore_comarg,19,5,2,57,0
20,3,hardcore_comarg,20,5,2,57,0
20,3,sdp_X_uw,0,7,0,57,0
20,3,sdp_X_uw,1,7,0,57,0
20,3,sdp_X_uw,2,6,1,57,0
20,3,sdp_X_uw,3,6,1,57,0
20,3,sdp_X_uw,4,6,1,57,0
20,3,sdp_X_uw,5,6,1,57,0
20,3,sdp_X_uw,6,6,1,57,0
20,3,sdp_X_uw,7,6,1,57,0
20,3,sdp_X_uw,8,5,2,57,0
20,3,sdp_X_uw,9,5,2,57,0
20,3,sdp_X_uw,10,5,2,57,0
20,3,sdp_X_uw,11,5,2,57,0
20,3,sdp_X_uw,12,5,2,57,0
20,3,sdp_X_uw,13,5,2,57,0
20,3,sdp_X_uw,14,5,2,57,0
20,3,sdp_X_uw,15,5,2,57,0
20,3,sdp_X_uw,16,5,2,57,0
20,3,sdp_X_uw,17,5,2,57,0
20,3,sdp_X_uw,18,5,2,57,0
20,3,sdp_X_uw,19,5,2,57,0
20,3,sdp_X_uw,20,5,2,57,0
20,3,lp_xu_plus_xw,0,7,0,57,0
20,3,lp_xu_plus_xw,1,7,0,57,0
20,3,lp_xu_plus_xw,2,7,0,57,0
20,3,lp_xu_plus_xw,3,7,0,57,0
20,3,lp_xu_plus_xw,4,7,0,57,0
20,3,lp_xu_plus_xw,5,7,0,57,0
20,3,lp_xu_plus_xw,6,7,0,57,0
20,3,lp_xu_plus_xw,7,7,0,57,0
20,3,lp_xu_plus_xw,8,7,0,57,0
20,3,lp_xu_plus_xw,9,7,0,57,0
20,3,lp_xu_plus_xw,10,7,0,57,0
20,3,lp_xu_plus_xw,11,7,0,57,0
20,3,lp_xu_plus_xw,12,7,0,57,0
20,3,lp_xu_plus_xw,13,7,0,57,0
20,3,lp_xu_plus_xw,14,7,0,57,0
20,3,lp_xu_plus_xw,15,7,0,57,0
20,3,lp_xu_plus_xw,16,7,0,57,0
20,3,lp_xu_plus_xw,17,6,1,57,0
20,3,lp_xu_plus_xw,18,6,1,57,0
20,3,lp_xu_plus_xw,19,6,1,57,0
20,3,lp_xu_plus_xw,20,6,1,57,0
20,3,hoffman_grad,0,7,0,57,1
20,3,drop_e_max,0,7,0,57,0
20,3,drop_e_max,1,7,0,57,0
20,3,drop_e_max,2,6,1,57,0
20,3,drop_e_max,3,6,1,57,0
20,3,drop_e_max,4,6,1,57,0
20,3,drop_e_max,5,6,1,57,0
20,3,drop_e_max,6,6,1,57,0
20,3,drop_e_max,7,6,1,57,0
20,3,drop_e_max,8,5,2,57,0
20,3,drop_e_max,9,5,2,57,0
20,3,drop_e_max,10,5,2,57,0
20,3,drop_e_max,11,5,2,57,0
20,3,drop_e_max,12,5,2,57,0
20,3,drop_e_max,13,5,2,57,0
20,3,drop_e_max,14,5,2,57,0
20,3,drop_e_max,15,5,2,57,0
20,3,drop_e_max,16,5,2,57,0
20,3,drop_e_max,17,5,2,57,0
20,3,drop_e_max,18,5,2,57,0
20,3,drop_e_max,19,5,2,57,0
20,3,drop_e_max,20,5,2,57,0
20,3,drop_l_hc,0,7,0,57,0
20,3,drop_l_hc,1,7,0,57,0
20,3,drop_l_hc,2,7,0,57,0
20,3,drop_l_hc,3,7,0,57,0
20,3,drop_l_hc,4,7,0,57,0
20,3,drop_l_hc,5,7,0,57,0
20,3,drop_l_hc,6,7,0,57,0
20,3,drop_l_hc,7,7,0,57,0
20,3,drop_l_hc,8,7,0,57,0
20,3,drop_l_hc,9,7,0,57,0
20,3,drop_l_hc,10,7,0,57,0
20,3,drop_l_hc,11,7,0,57,0
20,3,drop_l_hc,12,7,0,57,0
20,3,drop_l_hc,13,7,0,57,0
20,3,drop_l_hc,14,7,0,57,0
20,3,drop_l_hc,15,7,0,57,0
20,3,drop_l_hc,16,7,0,57,0
20,3,drop_l_hc,17,7,0,57,0
20,3,drop_l_hc,18,7,0,57,0
20,3,drop_l_hc,19,7,0,57,0
20,3,drop_l_hc,20,7,0,57,0
20,4,random,0,7,0,57,0
20,4,random,1,7,0,57,0
20,4,random,2,7,0,57,0
20,4,random,3,7,0,57,0
20,4,random,4,6,1,57,0
20,4,random,5,6,1,57,0
20,4,random,6,6,1,57,0
20,4,random,7,6,1,57,0
20,4,random,8,6,1,57,0
20,4,random,9,6,1,57,0
20,4,random,10,6,1,57,0
20,4,random,11,6,1,57,0
20,4,random,12,6,1,57,0
20,4,random,13,6,1,57,0
20,4,random,14,6,1,57,0
20,4,random,15,6,1,57,0
20,4,random,16,6,1,57,0
20,4,random,17,6,1,57,0
20,4,random,18,6,1,57,0
20,4,random,19,6,1,57,0
20,4,random,20,6,1,57,0
20,4,drop_alpha,0,7,0,57,0
20,4,drop_alpha,1,7,0,57,0
20,4,drop_alpha,2,6,1,57,0
20,4,drop_alpha,3,6,1,57,0
20,4,drop_alpha,4,6,1,57,0
20,4,drop_alpha,5,6,1,57,0
20,4,drop_alpha,6,6,1,57,0
20,4,drop_alpha,7,6,1,57,0
20,4,drop_alpha,8,6,1,57,0
20,4,drop_alpha,9,6,1,57,0
20,4,drop_alpha,10,6,1,57,0
20,4,drop_alpha,11,6,1,57,0
20,4,drop_alpha,12,6,1,57,0
20,4,drop_alpha,13,6,1,57,0
20,4,drop_alpha,14,6,1,57,0
20,4,drop_alpha,15,6,1,57,0
20,4,drop_alpha,16,6,1,57,0
20,4,drop_alpha,17,6,1,57,0
20,4,drop_alpha,18,6,1,57,0
20,4,drop_alpha,19,6,1,57,0
20,4,drop_alpha,20,5,2,57,0
20,4,hardcore_comarg,0,7,0,57,0
20,4,hardcore_comarg,1,7,0,57,0
20,4,hardcore_comarg,2,6,1,57,0
20,4,hardcore_comarg,3,6,1,57,0
20,4,hardcore_comarg,4,6,1,57,0
20,4,hardcore_comarg,5,6,1,57,0
20,4,hardcore_comarg,6,6,1,57,0
20,4,hardcore_comarg,7,6,1,57,0
20,4,hardcore_comarg,8,6,1,57,0
20,4,hardcore_comarg,9,6,1,57,0
20,4,hardcore_comarg,10,5,2,57,0
20,4,hardcore_comarg,11,5,2,57,0
20,4,hardcore_comarg,12,5,2,57,0
20,4,hardcore_comarg,13,5,2,57,0
20,4,hardcore_comarg,14,5,2,57,0
20,4,hardcore_comarg,15,5,2,57,0
20,4,hardcore_comarg,16,5,2,57,0
20,4,hardcore_comarg,17,5,2,57,0
20,4,hardcore_comarg,18,5,2,57,0
20,4,hardcore_comarg,19,5,2,57,0
20,4,hardcore_comarg,20,5,2,57,0
20,4,sdp_X_uw,0,7,0,57,0
20,4,sdp_X_uw,1,7,0,57,0
20,4,sdp_X_uw,2,6,1,57,0
20,4,sdp_X_uw,3,6,1,57,0
20,4,sdp_X_uw,4,6,1,57,0
20,4,sdp_X_uw,5,6,1,57,0
20,4,sdp_X_uw,6,6,1,57,0
20,4,sdp_X_uw,7,6,1,57,0
20,4,sdp_X_uw,8,6,1,57,0
20,4,sdp_X_uw,9,5,2,57,0
20,4,sdp_X_uw,10,5,2,57,0
20,4,sdp_X_uw,11,5,2,57,0
20,4,sdp_X_uw,12,5,2,57,0
20,4,sdp_X_uw,13,5,2,57,0
20,4,sdp_X_uw,14,5,2,57,0
20,4,sdp_X_uw,15,5,2,57,0
20,4,sdp_X_uw,16,5,2,57,0
20,4,sdp_X_uw,17,5,2,57,0
20,4,sdp_X_uw,18,5,2,57,0
20,4,sdp_X_uw,19,5,2,57,0
20,4,sdp_X_uw,20,5,2,57,0
20,4,lp_xu_plus_xw,0,7,0,57,0
20,4,lp_xu_plus_xw,1,7,0,57,0
20,4,lp_xu_plus_xw,2,7,0,57,0
20,4,lp_xu_plus_xw,3,7,0,57,0
20,4,lp_xu_plus_xw,4,7,0,57,0
20,4,lp_xu_plus_xw,5,7,0,57,0
20,4,lp_xu_plus_xw,6,6,1,57,0
20,4,lp_xu_plus_xw,7,6,1,57,0
20,4,lp_xu_plus_xw,8,6,1,57,0
20,4,lp_xu_plus_xw,9,6,1,57,0
20,4,lp_xu_plus_xw,10,6,1,57,0
20,4,lp_xu_plus_xw,11,6,1,57,0
20,4,lp_xu_plus_xw,12,6,1,57,0
20,4,lp_xu_plus_xw,13,6,1,57,0
20,4,lp_xu_plus_xw,14,6,1,57,0
20,4,lp_xu_plus_xw,15,6,1,57,0
20,4,lp_xu_plus_xw,16,6,1,57,0
20,4,lp_xu_plus_xw,17,6,1,57,0
20,4,lp_xu_plus_xw,18,6,1,57,0
20,4,lp_xu_plus_xw,19,5,2,57,0
20,4,lp_xu_plus_xw,20,5,2,57,0
20,4,hoffman_grad,0,7,0,57,1
20,4,drop_e_max,0,7,0,57,0
20,4,drop_e_max,1,7,0,57,0
20,4,drop_e_max,2,6,1,57,0
20,4,drop_e_max,3,6,1,57,0
20,4,drop_e_max,4,6,1,57,0
20,4,drop_e_max,5,6,1,57,0
20,4,drop_e_max,6,6,1,57,0
20,4,drop_e_max,7,6,1,57,0
20,4,drop_e_max,8,6,1,57,0
20,4,drop_e_max,9,6,1,57,0
20,4,drop_e_max,10,5,2,57,0
20,4,drop_e_max,11,5,2,57,0
20,4,drop_e_max,12,5,2,57,0
20,4,drop_e_max,13,5,2,57,0
20,4,drop_e_max,14,5,2,57,0
20,4,drop_e_max,15,5,2,57,0
20,4,drop_e_max,16,5,2,57,0
20,4,drop_e_max,17,5,2,57,0
20,4,drop_e_max,18,5,2,57,0
20,4,drop_e_max,19,5,2,57,0
20,4,drop_e_max,20,5,2,57,0
20,4,drop_l_hc,0,7,0,57,0
20,4,drop_l_hc,1,7,0,57,0
20,4,drop_l_hc,2,7,0,57,0
20,4,drop_l_hc,3,6,1,57,0
20,4,drop_l_hc,4,6,1,57,0
20,4,drop_l_hc,5,6,1,57,0
20,4,drop_l_hc,6,6,1,57,0
20,4,drop_l_hc,7,6,1,57,0
20,4,drop_l_hc,8,6,1,57,0
20,4,drop_l_hc,9,6,1,57,0
20,4,drop_l_hc,10,6,1,57,0
20,4,drop_l_hc,11,6,1,57,0
20,4,drop_l_hc,12,6,1,57,0
20,4,drop_l_hc,13,6,1,57,0
20,4,drop_l_hc,14,6,1,57,0
20,4,drop_l_hc,15,6,1,57,0
20,4,drop_l_hc,16,6,1,57,0
20,4,drop_l_hc,17,6,1,57,0
20,4,drop_l_hc,18,6,1,57,0
20,4,drop_l_hc,19,6,1,57,0
20,4,drop_l_hc,20,6,1,57,0
20,5,random,0,7,0,57,0
20,5,random,1,7,0,57,0
20,5,random,2,7,0,57,0
20,5,random,3,7,0,57,0
20,5,random,4,7,0,57,0
20,5,random,5,7,0,57,0
20,5,random,6,7,0,57,0
20,5,random,7,7,0,57,0
20,5,random,8,7,0,57,0
20,5,random,9,7,0,57,0
20,5,random,10,7,0,57,0
20,5,random,11,7,0,57,0
20,5,random,12,7,0,57,0
20,5,random,13,7,0,57,0
20,5,random,14,7,0,57,0
20,5,random,15,6,1,57,0
20,5,random,16,6,1,57,0
20,5,random,17,6,1,57,0
20,5,random,18,6,1,57,0
20,5,random,19,6,1,57,0
20,5,random,20,6,1,57,0
20,5,drop_alpha,0,7,0,57,0
20,5,drop_alpha,1,7,0,57,0
20,5,drop_alpha,2,7,0,57,0
20,5,drop_alpha,3,6,1,57,0
20,5,drop_alpha,4,6,1,57,0
20,5,drop_alpha,5,6,1,57,0
20,5,drop_alpha,6,6,1,57,0
20,5,drop_alpha,7,6,1,57,0
20,5,drop_alpha,8,6,1,57,0
20,5,drop_alpha,9,6,1,57,0
20,5,drop_alpha,10,6,1,57,0
20,5,drop_alpha,11,6,1,57,0
20,5,drop_alpha,12,6,1,57,0
20,5,drop_alpha,13,6,1,57,0
20,5,drop_alpha,14,6,1,57,0
20,5,drop_alpha,15,6,1,57,0
20,5,drop_alpha,16,6,1,57,0
20,5,drop_alpha,17,6,1,57,0
20,5,drop_alpha,18,6,1,57,0
20,5,drop_alpha,19,6,1,57,0
20,5,drop_alpha,20,6,1,57,0
20,5,hardcore_comarg,0,7,0,57,0
20,5,hardcore_comarg,1,7,0,57,0
20,5,hardcore_comarg,2,6,1,57,0
20,5,hardcore_comarg,3,6,1,57,0
20,5,hardcore_comarg,4,6,1,57,0
20,5,hardcore_comarg,5,6,1,57,0
20,5,hardcore_comarg,6,6,1,57,0
20,5,hardcore_comarg,7,5,2,57,0
20,5,hardcore_comarg,8,5,2,57,0
20,5,hardcore_comarg,9,5,2,57,0
20,5,hardcore_comarg,10,5,2,57,0
20,5,hardcore_comarg,11,5,2,57,0
20,5,hardcore_comarg,12,5,2,57,0
20,5,hardcore_comarg,13,5,2,57,0
20,5,hardcore_comarg,14,5,2,57,0
20,5,hardcore_comarg,15,5,2,57,0
20,5,hardcore_comarg,16,5,2,57,0
20,5,hardcore_comarg,17,5,2,57,0
20,5,hardcore_comarg,18,5,2,57,0
20,5,hardcore_comarg,19,5,2,57,0
20,5,hardcore_comarg,20,5,2,57,0
20,5,sdp_X_uw,0,7,0,57,0
20,5,sdp_X_uw,1,7,0,57,0
20,5,sdp_X_uw,2,6,1,57,0
20,5,sdp_X_uw,3,6,1,57,0
20,5,sdp_X_uw,4,6,1,57,0
20,5,sdp_X_uw,5,6,1,57,0
20,5,sdp_X_uw,6,5,2,57,0
20,5,sdp_X_uw,7,5,2,57,0
20,5,sdp_X_uw,8,5,2,57,0
20,5,sdp_X_uw,9,5,2,57,0
20,5,sdp_X_uw,10,5,2,57,0
20,5,sdp_X_uw,11,5,2,57,0
20,5,sdp_X_uw,12,5,2,57,0
20,5,sdp_X_uw,13,5,2,57,0
20,5,sdp_X_uw,14,5,2,57,0
20,5,sdp_X_uw,15,5,2,57,0
20,5,sdp_X_uw,16,5,2,57,0
20,5,sdp_X_uw,17,5,2,57,0
20,5,sdp_X_uw,18,5,2,57,0
20,5,sdp_X_uw,19,5,2,57,0
20,5,sdp_X_uw,20,5,2,57,0
20,5,lp_xu_plus_xw,0,7,0,57,0
20,5,lp_xu_plus_xw,1,7,0,57,0
20,5,lp_xu_plus_xw,2,7,0,57,0
20,5,lp_xu_plus_xw,3,7,0,57,0
20,5,lp_xu_plus_xw,4,7,0,57,0
20,5,lp_xu_plus_xw,5,7,0,57,0
20,5,lp_xu_plus_xw,6,7,0,57,0
20,5,lp_xu_plus_xw,7,7,0,57,0
20,5,lp_xu_plus_xw,8,7,0,57,0
20,5,lp_xu_plus_xw,9,7,0,57,0
20,5,lp_xu_plus_xw,10,7,0,57,0
20,5,lp_xu_plus_xw,11,7,0,57,0
20,5,lp_xu_plus_xw,12,7,0,57,0
20,5,lp_xu_plus_xw,13,7,0,57,0
20,5,lp_xu_plus_xw,14,7,0,57,0
20,5,lp_xu_plus_xw,15,7,0,57,0
20,5,lp_xu_plus_xw,16,7,0,57,0
20,5,lp_xu_plus_xw,17,7,0,57,0
20,5,lp_xu_plus_xw,18,7,0,57,0
20,5,lp_xu_plus_xw,19,6,1,57,0
20,5,lp_xu_plus_xw,20,6,1,57,0
20,5,hoffman_grad,0,7,0,57,1
20,5,drop_e_max,0,7,0,57,0
20,5,drop_e_max,1,7,0,57,0
20,5,drop_e_max,2,6,1,57,0
20,5,drop_e_max,3,6,1,57,0
20,5,drop_e_max,4,6,1,57,0
20,5,drop_e_max,5,6,1,57,0
20,5,drop_e_max,6,6,1,57,0
20,5,drop_e_max,7,5,2,57,0
20,5,drop_e_max,8,5,2,57,0
20,5,drop_e_max,9,5,2,57,0
20,5,drop_e_max,10,5,2,57,0
20,5,drop_e_max,11,5,2,57,0
20,5,drop_e_max,12,5,2,57,0
20,5,drop_e_max,13,5,2,57,0
20,5,drop_e_max,14,5,2,57,0
20,5,drop_e_max,15,5,2,57,0
20,5,drop_e_max,16,5,2,57,0
20,5,drop_e_max,17,5,2,57,0
20,5,drop_e_max,18,5,2,57,0
20,5,drop_e_max,19,5,2,57,0
20,5,drop_e_max,20,5,2,57,0
20,5,drop_l_hc,0,7,0,57,0
20,5,drop_l_hc,1,7,0,57,0
20,5,drop_l_hc,2,7,0,57,0
20,5,drop_l_hc,3,7,0,57,0
20,5,drop_l_hc,4,7,0,57,0
20,5,drop_l_hc,5,7,0,57,0
20,5,drop_l_hc,6,7,0,57,0
20,5,drop_l_hc,7,7,0,57,0
20,5,drop_l_hc,8,7,0,57,0
20,5,drop_l_hc,9,7,0,57,0
20,5,drop_l_hc,10,7,0,57,0
20,5,drop_l_hc,11,7,0,57,0
20,5,drop_l_hc,12,7,0,57,0
20,5,drop_l_hc,13,7,0,57,0
20,5,drop_l_hc,14,7,0,57,0
20,5,drop_l_hc,15,7,0,57,0
20,5,drop_l_hc,16,7,0,57,0
20,5,drop_l_hc,17,7,0,57,0
20,5,drop_l_hc,18,7,0,57,0
20,5,drop_l_hc,19,7,0,57,0
20,5,drop_l_hc,20,7,0,57,0
20,6,random,0,8,0,57,0
20,6,random,1,8,0,57,0
20,6,random,2,8,0,57,0
20,6,random,3,8,0,57,0
20,6,random,4,8,0,57,0
20,6,random,5,8,0,57,0
20,6,random,6,8,0,57,0
20,6,random,7,8,0,57,0
20,6,random,8,8,0,57,0
20,6,random,9,8,0,57,0
20,6,random,10,7,1,57,0
20,6,random,11,7,1,57,0
20,6,random,12,7,1,57,0
20,6,random,13,7,1,57,0
20,6,random,14,7,1,57,0
20,6,random,15,7,1,57,0
20,6,random,16,6,2,57,0
20,6,random,17,6,2,57,0
20,6,random,18,6,2,57,0
20,6,random,19,6,2,57,0
20,6,random,20,6,2,57,0
20,6,drop_alpha,0,8,0,57,0
20,6,drop_alpha,1,8,0,57,0
20,6,drop_alpha,2,8,0,57,0
20,6,drop_alpha,3,8,0,57,0
20,6,drop_alpha,4,8,0,57,0
20,6,drop_alpha,5,7,1,57,0
20,6,drop_alpha,6,7,1,57,0
20,6,drop_alpha,7,7,1,57,0
20,6,drop_alpha,8,7,1,57,0
20,6,drop_alpha,9,7,1,57,0
20,6,drop_alpha,10,7,1,57,0
20,6,drop_alpha,11,7,1,57,0
20,6,drop_alpha,12,7,1,57,0
20,6,drop_alpha,13,6,2,57,0
20,6,drop_alpha,14,6,2,57,0
20,6,drop_alpha,15,6,2,57,0
20,6,drop_alpha,16,6,2,57,0
20,6,drop_alpha,17,6,2,57,0
20,6,drop_alpha,18,6,2,57,0
20,6,drop_alpha,19,6,2,57,0
20,6,drop_alpha,20,6,2,57,0
20,6,hardcore_comarg,0,8,0,57,0
20,6,hardcore_comarg,1,8,0,57,0
20,6,hardcore_comarg,2,7,1,57,0
20,6,hardcore_comarg,3,7,1,57,0
20,6,hardcore_comarg,4,7,1,57,0
20,6,hardcore_comarg,5,6,2,57,0
20,6,hardcore_comarg,6,6,2,57,0
20,6,hardcore_comarg,7,6,2,57,0
20,6,hardcore_comarg,8,6,2,57,0
20,6,hardcore_comarg,9,6,2,57,0
20,6,hardcore_comarg,10,6,2,57,0
20,6,hardcore_comarg,11,5,3,57,0
20,6,hardcore_comarg,12,5,3,57,0
20,6,hardcore_comarg,13,5,3,57,0
20,6,hardcore_comarg,14,5,3,57,0
20,6,hardcore_comarg,15,5,3,57,0
20,6,hardcore_comarg,16,5,3,57,0
20,6,hardcore_comarg,17,5,3,57,0
20,6,hardcore_comarg,18,5,3,57,0
20,6,hardcore_comarg,19,5,3,57,0
20,6,hardcore_comarg,20,5,3,57,0
20,6,sdp_X_uw,0,8,0,57,0
20,6,sdp_X_uw,1,8,0,57,0
20,6,sdp_X_uw,2,7,1,57,0
20,6,sdp_X_uw,3,7,1,57,0
20,6,sdp_X_uw,4,7,1,57,0
20,6,sdp_X_uw,5,6,2,57,0
20,6,sdp_X_uw,6,6,2,57,0
20,6,sdp_X_uw,7,6,2,57,0
20,6,sdp_X_uw,8,6,2,57,0
20,6,sdp_X_uw,9,6,2,57,0
20,6,sdp_X_uw,10,6,2,57,0
20,6,sdp_X_uw,11,5,3,57,0
20,6,sdp_X_uw,12,5,3,57,0
20,6,sdp_X_uw,13,5,3,57,0
20,6,sdp_X_uw,14,5,3,57,0
20,6,sdp_X_uw,15,5,3,57,0
20,6,sdp_X_uw,16,5,3,57,0
20,6,sdp_X_uw,17,5,3,57,0
20,6,sdp_X_uw,18,5,3,57,0
20,6,sdp_X_uw,19,5,3,57,0
20,6,sdp_X_uw,20,5,3,57,0
20,6,lp_xu_plus_xw,0,8,0,57,0
20,6,lp_xu_plus_xw,1,8,0,57,0
20,6,lp_xu_plus_xw,2,8,0,57,0
20,6,lp_xu_plus_xw,3,8,0,57,0
20,6,lp_xu_plus_xw,4,8,0,57,0
20,6,lp_xu_plus_xw,5,8,0,57,0
20,6,lp_xu_plus_xw,6,7,1,57,0
20,6,lp_xu_plus_xw,7,7,1,57,0
20,6,lp_xu_plus_xw,8,7,1,57,0
20,6,lp_xu_plus_xw,9,7,1,57,0
20,6,lp_xu_plus_xw,10,7,1,57,0
20,6,lp_xu_plus_xw,11,7,1,57,0
20,6,lp_xu_plus_xw,12,6,2,57,0
20,6,lp_xu_plus_xw,13,6,2,57,0
20,6,lp_xu_plus_xw,14,6,2,57,0
20,6,lp_xu_plus_xw,15,6,2,57,0
20,6,lp_xu_plus_xw,16,6,2,57,0
20,6,lp_xu_plus_xw,17,6,2,57,0
20,6,lp_xu_plus_xw,18,6,2,57,0
20,6,lp_xu_plus_xw,19,6,2,57,0
20,6,lp_xu_plus_xw,20,6,2,57,0
20,6,hoffman_grad,0,8,0,57,1
20,6,drop_e_max,0,8,0,57,0
20,6,drop_e_max,1,8,0,57,0
20,6,drop_e_max,2,7,1,57,0
20,6,drop_e_max,3,7,1,57,0
20,6,drop_e_max,4,7,1,57,0
20,6,drop_e_max,5,6,2,57,0
20,6,drop_e_max,6,6,2,57,0
20,6,drop_e_max,7,6,2,57,0
20,6,drop_e_max,8,6,2,57,0
20,6,drop_e_max,9,6,2,57,0
20,6,drop_e_max,10,6,2,57,0
20,6,drop_e_max,11,5,3,57,0
20,6,drop_e_max,12,5,3,57,0
20,6,drop_e_max,13,5,3,57,0
20,6,drop_e_max,14,5,3,57,0
20,6,drop_e_max,15,5,3,57,0
20,6,drop_e_max,16,5,3,57,0
20,6,drop_e_max,17,5,3,57,0
20,6,drop_e_max,18,5,3,57,0
20,6,drop_e_max,19,5,3,57,0
20,6,drop_e_max,20,5,3,57,0
20,6,drop_l_hc,0,8,0,57,0
20,6,drop_l_hc,1,8,0,57,0
20,6,drop_l_hc,2,7,1,57,0
20,6,drop_l_hc,3,7,1,57,0
20,6,drop_l_hc,4,7,1,57,0
20,6,drop_l_hc,5,7,1,57,0
20,6,drop_l_hc,6,7,1,57,0
20,6,drop_l_hc,7,7,1,57,0
20,6,drop_l_hc,8,7,1,57,0
20,6,drop_l_hc,9,7,1,57,0
20,6,drop_l_hc,10,7,1,57,0
20,6,drop_l_hc,11,7,1,57,0
20,6,drop_l_hc,12,7,1,57,0
20,6,drop_l_hc,13,7,1,57,0
20,6,drop_l_hc,14,7,1,57,0
20,6,drop_l_hc,15,7,1,57,0
20,6,drop_l_hc,16,7,1,57,0
20,6,drop_l_hc,17,7,1,57,0
20,6,drop_l_hc,18,7,1,57,0
20,6,drop_l_hc,19,7,1,57,0
20,6,drop_l_hc,20,7,1,57,0
20,7,random,0,7,0,57,0
20,7,random,1,7,0,57,0
20,7,random,2,7,0,57,0
20,7,random,3,7,0,57,0
20,7,random,4,7,0,57,0
20,7,random,5,7,0,57,0
20,7,random,6,7,0,57,0
20,7,random,7,7,0,57,0
20,7,random,8,7,0,57,0
20,7,random,9,6,1,57,0
20,7,random,10,6,1,57,0
20,7,random,11,6,1,57,0
20,7,random,12,6,1,57,0
20,7,random,13,6,1,57,0
20,7,random,14,6,1,57,0
20,7,random,15,6,1,57,0
20,7,random,16,6,1,57,0
20,7,random,17,6,1,57,0
20,7,random,18,6,1,57,0
20,7,random,19,6,1,57,0
20,7,random,20,6,1,57,0
20,7,drop_alpha,0,7,0,57,0
20,7,drop_alpha,1,7,0,57,0
20,7,drop_alpha,2,7,0,57,0
20,7,drop_alpha,3,6,1,57,0
20,7,drop_alpha,4,6,1,57,0
20,7,drop_alpha,5,6,1,57,0
20,7,drop_alpha,6,6,1,57,0
20,7,drop_alpha,7,6,1,57,0
20,7,drop_alpha,8,6,1,57,0
20,7,drop_alpha,9,6,1,57,0
20,7,drop_alpha,10,6,1,57,0
20,7,drop_alpha,11,6,1,57,0
20,7,drop_alpha,12,6,1,57,0
20,7,drop_alpha,13,6,1,57,0
20,7,drop_alpha,14,6,1,57,0
20,7,drop_alpha,15,6,1,57,0
20,7,drop_alpha,16,6,1,57,0
20,7,drop_alpha,17,6,1,57,0
20,7,drop_alpha,18,6,1,57,0
20,7,drop_alpha,19,6,1,57,0
20,7,drop_alpha,20,6,1,57,0
20,7,hardcore_comarg,0,7,0,57,0
20,7,hardcore_comarg,1,7,0,57,0
20,7,hardcore_comarg,2,6,1,57,0
20,7,hardcore_comarg,3,6,1,57,0
20,7,hardcore_comarg,4,6,1,57,0
20,7,hardcore_comarg,5,6,1,57,0
20,7,hardcore_comarg,6,6,1,57,0
20,7,hardcore_comarg,7,6,1,57,0
20,7,hardcore_comarg,8,5,2,57,0
20,7,hardcore_comarg,9,5,2,57,0
20,7,hardcore_comarg,10,5,2,57,0
20,7,hardcore_comarg,11,5,2,57,0
20,7,hardcore_comarg,12,5,2,57,0
20,7,hardcore_comarg,13,5,2,57,0
20,7,hardcore_comarg,14,5,2,57,0
20,7,hardcore_comarg,15,5,2,57,0
20,7,hardcore_comarg,16,5,2,57,0
20,7,hardcore_comarg,17,5,2,57,0
20,7,hardcore_comarg,18,5,2,57,0
20,7,hardcore_comarg,19,5,2,57,0
20,7,hardcore_comarg,20,5,2,57,0
20,7,sdp_X_uw,0,7,0,57,0
20,7,sdp_X_uw,1,7,0,57,0
20,7,sdp_X_uw,2,6,1,57,0
20,7,sdp_X_uw,3,6,1,57,0
20,7,sdp_X_uw,4,6,1,57,0
20,7,sdp_X_uw,5,6,1,57,0
20,7,sdp_X_uw,6,6,1,57,0
20,7,sdp_X_uw,7,6,1,57,0
20,7,sdp_X_uw,8,5,2,57,0
20,7,sdp_X_uw,9,5,2,57,0
20,7,sdp_X_uw,10,5,2,57,0
20,7,sdp_X_uw,11,5,2,57,0
20,7,sdp_X_uw,12,5,2,57,0
20,7,sdp_X_uw,13,5,2,57,0
20,7,sdp_X_uw,14,5,2,57,0
20,7,sdp_X_uw,15,5,2,57,0
20,7,sdp_X_uw,16,5,2,57,0
20,7,sdp_X_uw,17,5,2,57,0
20,7,sdp_X_uw,18,5,2,57,0
20,7,sdp_X_uw,19,5,2,57,0
20,7,sdp_X_uw,20,5,2,57,0
20,7,lp_xu_plus_xw,0,7,0,57,0
20,7,lp_xu_plus_xw,1,7,0,57,0
20,7,lp_xu_plus_xw,2,7,0,57,0
20,7,lp_xu_plus_xw,3,7,0,57,0
20,7,lp_xu_plus_xw,4,7,0,57,0
20,7,lp_xu_plus_xw,5,7,0,57,0
20,7,lp_xu_plus_xw,6,7,0,57,0
20,7,lp_xu_plus_xw,7,6,1,57,0
20,7,lp_xu_plus_xw,8,6,1,57,0
20,7,lp_xu_plus_xw,9,6,1,57,0
20,7,lp_xu_plus_xw,10,6,1,57,0
20,7,lp_xu_plus_xw,11,6,1,57,0
20,7,lp_xu_plus_xw,12,6,1,57,0
20,7,lp_xu_plus_xw,13,6,1,57,0
20,7,lp_xu_plus_xw,14,6,1,57,0
20,7,lp_xu_plus_xw,15,6,1,57,0
20,7,lp_xu_plus_xw,16,6,1,57,0
20,7,lp_xu_plus_xw,17,6,1,57,0
20,7,lp_xu_plus_xw,18,6,1,57,0
20,7,lp_xu_plus_xw,19,6,1,57,0
20,7,lp_xu_plus_xw,20,6,1,57,0
20,7,hoffman_grad,0,7,0,57,1
20,7,drop_e_max,0,7,0,57,0
20,7,drop_e_max,1,7,0,57,0
20,7,drop_e_max,2,6,1,57,0
20,7,drop_e_max,3,6,1,57,0
20,7,drop_e_max,4,6,1,57,0
20,7,drop_e_max,5,6,1,57,0
20,7,drop_e_max,6,6,1,57,0
20,7,drop_e_max,7,6,1,57,0
20,7,drop_e_max,8,5,2,57,0
20,7,drop_e_max,9,5,2,57,0
20,7,drop_e_max,10,5,2,57,0
20,7,drop_e_max,11,5,2,57,0
20,7,drop_e_max,12,5,2,57,0
20,7,drop_e_max,13,5,2,57,0
20,7,drop_e_max,14,5,2,57,0
20,7,drop_e_max,15,5,2,57,0
20,7,drop_e_max,16,5,2,57,0
20,7,drop_e_max,17,5,2,57,0
20,7,drop_e_max,18,5,2,57,0
20,7,drop_e_max,19,5,2,57,0
20,7,drop_e_max,20,5,2,57,0
20,7,drop_l_hc,0,7,0,57,0
20,7,drop_l_hc,1,7,0,57,0
20,7,drop_l_hc,2,7,0,57,0
20,7,drop_l_hc,3,7,0,57,0
20,7,drop_l_hc,4,7,0,57,0
20,7,drop_l_hc,5,7,0,57,0
20,7,drop_l_hc,6,7,0,57,0
20,7,drop_l_hc,7,7,0,57,0
20,7,drop_l_hc,8,7,0,57,0
20,7,drop_l_hc,9,7,0,57,0
20,7,drop_l_hc,10,7,0,57,0
20,7,drop_l_hc,11,7,0,57,0
20,7,drop_l_hc,12,7,0,57,0
20,7,drop_l_hc,13,7,0,57,0
20,7,drop_l_hc,14,7,0,57,0
20,7,drop_l_hc,15,7,0,57,0
20,7,drop_l_hc,16,7,0,57,0
20,7,drop_l_hc,17,7,0,57,0
20,7,drop_l_hc,18,6,1,57,0
20,7,drop_l_hc,19,6,1,57,0
20,7,drop_l_hc,20,6,1,57,0
20,8,random,0,7,0,57,0
20,8,random,1,7,0,57,0
20,8,random,2,7,0,57,0
20,8,random,3,7,0,57,0
20,8,random,4,7,0,57,0
20,8,random,5,7,0,57,0
20,8,random,6,7,0,57,0
20,8,random,7,7,0,57,0
20,8,random,8,7,0,57,0
20,8,random,9,7,0,57,0
20,8,random,10,7,0,57,0
20,8,random,11,7,0,57,0
20,8,random,12,7,0,57,0
20,8,random,13,7,0,57,0
20,8,random,14,7,0,57,0
20,8,random,15,6,1,57,0
20,8,random,16,6,1,57,0
20,8,random,17,6,1,57,0
20,8,random,18,6,1,57,0
20,8,random,19,6,1,57,0
20,8,random,20,5,2,57,0
20,8,drop_alpha,0,7,0,57,0
20,8,drop_alpha,1,7,0,57,0
20,8,drop_alpha,2,6,1,57,0
20,8,drop_alpha,3,6,1,57,0
20,8,drop_alpha,4,6,1,57,0
20,8,drop_alpha,5,6,1,57,0
20,8,drop_alpha,6,6,1,57,0
20,8,drop_alpha,7,6,1,57,0
20,8,drop_alpha,8,6,1,57,0
20,8,drop_alpha,9,6,1,57,0
20,8,drop_alpha,10,6,1,57,0
20,8,drop_alpha,11,6,1,57,0
20,8,drop_alpha,12,6,1,57,0
20,8,drop_alpha,13,6,1,57,0
20,8,drop_alpha,14,6,1,57,0
20,8,drop_alpha,15,6,1,57,0
20,8,drop_alpha,16,6,1,57,0
20,8,drop_alpha,17,6,1,57,0
20,8,drop_alpha,18,6,1,57,0
20,8,drop_alpha,19,6,1,57,0
20,8,drop_alpha,20,6,1,57,0
20,8,hardcore_comarg,0,7,0,57,0
20,8,hardcore_comarg,1,7,0,57,0
20,8,hardcore_comarg,2,6,1,57,0
20,8,hardcore_comarg,3,6,1,57,0
20,8,hardcore_comarg,4,6,1,57,0
20,8,hardcore_comarg,5,6,1,57,0
20,8,hardcore_comarg,6,6,1,57,0
20,8,hardcore_comarg,7,5,2,57,0
20,8,hardcore_comarg,8,5,2,57,0
20,8,hardcore_comarg,9,5,2,57,0
20,8,hardcore_comarg,10,5,2,57,0
20,8,hardcore_comarg,11,5,2,57,0
20,8,hardcore_comarg,12,5,2,57,0
20,8,hardcore_comarg,13,5,2,57,0
20,8,hardcore_comarg,14,5,2,57,0
20,8,hardcore_comarg,15,5,2,57,0
20,8,hardcore_comarg,16,5,2,57,0
20,8,hardcore_comarg,17,5,2,57,0
20,8,hardcore_comarg,18,5,2,57,0
20,8,hardcore_comarg,19,5,2,57,0
20,8,hardcore_comarg,20,5,2,57,0
20,8,sdp_X_uw,0,7,0,57,0
20,8,sdp_X_uw,1,7,0,57,0
20,8,sdp_X_uw,2,6,1,57,0
20,8,sdp_X_uw,3,6,1,57,0
20,8,sdp_X_uw,4,6,1,57,0
20,8,sdp_X_uw,5,6,1,57,0
20,8,sdp_X_uw,6,6,1,57,0
20,8,sdp_X_uw,7,6,1,57,0
20,8,sdp_X_uw,8,5,2,57,0
20,8,sdp_X_uw,9,5,2,57,0
20,8,sdp_X_uw,10,5,2,57,0
20,8,sdp_X_uw,11,5,2,57,0
20,8,sdp_X_uw,12,5,2,57,0
20,8,sdp_X_uw,13,5,2,57,0
20,8,sdp_X_uw,14,5,2,57,0
20,8,sdp_X_uw,15,5,2,57,0
20,8,sdp_X_uw,16,5,2,57,0
20,8,sdp_X_uw,17,5,2,57,0
20,8,sdp_X_uw,18,5,2,57,0
20,8,sdp_X_uw,19,5,2,57,0
20,8,sdp_X_uw,20,5,2,57,0
20,8,lp_xu_plus_xw,0,7,0,57,0
20,8,lp_xu_plus_xw,1,7,0,57,0
20,8,lp_xu_plus_xw,2,7,0,57,0
20,8,lp_xu_plus_xw,3,7,0,57,0
20,8,lp_xu_plus_xw,4,7,0,57,0
20,8,lp_xu_plus_xw,5,7,0,57,0
20,8,lp_xu_plus_xw,6,7,0,57,0
20,8,lp_xu_plus_xw,7,7,0,57,0
20,8,lp_xu_plus_xw,8,7,0,57,0
20,8,lp_xu_plus_xw,9,7,0,57,0
20,8,lp_xu_plus_xw,10,6,1,57,0
20,8,lp_xu_plus_xw,11,6,1,57,0
20,8,lp_xu_plus_xw,12,6,1,57,0
20,8,lp_xu_plus_xw,13,6,1,57,0
20,8,lp_xu_plus_xw,14,6,1,57,0
20,8,lp_xu_plus_xw,15,6,1,57,0
20,8,lp_xu_plus_xw,16,6,1,57,0
20,8,lp_xu_plus_xw,17,6,1,57,0
20,8,lp_xu_plus_xw,18,6,1,57,0
20,8,lp_xu_plus_xw,19,6,1,57,0
20,8,lp_xu_plus_xw,20,6,1,57,0
20,8,hoffman_grad,0,7,0,57,1
20,8,drop_e_max,0,7,0,57,0
20,8,drop_e_max,1,7,0,57,0
20,8,drop_e_max,2,6,1,57,0
20,8,drop_e_max,3,6,1,57,0
20,8,drop_e_max,4,6,1,57,0
20,8,drop_e_max,5,6,1,57,0
20,8,drop_e_max,6,6,1,57,0
20,8,drop_e_max,7,6,1,57,0
20,8,drop_e_max,8,5,2,57,0
20,8,drop_e_max,9,5,2,57,0
20,8,drop_e_max,10,5,2,57,0
20,8,drop_e_max,11,5,2,57,0
20,8,drop_e_max,12,5,2,57,0
20,8,drop_e_max,13,5,2,57,0
20,8,drop_e_max,14,5,2,57,0
20,8,drop_e_max,15,5,2,57,0
20,8,drop_e_max,16,5,2,57,0
20,8,drop_e_max,17,5,2,57,0
20,8,drop_e_max,18,5,2,57,0
20,8,drop_e_max,19,5,2,57,0
20,8,drop_e_max,20,5,2,57,0
20,8,drop_l_hc,0,7,0,57,0
20,8,drop_l_hc,1,7,0,57,0
20,8,drop_l_hc,2,7,0,57,0
20,8,drop_l_hc,3,7,0,57,0
20,8,drop_l_hc,4,7,0,57,0
20,8,drop_l_hc,5,7,0,57,0
20,8,drop_l_hc,6,7,0,57,0
20,8,drop_l_hc,7,7,0,57,0
20,8,drop_l_hc,8,7,0,57,0
20,8,drop_l_hc,9,7,0,57,0
20,8,drop_l_hc,10,7,0,57,0
20,8,drop_l_hc,11,7,0,57,0
20,8,drop_l_hc,12,7,0,57,0
20,8,drop_l_hc,13,7,0,57,0
20,8,drop_l_hc,14,7,0,57,0
20,8,drop_l_hc,15,7,0,57,0
20,8,drop_l_hc,16,7,0,57,0
20,8,drop_l_hc,17,6,1,57,0
20,8,drop_l_hc,18,6,1,57,0
20,8,drop_l_hc,19,6,1,57,0
20,8,drop_l_hc,20,6,1,57,0
20,9,random,0,7,0,57,0
20,9,random,1,7,0,57,0
20,9,random,2,7,0,57,0
20,9,random,3,7,0,57,0
20,9,random,4,7,0,57,0
20,9,random,5,7,0,57,0
20,9,random,6,7,0,57,0
20,9,random,7,7,0,57,0
20,9,random,8,7,0,57,0
20,9,random,9,6,1,57,0
20,9,random,10,6,1,57,0
20,9,random,11,6,1,57,0
20,9,random,12,6,1,57,0
20,9,random,13,6,1,57,0
20,9,random,14,6,1,57,0
20,9,random,15,6,1,57,0
20,9,random,16,6,1,57,0
20,9,random,17,6,1,57,0
20,9,random,18,6,1,57,0
20,9,random,19,6,1,57,0
20,9,random,20,6,1,57,0
20,9,drop_alpha,0,7,0,57,0
20,9,drop_alpha,1,7,0,57,0
20,9,drop_alpha,2,6,1,57,0
20,9,drop_alpha,3,6,1,57,0
20,9,drop_alpha,4,6,1,57,0
20,9,drop_alpha,5,6,1,57,0
20,9,drop_alpha,6,6,1,57,0
20,9,drop_alpha,7,6,1,57,0
20,9,drop_alpha,8,6,1,57,0
20,9,drop_alpha,9,6,1,57,0
20,9,drop_alpha,10,6,1,57,0
20,9,drop_alpha,11,6,1,57,0
20,9,drop_alpha,12,6,1,57,0
20,9,drop_alpha,13,6,1,57,0
20,9,drop_alpha,14,6,1,57,0
20,9,drop_alpha,15,5,2,57,0
20,9,drop_alpha,16,5,2,57,0
20,9,drop_alpha,17,5,2,57,0
20,9,drop_alpha,18,5,2,57,0
20,9,drop_alpha,19,5,2,57,0
20,9,drop_alpha,20,5,2,57,0
20,9,hardcore_comarg,0,7,0,57,0
20,9,hardcore_comarg,1,7,0,57,0
20,9,hardcore_comarg,2,6,1,57,0
20,9,hardcore_comarg,3,6,1,57,0
20,9,hardcore_comarg,4,6,1,57,0
20,9,hardcore_comarg,5,6,1,57,0
20,9,hardcore_comarg,6,5,2,57,0
20,9,hardcore_comarg,7,5,2,57,0
20,9,hardcore_comarg,8,5,2,57,0
20,9,hardcore_comarg,9,5,2,57,0
20,9,hardcore_comarg,10,5,2,57,0
20,9,hardcore_comarg,11,5,2,57,0
20,9,hardcore_comarg,12,5,2,57,0
20,9,hardcore_comarg,13,5,2,57,0
20,9,hardcore_comarg,14,5,2,57,0
20,9,hardcore_comarg,15,5,2,57,0
20,9,hardcore_comarg,16,5,2,57,0
20,9,hardcore_comarg,17,5,2,57,0
20,9,hardcore_comarg,18,5,2,57,0
20,9,hardcore_comarg,19,5,2,57,0
20,9,hardcore_comarg,20,5,2,57,0
20,9,sdp_X_uw,0,7,0,57,0
20,9,sdp_X_uw,1,7,0,57,0
20,9,sdp_X_uw,2,7,0,57,0
20,9,sdp_X_uw,3,6,1,57,0
20,9,sdp_X_uw,4,6,1,57,0
20,9,sdp_X_uw,5,6,1,57,0
20,9,sdp_X_uw,6,5,2,57,0
20,9,sdp_X_uw,7,5,2,57,0
20,9,sdp_X_uw,8,5,2,57,0
20,9,sdp_X_uw,9,5,2,57,0
20,9,sdp_X_uw,10,5,2,57,0
20,9,sdp_X_uw,11,5,2,57,0
20,9,sdp_X_uw,12,5,2,57,0
20,9,sdp_X_uw,13,5,2,57,0
20,9,sdp_X_uw,14,5,2,57,0
20,9,sdp_X_uw,15,5,2,57,0
20,9,sdp_X_uw,16,5,2,57,0
20,9,sdp_X_uw,17,5,2,57,0
20,9,sdp_X_uw,18,5,2,57,0
20,9,sdp_X_uw,19,5,2,57,0
20,9,sdp_X_uw,20,5,2,57,0
20,9,lp_xu_plus_xw,0,7,0,57,0
20,9,lp_xu_plus_xw,1,7,0,57,0
20,9,lp_xu_plus_xw,2,7,0,57,0
20,9,lp_xu_plus_xw,3,6,1,57,0
20,9,lp_xu_plus_xw,4,6,1,57,0
20,9,lp_xu_plus_xw,5,6,1,57,0
20,9,lp_xu_plus_xw,6,6,1,57,0
20,9,lp_xu_plus_xw,7,6,1,57,0
20,9,lp_xu_plus_xw,8,6,1,57,0
20,9,lp_xu_plus_xw,9,6,1,57,0
20,9,lp_xu_plus_xw,10,6,1,57,0
20,9,lp_xu_plus_xw,11,6,1,57,0
20,9,lp_xu_plus_xw,12,5,2,57,0
20,9,lp_xu_plus_xw,13,5,2,57,0
20,9,lp_xu_plus_xw,14,5,2,57,0
20,9,lp_xu_plus_xw,15,5,2,57,0
20,9,lp_xu_plus_xw,16,5,2,57,0
20,9,lp_xu_plus_xw,17,5,2,57,0
20,9,lp_xu_plus_xw,18,5,2,57,0
20,9,lp_xu_plus_xw,19,5,2,57,0
20,9,lp_xu_plus_xw,20,5,2,57,0
20,9,hoffman_grad,0,7,0,57,1
20,9,drop_e_max,0,7,0,57,0
20,9,drop_e_max,1,7,0,57,0
20,9,drop_e_max,2,6,1,57,0
20,9,drop_e_max,3,6,1,57,0
20,9,drop_e_max,4,6,1,57,0
20,9,drop_e_max,5,6,1,57,0
20,9,drop_e_max,6,6,1,57,0
20,9,drop_e_max,7,6,1,57,0
20,9,drop_e_max,8,5,2,57,0
20,9,drop_e_max,9,5,2,57,0
20,9,drop_e_max,10,5,2,57,0
20,9,drop_e_max,11,5,2,57,0
20,9,drop_e_max,12,5,2,57,0
20,9,drop_e_max,13,5,2,57,0
20,9,drop_e_max,14,5,2,57,0
20,9,drop_e_max,15,5,2,57,0
20,9,drop_e_max,16,5,2,57,0
20,9,drop_e_max,17,5,2,57,0
20,9,drop_e_max,18,5,2,57,0
20,9,drop_e_max,19,5,2,57,0
20,9,drop_e_max,20,5,2,57,0
20,9,drop_l_hc,0,7,0,57,0
20,9,drop_l_hc,1,7,0,57,0
20,9,drop_l_hc,2,7,0,57,0
20,9,drop_l_hc,3,6,1,57,0
20,9,drop_l_hc,4,6,1,57,0
20,9,drop_l_hc,5,6,1,57,0
20,9,drop_l_hc,6,6,1,57,0
20,9,drop_l_hc,7,6,1,57,0
20,9,drop_l_hc,8,6,1,57,0
20,9,drop_l_hc,9,6,1,57,0
20,9,drop_l_hc,10,6,1,57,0
20,9,drop_l_hc,11,6,1,57,0
20,9,drop_l_hc,12,6,1,57,0
20,9,drop_l_hc,13,6,1,57,0
20,9,drop_l_hc,14,6,1,57,0
20,9,drop_l_hc,15,6,1,57,0
20,9,drop_l_hc,16,6,1,57,0
20,9,drop_l_hc,17,6,1,57,0
20,9,drop_l_hc,18,6,1,57,0
20,9,drop_l_hc,19,6,1,57,0
20,9,drop_l_hc,20,6,1,57,0
20,10,random,0,7,0,57,0
20,10,random,1,7,0,57,0
20,10,random,2,7,0,57,0
20,10,random,3,7,0,57,0
20,10,random,4,7,0,57,0
20,10,random,5,7,0,57,0
20,10,random,6,7,0,57,0
20,10,random,7,7,0,57,0
20,10,random,8,7,0,57,0
20,10,random,9,7,0,57,0
20,10,random,10,7,0,57,0
20,10,random,11,7,0,57,0
20,10,random,12,7,0,57,0
20,10,random,13,7,0,57,0
20,10,random,14,7,0,57,0
20,10,random,15,7,0,57,0
20,10,random,16,7,0,57,0
20,10,random,17,7,0,57,0
20,10,random,18,7,0,57,0
20,10,random,19,7,0,57,0
20,10,random,20,7,0,57,0
20,10,drop_alpha,0,7,0,57,0
20,10,drop_alpha,1,7,0,57,0
20,10,drop_alpha,2,7,0,57,0
20,10,drop_alpha,3,6,1,57,0
20,10,drop_alpha,4,6,1,57,0
20,10,drop_alpha,5,6,1,57,0
20,10,drop_alpha,6,6,1,57,0
20,10,drop_alpha,7,6,1,57,0
20,10,drop_alpha,8,6,1,57,0
20,10,drop_alpha,9,6,1,57,0
20,10,drop_alpha,10,6,1,57,0
20,10,drop_alpha,11,6,1,57,0
20,10,drop_alpha,12,6,1,57,0
20,10,drop_alpha,13,6,1,57,0
20,10,drop_alpha,14,6,1,57,0
20,10,drop_alpha,15,6,1,57,0
20,10,drop_alpha,16,6,1,57,0
20,10,drop_alpha,17,6,1,57,0
20,10,drop_alpha,18,6,1,57,0
20,10,drop_alpha,19,6,1,57,0
20,10,drop_alpha,20,6,1,57,0
20,10,hardcore_comarg,0,7,0,57,0
20,10,hardcore_comarg,1,7,0,57,0
20,10,hardcore_comarg,2,6,1,57,0
20,10,hardcore_comarg,3,6,1,57,0
20,10,hardcore_comarg,4,6,1,57,0
20,10,hardcore_comarg,5,6,1,57,0
20,10,hardcore_comarg,6,6,1,57,0
20,10,hardcore_comarg,7,5,2,57,0
20,10,hardcore_comarg,8,5,2,57,0
20,10,hardcore_comarg,9,5,2,57,0
20,10,hardcore_comarg,10,5,2,57,0
20,10,hardcore_comarg,11,5,2,57,0
20,10,hardcore_comarg,12,5,2,57,0
20,10,hardcore_comarg,13,5,2,57,0
20,10,hardcore_comarg,14,5,2,57,0
20,10,hardcore_comarg,15,5,2,57,0
20,10,hardcore_comarg,16,5,2,57,0
20,10,hardcore_comarg,17,5,2,57,0
20,10,hardcore_comarg,18,5,2,57,0
20,10,hardcore_comarg,19,5,2,57,0
20,10,hardcore_comarg,20,5,2,57,0
20,10,sdp_X_uw,0,7,0,57,0
20,10,sdp_X_uw,1,7,0,57,0
20,10,sdp_X_uw,2,6,1,57,0
20,10,sdp_X_uw,3,6,1,57,0
20,10,sdp_X_uw,4,6,1,57,0
20,10,sdp_X_uw,5,6,1,57,0
20,10,sdp_X_uw,6,6,1,57,0
20,10,sdp_X_uw,7,6,1,57,0
20,10,sdp_X_uw,8,6,1,57,0
20,10,sdp_X_uw,9,6,1,57,0
20,10,sdp_X_uw,10,6,1,57,0
20,10,sdp_X_uw,11,5,2,57,0
20,10,sdp_X_uw,12,5,2,57,0
20,10,sdp_X_uw,13,5,2,57,0
20,10,sdp_X_uw,14,5,2,57,0
20,10,sdp_X_uw,15,5,2,57,0
20,10,sdp_X_uw,16,5,2,57,0
20,10,sdp_X_uw,17,5,2,57,0
20,10,sdp_X_uw,18,5,2,57,0
20,10,sdp_X_uw,19,5,2,57,0
20,10,sdp_X_uw,20,5,2,57,0
20,10,lp_xu_plus_xw,0,7,0,57,0
20,10,lp_xu_plus_xw,1,7,0,57,0
20,10,lp_xu_plus_xw,2,7,0,57,0
20,10,lp_xu_plus_xw,3,7,0,57,0
20,10,lp_xu_plus_xw,4,7,0,57,0
20,10,lp_xu_plus_xw,5,7,0,57,0
20,10,lp_xu_plus_xw,6,7,0,57,0
20,10,lp_xu_plus_xw,7,7,0,57,0
20,10,lp_xu_plus_xw,8,7,0,57,0
20,10,lp_xu_plus_xw,9,7,0,57,0
20,10,lp_xu_plus_xw,10,7,0,57,0
20,10,lp_xu_plus_xw,11,7,0,57,0
20,10,lp_xu_plus_xw,12,6,1,57,0
20,10,lp_xu_plus_xw,13,6,1,57,0
20,10,lp_xu_plus_xw,14,6,1,57,0
20,10,lp_xu_plus_xw,15,6,1,57,0
20,10,lp_xu_plus_xw,16,6,1,57,0
20,10,lp_xu_plus_xw,17,6,1,57,0
20,10,lp_xu_plus_xw,18,6,1,57,0
20,10,lp_xu_plus_xw,19,6,1,57,0
20,10,lp_xu_plus_xw,20,6,1,57,0
20,10,hoffman_grad,0,7,0,57,1
20,10,drop_e_max,0,7,0,57,0
20,10,drop_e_max,1,7,0,57,0
20,10,drop_e_max,2,6,1,57,0
20,10,drop_e_max,3,6,1,57,0
20,10,drop_e_max,4,6,1,57,0
20,10,drop_e_max,5,6,1,57,0
20,10,drop_e_max,6,6,1,57,0
20,10,drop_e_max,7,6,1,57,0
20,10,drop_e_max,8,6,1,57,0
20,10,drop_e_max,9,5,2,57,0
20,10,drop_e_max,10,5,2,57,0
20,10,drop_e_max,11,5,2,57,0
20,10,drop_e_max,12,5,2,57,0
20,10,drop_e_max,13,5,2,57,0
20,10,drop_e_max,14,5,2,57,0
20,10,drop_e_max,15,5,2,57,0
20,10,drop_e_max,16,5,2,57,0
20,10,drop_e_max,17,5,2,57,0
20,10,drop_e_max,18,5,2,57,0
20,10,drop_e_max,19,5,2,57,0
20,10,drop_e_max,20,5,2,57,0
20,10,drop_l_hc,0,7,0,57,0
20,10,drop_l_hc,1,7,0,57,0
20,10,drop_l_hc,2,7,0,57,0
20,10,drop_l_hc,3,7,0,57,0
20,10,drop_l_hc,4,7,0,57,0
20,10,drop_l_hc,5,7,0,57,0
20,10,drop_l_hc,6,7,0,57,0
20,10,drop_l_hc,7,7,0,57,0
20,10,drop_l_hc,8,7,0,57,0
20,10,drop_l_hc,9,7,0,57,0
20,10,drop_l_hc,10,7,0,57,0
20,10,drop_l_hc,11,7,0,57,0
20,10,drop_l_hc,12,7,0,57,0
20,10,drop_l_hc,13,7,0,57,0
20,10,drop_l_hc,14,7,0,57,0
20,10,drop_l_hc,15,7,0,57,0
20,10,drop_l_hc,16,7,0,57,0
20,10,drop_l_hc,17,7,0,57,0
20,10,drop_l_hc,18,7,0,57,0
20,10,drop_l_hc,19,7,0,57,0
20,10,drop_l_hc,20,7,0,57,0
20,11,random,0,7,0,57,0
20,11,random,1,7,0,57,0
20,11,random,2,7,0,57,0
20,11,random,3,7,0,57,0
20,11,random,4,7,0,57,0
20,11,random,5,7,0,57,0
20,11,random,6,7,0,57,0
20,11,random,7,7,0,57,0
20,11,random,8,7,0,57,0
20,11,random,9,7,0,57,0
20,11,random,10,7,0,57,0
20,11,random,11,7,0,57,0
20,11,random,12,7,0,57,0
20,11,random,13,7,0,57,0
20,11,random,14,7,0,57,0
20,11,random,15,7,0,57,0
20,11,random,16,7,0,57,0
20,11,random,17,7,0,57,0
20,11,random,18,7,0,57,0
20,11,random,19,7,0,57,0
20,11,random,20,7,0,57,0
20,11,drop_alpha,0,7,0,57,0
20,11,drop_alpha,1,7,0,57,0
20,11,drop_alpha,2,6,1,57,0
20,11,drop_alpha,3,6,1,57,0
20,11,drop_alpha,4,6,1,57,0
20,11,drop_alpha,5,6,1,57,0
20,11,drop_alpha,6,6,1,57,0
20,11,drop_alpha,7,6,1,57,0
20,11,drop_alpha,8,6,1,57,0
20,11,drop_alpha,9,6,1,57,0
20,11,drop_alpha,10,6,1,57,0
20,11,drop_alpha,11,6,1,57,0
20,11,drop_alpha,12,6,1,57,0
20,11,drop_alpha,13,6,1,57,0
20,11,drop_alpha,14,6,1,57,0
20,11,drop_alpha,15,6,1,57,0
20,11,drop_alpha,16,6,1,57,0
20,11,drop_alpha,17,6,1,57,0
20,11,drop_alpha,18,6,1,57,0
20,11,drop_alpha,19,6,1,57,0
20,11,drop_alpha,20,6,1,57,0
20,11,hardcore_comarg,0,7,0,57,0
20,11,hardcore_comarg,1,7,0,57,0
20,11,hardcore_comarg,2,6,1,57,0
20,11,hardcore_comarg,3,6,1,57,0
20,11,hardcore_comarg,4,6,1,57,0
20,11,hardcore_comarg,5,6,1,57,0
20,11,hardcore_comarg,6,6,1,57,0
20,11,hardcore_comarg,7,6,1,57,0
20,11,hardcore_comarg,8,5,2,57,0
20,11,hardcore_comarg,9,5,2,57,0
20,11,hardcore_comarg,10,5,2,57,0
20,11,hardcore_comarg,11,5,2,57,0
20,11,hardcore_comarg,12,5,2,57,0
20,11,hardcore_comarg,13,5,2,57,0
20,11,hardcore_comarg,14,5,2,57,0
20,11,hardcore_comarg,15,5,2,57,0
20,11,hardcore_comarg,16,5,2,57,0
20,11,hardcore_comarg,17,5,2,57,0
20,11,hardcore_comarg,18,5,2,57,0
20,11,hardcore_comarg,19,5,2,57,0
20,11,hardcore_comarg,20,5,2,57,0
20,11,sdp_X_uw,0,7,0,57,0
20,11,sdp_X_uw,1,7,0,57,0
20,11,sdp_X_uw,2,6,1,57,0
20,11,sdp_X_uw,3,6,1,57,0
20,11,sdp_X_uw,4,6,1,57,0
20,11,sdp_X_uw,5,6,1,57,0
20,11,sdp_X_uw,6,6,1,57,0
20,11,sdp_X_uw,7,5,2,57,0
20,11,sdp_X_uw,8,5,2,57,0
20,11,sdp_X_uw,9,5,2,57,0
20,11,sdp_X_uw,10,5,2,57,0
20,11,sdp_X_uw,11,5,2,57,0
20,11,sdp_X_uw,12,5,2,57,0
20,11,sdp_X_uw,13,5,2,57,0
20,11,sdp_X_uw,14,5,2,57,0
20,11,sdp_X_uw,15,5,2,57,0
20,11,sdp_X_uw,16,5,2,57,0
20,11,sdp_X_uw,17,5,2,57,0
20,11,sdp_X_uw,18,5,2,57,0
20,11,sdp_X_uw,19,5,2,57,0
20,11,sdp_X_uw,20,5,2,57,0
20,11,lp_xu_plus_xw,0,7,0,57,0
20,11,lp_xu_plus_xw,1,7,0,57,0
20,11,lp_xu_plus_xw,2,7,0,57,0
20,11,lp_xu_plus_xw,3,7,0,57,0
20,11,lp_xu_plus_xw,4,7,0,57,0
20,11,lp_xu_plus_xw,5,7,0,57,0
20,11,lp_xu_plus_xw,6,7,0,57,0
20,11,lp_xu_plus_xw,7,7,0,57,0
20,11,lp_xu_plus_xw,8,7,0,57,0
20,11,lp_xu_plus_xw,9,7,0,57,0
20,11,lp_xu_plus_xw,10,7,0,57,0
20,11,lp_xu_plus_xw,11,6,1,57,0
20,11,lp_xu_plus_xw,12,6,1,57,0
20,11,lp_xu_plus_xw,13,6,1,57,0
20,11,lp_xu_plus_xw,14,6,1,57,0
20,11,lp_xu_plus_xw,15,6,1,57,0
20,11,lp_xu_plus_xw,16,6,1,57,0
20,11,lp_xu_plus_xw,17,6,1,57,0
20,11,lp_xu_plus_xw,18,6,1,57,0
20,11,lp_xu_plus_xw,19,6,1,57,0
20,11,lp_xu_plus_xw,20,5,2,57,0
20,11,hoffman_grad,0,7,0,57,1
20,11,drop_e_max,0,7,0,57,0
20,11,drop_e_max,1,7,0,57,0
20,11,drop_e_max,2,6,1,57,0
20,11,drop_e_max,3,6,1,57,0
20,11,drop_e_max,4,6,1,57,0
20,11,drop_e_max,5,6,1,57,0
20,11,drop_e_max,6,6,1,57,0
20,11,drop_e_max,7,6,1,57,0
20,11,drop_e_max,8,5,2,57,0
20,11,drop_e_max,9,5,2,57,0
20,11,drop_e_max,10,5,2,57,0
20,11,drop_e_max,11,5,2,57,0
20,11,drop_e_max,12,5,2,57,0
20,11,drop_e_max,13,5,2,57,0
20,11,drop_e_max,14,5,2,57,0
20,11,drop_e_max,15,5,2,57,0
20,11,drop_e_max,16,5,2,57,0
20,11,drop_e_max,17,5,2,57,0
20,11,drop_e_max,18,5,2,57,0
20,11,drop_e_max,19,5,2,57,0
20,11,drop_e_max,20,5,2,57,0
20,11,drop_l_hc,0,7,0,57,0
20,11,drop_l_hc,1,7,0,57,0
20,11,drop_l_hc,2,7,0,57,0
20,11,drop_l_hc,3,7,0,57,0
20,11,drop_l_hc,4,7,0,57,0
20,11,drop_l_hc,5,7,0,57,0
20,11,drop_l_hc,6,7,0,57,0
20,11,drop_l_hc,7,7,0,57,0
20,11,drop_l_hc,8,7,0,57,0
20,11,drop_l_hc,9,7,0,57,0
20,11,drop_l_hc,10,7,0,57,0
20,11,drop_l_hc,11,7,0,57,0
20,11,drop_l_hc,12,7,0,57,0
20,11,drop_l_hc,13,6,1,57,0
20,11,drop_l_hc,14,6,1,57,0
20,11,drop_l_hc,15,6,1,57,0
20,11,drop_l_hc,16,6,1,57,0
20,11,drop_l_hc,17,6,1,57,0
20,11,drop_l_hc,18,6,1,57,0
20,11,drop_l_hc,19,6,1,57,0
20,11,drop_l_hc,20,6,1,57,0
20,12,random,0,7,0,57,0
20,12,random,1,7,0,57,0
20,12,random,2,7,0,57,0
20,12,random,3,7,0,57,0
20,12,random,4,7,0,57,0
20,12,random,5,7,0,57,0
20,12,random,6,7,0,57,0
20,12,random,7,7,0,57,0
20,12,random,8,7,0,57,0
20,12,random,9,7,0,57,0
20,12,random,10,7,0,57,0
20,12,random,11,7,0,57,0
20,12,random,12,7,0,57,0
20,12,random,13,6,1,57,0
20,12,random,14,6,1,57,0
20,12,random,15,6,1,57,0
20,12,random,16,6,1,57,0
20,12,random,17,6,1,57,0
20,12,random,18,6,1,57,0
20,12,random,19,6,1,57,0
20,12,random,20,6,1,57,0
20,12,drop_alpha,0,7,0,57,0
20,12,drop_alpha,1,7,0,57,0
20,12,drop_alpha,2,7,0,57,0
20,12,drop_alpha,3,7,0,57,0
20,12,drop_alpha,4,6,1,57,0
20,12,drop_alpha,5,6,1,57,0
20,12,drop_alpha,6,6,1,57,0
20,12,drop_alpha,7,6,1,57,0
20,12,drop_alpha,8,6,1,57,0
20,12,drop_alpha,9,6,1,57,0
20,12,drop_alpha,10,6,1,57,0
20,12,drop_alpha,11,6,1,57,0
20,12,drop_alpha,12,6,1,57,0
20,12,drop_alpha,13,6,1,57,0
20,12,drop_alpha,14,6,1,57,0
20,12,drop_alpha,15,6,1,57,0
20,12,drop_alpha,16,6,1,57,0
20,12,drop_alpha,17,6,1,57,0
20,12,drop_alpha,18,6,1,57,0
20,12,drop_alpha,19,6,1,57,0
20,12,drop_alpha,20,6,1,57,0
20,12,hardcore_comarg,0,7,0,57,0
20,12,hardcore_comarg,1,7,0,57,0
20,12,hardcore_comarg,2,6,1,57,0
20,12,hardcore_comarg,3,6,1,57,0
20,12,hardcore_comarg,4,6,1,57,0
20,12,hardcore_comarg,5,6,1,57,0
20,12,hardcore_comarg,6,6,1,57,0
20,12,hardcore_comarg,7,6,1,57,0
20,12,hardcore_comarg,8,6,1,57,0
20,12,hardcore_comarg,9,5,2,57,0
20,12,hardcore_comarg,10,5,2,57,0
20,12,hardcore_comarg,11,5,2,57,0
20,12,hardcore_comarg,12,5,2,57,0
20,12,hardcore_comarg,13,5,2,57,0
20,12,hardcore_comarg,14,5,2,57,0
20,12,hardcore_comarg,15,5,2,57,0
20,12,hardcore_comarg,16,5,2,57,0
20,12,hardcore_comarg,17,5,2,57,0
20,12,hardcore_comarg,18,5,2,57,0
20,12,hardcore_comarg,19,5,2,57,0
20,12,hardcore_comarg,20,5,2,57,0
20,12,sdp_X_uw,0,7,0,57,0
20,12,sdp_X_uw,1,7,0,57,0
20,12,sdp_X_uw,2,6,1,57,0
20,12,sdp_X_uw,3,6,1,57,0
20,12,sdp_X_uw,4,6,1,57,0
20,12,sdp_X_uw,5,6,1,57,0
20,12,sdp_X_uw,6,6,1,57,0
20,12,sdp_X_uw,7,6,1,57,0
20,12,sdp_X_uw,8,6,1,57,0
20,12,sdp_X_uw,9,6,1,57,0
20,12,sdp_X_uw,10,5,2,57,0
20,12,sdp_X_uw,11,5,2,57,0
20,12,sdp_X_uw,12,5,2,57,0
20,12,sdp_X_uw,13,5,2,57,0
20,12,sdp_X_uw,14,5,2,57,0
20,12,sdp_X_uw,15,5,2,57,0
20,12,sdp_X_uw,16,5,2,57,0
20,12,sdp_X_uw,17,5,2,57,0
20,12,sdp_X_uw,18,5,2,57,0
20,12,sdp_X_uw,19,5,2,57,0
20,12,sdp_X_uw,20,5,2,57,0
20,12,lp_xu_plus_xw,0,7,0,57,0
20,12,lp_xu_plus_xw,1,7,0,57,0
20,12,lp_xu_plus_xw,2,6,1,57,0
20,12,lp_xu_plus_xw,3,6,1,57,0
20,12,lp_xu_plus_xw,4,6,1,57,0
20,12,lp_xu_plus_xw,5,6,1,57,0
20,12,lp_xu_plus_xw,6,6,1,57,0
20,12,lp_xu_plus_xw,7,6,1,57,0
20,12,lp_xu_plus_xw,8,6,1,57,0
20,12,lp_xu_plus_xw,9,6,1,57,0
20,12,lp_xu_plus_xw,10,6,1,57,0
20,12,lp_xu_plus_xw,11,6,1,57,0
20,12,lp_xu_plus_xw,12,6,1,57,0
20,12,lp_xu_plus_xw,13,6,1,57,0
20,12,lp_xu_plus_xw,14,6,1,57,0
20,12,lp_xu_plus_xw,15,6,1,57,0
20,12,lp_xu_plus_xw,16,6,1,57,0
20,12,lp_xu_plus_xw,17,6,1,57,0
20,12,lp_xu_plus_xw,18,6,1,57,0
20,12,lp_xu_plus_xw,19,6,1,57,0
20,12,lp_xu_plus_xw,20,6,1,57,0
20,12,hoffman_grad,0,7,0,57,1
20,12,drop_e_max,0,7,0,57,0
20,12,drop_e_max,1,7,0,57,0
20,12,drop_e_max,2,6,1,57,0
20,12,drop_e_max,3,6,1,57,0
20,12,drop_e_max,4,6,1,57,0
20,12,drop_e_max,5,6,1,57,0
20,12,drop_e_max,6,6,1,57,0
20,12,drop_e_max,7,6,1,57,0
20,12,drop_e_max,8,5,2,57,0
20,12,drop_e_max,9,5,2,57,0
20,12,drop_e_max,10,5,2,57,0
20,12,drop_e_max,11,5,2,57,0
20,12,drop_e_max,12,5,2,57,0
20,12,drop_e_max,13,5,2,57,0
20,12,drop_e_max,14,5,2,57,0
20,12,drop_e_max,15,5,2,57,0
20,12,drop_e_max,16,5,2,57,0
20,12,drop_e_max,17,5,2,57,0
20,12,drop_e_max,18,5,2,57,0
20,12,drop_e_max,19,5,2,57,0
20,12,drop_e_max,20,5,2,57,0
20,12,drop_l_hc,0,7,0,57,0
20,12,drop_l_hc,1,7,0,57,0
20,12,drop_l_hc,2,7,0,57,0
20,12,drop_l_hc,3,7,0,57,0
20,12,drop_l_hc,4,7,0,57,0
20,12,drop_l_hc,5,7,0,57,0
20,12,drop_l_hc,6,7,0,57,0
20,12,drop_l_hc,7,7,0,57,0
20,12,drop_l_hc,8,7,0,57,0
20,12,drop_l_hc,9,7,0,57,0
20,12,drop_l_hc,10,7,0,57,0
20,12,drop_l_hc,11,7,0,57,0
20,12,drop_l_hc,12,7,0,57,0
20,12,drop_l_hc,13,7,0,57,0
20,12,drop_l_hc,14,7,0,57,0
20,12,drop_l_hc,15,7,0,57,0
20,12,drop_l_hc,16,7,0,57,0
20,12,drop_l_hc,17,7,0,57,0
20,12,drop_l_hc,18,7,0,57,0
20,12,drop_l_hc,19,7,0,57,0
20,12,drop_l_hc,20,7,0,57,0
20,13,random,0,7,0,57,0
20,13,random,1,7,0,57,0
20,13,random,2,7,0,57,0
20,13,random,3,7,0,57,0
20,13,random,4,7,0,57,0
20,13,random,5,7,0,57,0
20,13,random,6,7,0,57,0
20,13,random,7,7,0,57,0
20,13,random,8,7,0,57,0
20,13,random,9,7,0,57,0
20,13,random,10,7,0,57,0
20,13,random,11,7,0,57,0
20,13,random,12,7,0,57,0
20,13,random,13,7,0,57,0
20,13,random,14,7,0,57,0
20,13,random,15,7,0,57,0
20,13,random,16,7,0,57,0
20,13,random,17,7,0,57,0
20,13,random,18,7,0,57,0
20,13,random,19,7,0,57,0
20,13,random,20,7,0,57,0
20,13,drop_alpha,0,7,0,57,0
20,13,drop_alpha,1,7,0,57,0
20,13,drop_alpha,2,7,0,57,0
20,13,drop_alpha,3,6,1,57,0
20,13,drop_alpha,4,6,1,57,0
20,13,drop_alpha,5,6,1,57,0
20,13,drop_alpha,6,6,1,57,0
20,13,drop_alpha,7,6,1,57,0
20,13,drop_alpha,8,6,1,57,0
20,13,drop_alpha,9,6,1,57,0
20,13,drop_alpha,10,6,1,57,0
20,13,drop_alpha,11,6,1,57,0
20,13,drop_alpha,12,6,1,57,0
20,13,drop_alpha,13,6,1,57,0
20,13,drop_alpha,14,6,1,57,0
20,13,drop_alpha,15,6,1,57,0
20,13,drop_alpha,16,6,1,57,0
20,13,drop_alpha,17,6,1,57,0
20,13,drop_alpha,18,6,1,57,0
20,13,drop_alpha,19,6,1,57,0
20,13,drop_alpha,20,6,1,57,0
20,13,hardcore_comarg,0,7,0,57,0
20,13,hardcore_comarg,1,7,0,57,0
20,13,hardcore_comarg,2,6,1,57,0
20,13,hardcore_comarg,3,6,1,57,0
20,13,hardcore_comarg,4,6,1,57,0
20,13,hardcore_comarg,5,6,1,57,0
20,13,hardcore_comarg,6,6,1,57,0
20,13,hardcore_comarg,7,6,1,57,0
20,13,hardcore_comarg,8,5,2,57,0
20,13,hardcore_comarg,9,5,2,57,0
20,13,hardcore_comarg,10,5,2,57,0
20,13,hardcore_comarg,11,5,2,57,0
20,13,hardcore_comarg,12,5,2,57,0
20,13,hardcore_comarg,13,5,2,57,0
20,13,hardcore_comarg,14,5,2,57,0
20,13,hardcore_comarg,15,5,2,57,0
20,13,hardcore_comarg,16,5,2,57,0
20,13,hardcore_comarg,17,5,2,57,0
20,13,hardcore_comarg,18,5,2,57,0
20,13,hardcore_comarg,19,5,2,57,0
20,13,hardcore_comarg,20,5,2,57,0
20,13,sdp_X_uw,0,7,0,57,0
20,13,sdp_X_uw,1,7,0,57,0
20,13,sdp_X_uw,2,6,1,57,0
20,13,sdp_X_uw,3,6,1,57,0
20,13,sdp_X_uw,4,6,1,57,0
20,13,sdp_X_uw,5,6,1,57,0
20,13,sdp_X_uw,6,6,1,57,0
20,13,sdp_X_uw,7,6,1,57,0
20,13,sdp_X_uw,8,6,1,57,0
20,13,sdp_X_uw,9,5,2,57,0
20,13,sdp_X_uw,10,5,2,57,0
20,13,sdp_X_uw,11,5,2,57,0
20,13,sdp_X_uw,12,5,2,57,0
20,13,sdp_X_uw,13,5,2,57,0
20,13,sdp_X_uw,14,5,2,57,0
20,13,sdp_X_uw,15,5,2,57,0
20,13,sdp_X_uw,16,5,2,57,0
20,13,sdp_X_uw,17,5,2,57,0
20,13,sdp_X_uw,18,5,2,57,0
20,13,sdp_X_uw,19,5,2,57,0
20,13,sdp_X_uw,20,5,2,57,0
20,13,lp_xu_plus_xw,0,7,0,57,0
20,13,lp_xu_plus_xw,1,7,0,57,0
20,13,lp_xu_plus_xw,2,7,0,57,0
20,13,lp_xu_plus_xw,3,7,0,57,0
20,13,lp_xu_plus_xw,4,7,0,57,0
20,13,lp_xu_plus_xw,5,6,1,57,0
20,13,lp_xu_plus_xw,6,6,1,57,0
20,13,lp_xu_plus_xw,7,6,1,57,0
20,13,lp_xu_plus_xw,8,6,1,57,0
20,13,lp_xu_plus_xw,9,6,1,57,0
20,13,lp_xu_plus_xw,10,6,1,57,0
20,13,lp_xu_plus_xw,11,6,1,57,0
20,13,lp_xu_plus_xw,12,6,1,57,0
20,13,lp_xu_plus_xw,13,6,1,57,0
20,13,lp_xu_plus_xw,14,6,1,57,0
20,13,lp_xu_plus_xw,15,6,1,57,0
20,13,lp_xu_plus_xw,16,6,1,57,0
20,13,lp_xu_plus_xw,17,6,1,57,0
20,13,lp_xu_plus_xw,18,6,1,57,0
20,13,lp_xu_plus_xw,19,6,1,57,0
20,13,lp_xu_plus_xw,20,6,1,57,0
20,13,hoffman_grad,0,7,0,57,1
20,13,drop_e_max,0,7,0,57,0
20,13,drop_e_max,1,7,0,57,0
20,13,drop_e_max,2,6,1,57,0
20,13,drop_e_max,3,6,1,57,0
20,13,drop_e_max,4,6,1,57,0
20,13,drop_e_max,5,6,1,57,0
20,13,drop_e_max,6,6,1,57,0
20,13,drop_e_max,7,6,1,57,0
20,13,drop_e_max,8,5,2,57,0
20,13,drop_e_max,9,5,2,57,0
20,13,drop_e_max,10,5,2,57,0
20,13,drop_e_max,11,5,2,57,0
20,13,drop_e_max,12,5,2,57,0
20,13,drop_e_max,13,5,2,57,0
20,13,drop_e_max,14,5,2,57,0
20,13,drop_e_max,15,5,2,57,0
20,13,drop_e_max,16,5,2,57,0
20,13,drop_e_max,17,5,2,57,0
20,13,drop_e_max,18,5,2,57,0
20,13,drop_e_max,19,5,2,57,0
20,13,drop_e_max,20,5,2,57,0
20,13,drop_l_hc,0,7,0,57,0
20,13,drop_l_hc,1,7,0,57,0
20,13,drop_l_hc,2,7,0,57,0
20,13,drop_l_hc,3,7,0,57,0
20,13,drop_l_hc,4,7,0,57,0
20,13,drop_l_hc,5,7,0,57,0
20,13,drop_l_hc,6,7,0,57,0
20,13,drop_l_hc,7,7,0,57,0
20,13,drop_l_hc,8,7,0,57,0
20,13,drop_l_hc,9,7,0,57,0
20,13,drop_l_hc,10,7,0,57,0
20,13,drop_l_hc,11,7,0,57,0
20,13,drop_l_hc,12,7,0,57,0
20,13,drop_l_hc,13,7,0,57,0
20,13,drop_l_hc,14,7,0,57,0
20,13,drop_l_hc,15,7,0,57,0
20,13,drop_l_hc,16,7,0,57,0
20,13,drop_l_hc,17,7,0,57,0
20,13,drop_l_hc,18,7,0,57,0
20,13,drop_l_hc,19,7,0,57,0
20,13,drop_l_hc,20,7,0,57,0
20,14,random,0,7,0,57,0
20,14,random,1,7,0,57,0
20,14,random,2,7,0,57,0
20,14,random,3,7,0,57,0
20,14,random,4,7,0,57,0
20,14,random,5,7,0,57,0
20,14,random,6,7,0,57,0
20,14,random,7,7,0,57,0
20,14,random,8,6,1,57,0
20,14,random,9,6,1,57,0
20,14,random,10,6,1,57,0
20,14,random,11,6,1,57,0
20,14,random,12,6,1,57,0
20,14,random,13,6,1,57,0
20,14,random,14,6,1,57,0
20,14,random,15,6,1,57,0
20,14,random,16,6,1,57,0
20,14,random,17,5,2,57,0
20,14,random,18,5,2,57,0
20,14,random,19,5,2,57,0
20,14,random,20,5,2,57,0
20,14,drop_alpha,0,7,0,57,0
20,14,drop_alpha,1,7,0,57,0
20,14,drop_alpha,2,6,1,57,0
20,14,drop_alpha,3,6,1,57,0
20,14,drop_alpha,4,6,1,57,0
20,14,drop_alpha,5,6,1,57,0
20,14,drop_alpha,6,6,1,57,0
20,14,drop_alpha,7,6,1,57,0
20,14,drop_alpha,8,6,1,57,0
20,14,drop_alpha,9,6,1,57,0
20,14,drop_alpha,10,6,1,57,0
20,14,drop_alpha,11,6,1,57,0
20,14,drop_alpha,12,6,1,57,0
20,14,drop_alpha,13,6,1,57,0
20,14,drop_alpha,14,6,1,57,0
20,14,drop_alpha,15,6,1,57,0
20,14,drop_alpha,16,6,1,57,0
20,14,drop_alpha,17,5,2,57,0
20,14,drop_alpha,18,5,2,57,0
20,14,drop_alpha,19,5,2,57,0
20,14,drop_alpha,20,5,2,57,0
20,14,hardcore_comarg,0,7,0,57,0
20,14,hardcore_comarg,1,7,0,57,0
20,14,hardcore_comarg,2,6,1,57,0
20,14,hardcore_comarg,3,6,1,57,0
20,14,hardcore_comarg,4,6,1,57,0
20,14,hardcore_comarg,5,6,1,57,0
20,14,hardcore_comarg,6,6,1,57,0
20,14,hardcore_comarg,7,6,1,57,0
20,14,hardcore_comarg,8,5,2,57,0
20,14,hardcore_comarg,9,5,2,57,0
20,14,hardcore_comarg,10,5,2,57,0
20,14,hardcore_comarg,11,5,2,57,0
20,14,hardcore_comarg,12,5,2,57,0
20,14,hardcore_comarg,13,5,2,57,0
20,14,hardcore_comarg,14,5,2,57,0
20,14,hardcore_comarg,15,5,2,57,0
20,14,hardcore_comarg,16,5,2,57,0
20,14,hardcore_comarg,17,5,2,57,0
20,14,hardcore_comarg,18,5,2,57,0
20,14,hardcore_comarg,19,5,2,57,0
20,14,hardcore_comarg,20,5,2,57,0
20,14,sdp_X_uw,0,7,0,57,0
20,14,sdp_X_uw,1,7,0,57,0
20,14,sdp_X_uw,2,6,1,57,0
20,14,sdp_X_uw,3,6,1,57,0
20,14,sdp_X_uw,4,6,1,57,0
20,14,sdp_X_uw,5,6,1,57,0
20,14,sdp_X_uw,6,6,1,57,0
20,14,sdp_X_uw,7,6,1,57,0
20,14,sdp_X_uw,8,5,2,57,0
20,14,sdp_X_uw,9,5,2,57,0
20,14,sdp_X_uw,10,5,2,57,0
20,14,sdp_X_uw,11,5,2,57,0
20,14,sdp_X_uw,12,5,2,57,0
20,14,sdp_X_uw,13,5,2,57,0
20,14,sdp_X_uw,14,5,2,57,0
20,14,sdp_X_uw,15,5,2,57,0
20,14,sdp_X_uw,16,5,2,57,0
20,14,sdp_X_uw,17,5,2,57,0
20,14,sdp_X_uw,18,5,2,57,0
20,14,sdp_X_uw,19,5,2,57,0
20,14,sdp_X_uw,20,5,2,57,0
20,14,lp_xu_plus_xw,0,7,0,57,0
20,14,lp_xu_plus_xw,1,7,0,57,0
20,14,lp_xu_plus_xw,2,7,0,57,0
20,14,lp_xu_plus_xw,3,7,0,57,0
20,14,lp_xu_plus_xw,4,7,0,57,0
20,14,lp_xu_plus_xw,5,7,0,57,0
20,14,lp_xu_plus_xw,6,7,0,57,0
20,14,lp_xu_plus_xw,7,7,0,57,0
20,14,lp_xu_plus_xw,8,6,1,57,0
20,14,lp_xu_plus_xw,9,6,1,57,0
20,14,lp_xu_plus_xw,10,6,1,57,0
20,14,lp_xu_plus_xw,11,6,1,57,0
20,14,lp_xu_plus_xw,12,6,1,57,0
20,14,lp_xu_plus_xw,13,6,1,57,0
20,14,lp_xu_plus_xw,14,6,1,57,0
20,14,lp_xu_plus_xw,15,6,1,57,0
20,14,lp_xu_plus_xw,16,6,1,57,0
20,14,lp_xu_plus_xw,17,6,1,57,0
20,14,lp_xu_plus_xw,18,5,2,57,0
20,14,lp_xu_plus_xw,19,5,2,57,0
20,14,lp_xu_plus_xw,20,5,2,57,0
20,14,hoffman_grad,0,7,0,57,1
20,14,drop_e_max,0,7,0,57,0
20,14,drop_e_max,1,7,0,57,0
20,14,drop_e_max,2,6,1,57,0
20,14,drop_e_max,3,6,1,57,0
20,14,drop_e_max,4,6,1,57,0
20,14,drop_e_max,5,6,1,57,0
20,14,drop_e_max,6,6,1,57,0
20,14,drop_e_max,7,6,1,57,0
20,14,drop_e_max,8,6,1,57,0
20,14,drop_e_max,9,5,2,57,0
20,14,drop_e_max,10,5,2,57,0
20,14,drop_e_max,11,5,2,57,0
20,14,drop_e_max,12,5,2,57,0
20,14,drop_e_max,13,5,2,57,0
20,14,drop_e_max,14,5,2,57,0
20,14,drop_e_max,15,5,2,57,0
20,14,drop_e_max,16,5,2,57,0
20,14,drop_e_max,17,5,2,57,0
20,14,drop_e_max,18,5,2,57,0
20,14,drop_e_max,19,5,2,57,0
20,14,drop_e_max,20,5,2,57,0
20,14,drop_l_hc,0,7,0,57,0
20,14,drop_l_hc,1,7,0,57,0
20,14,drop_l_hc,2,7,0,57,0
20,14,drop_l_hc,3,7,0,57,0
20,14,drop_l_hc,4,7,0,57,0
20,14,drop_l_hc,5,7,0,57,0
20,14,drop_l_hc,6,6,1,57,0
20,14,drop_l_hc,7,6,1,57,0
20,14,drop_l_hc,8,6,1,57,0
20,14,drop_l_hc,9,6,1,57,0
20,14,drop_l_hc,10,6,1,57,0
20,14,drop_l_hc,11,6,1,57,0
20,14,drop_l_hc,12,6,1,57,0
20,14,drop_l_hc,13,6,1,57,0
20,14,drop_l_hc,14,6,1,57,0
20,14,drop_l_hc,15,6,1,57,0
20,14,drop_l_hc,16,6,1,57,0
20,14,drop_l_hc,17,6,1,57,0
20,14,drop_l_hc,18,6,1,57,0
20,14,drop_l_hc,19,6,1,57,0
20,14,drop_l_hc,20,6,1,57,0
20,15,random,0,7,0,57,0
20,15,random,1,7,0,57,0
20,15,random,2,7,0,57,0
20,15,random,3,7,0,57,0
20,15,random,4,7,0,57,0
20,15,random,5,7,0,57,0
20,15,random,6,7,0,57,0
20,15,random,7,7,0,57,0
20,15,random,8,7,0,57,0
20,15,random,9,7,0,57,0
20,15,random,10,7,0,57,0
20,15,random,11,7,0,57,0
20,15,random,12,7,0,57,0
20,15,random,13,7,0,57,0
20,15,random,14,7,0,57,0
20,15,random,15,7,0,57,0
20,15,random,16,7,0,57,0
20,15,random,17,7,0,57,0
20,15,random,18,7,0,57,0
20,15,random,19,7,0,57,0
20,15,random,20,6,1,57,0
20,15,drop_alpha,0,7,0,57,0
20,15,drop_alpha,1,7,0,57,0
20,15,drop_alpha,2,7,0,57,0
20,15,drop_alpha,3,6,1,57,0
20,15,drop_alpha,4,6,1,57,0
20,15,drop_alpha,5,6,1,57,0
20,15,drop_alpha,6,6,1,57,0
20,15,drop_alpha,7,6,1,57,0
20,15,drop_alpha,8,6,1,57,0
20,15,drop_alpha,9,6,1,57,0
20,15,drop_alpha,10,6,1,57,0
20,15,drop_alpha,11,6,1,57,0
20,15,drop_alpha,12,6,1,57,0
20,15,drop_alpha,13,6,1,57,0
20,15,drop_alpha,14,6,1,57,0
20,15,drop_alpha,15,6,1,57,0
20,15,drop_alpha,16,6,1,57,0
20,15,drop_alpha,17,6,1,57,0
20,15,drop_alpha,18,6,1,57,0
20,15,drop_alpha,19,6,1,57,0
20,15,drop_alpha,20,5,2,57,0
20,15,hardcore_comarg,0,7,0,57,0
20,15,hardcore_comarg,1,7,0,57,0
20,15,hardcore_comarg,2,7,0,57,0
20,15,hardcore_comarg,3,6,1,57,0
20,15,hardcore_comarg,4,6,1,57,0
20,15,hardcore_comarg,5,6,1,57,0
20,15,hardcore_comarg,6,6,1,57,0
20,15,hardcore_comarg,7,6,1,57,0
20,15,hardcore_comarg,8,6,1,57,0
20,15,hardcore_comarg,9,5,2,57,0
20,15,hardcore_comarg,10,5,2,57,0
20,15,hardcore_comarg,11,5,2,57,0
20,15,hardcore_comarg,12,5,2,57,0
20,15,hardcore_comarg,13,5,2,57,0
20,15,hardcore_comarg,14,5,2,57,0
20,15,hardcore_comarg,15,5,2,57,0
20,15,hardcore_comarg,16,5,2,57,0
20,15,hardcore_comarg,17,5,2,57,0
20,15,hardcore_comarg,18,5,2,57,0
20,15,hardcore_comarg,19,5,2,57,0
20,15,hardcore_comarg,20,5,2,57,0
20,15,sdp_X_uw,0,7,0,57,0
20,15,sdp_X_uw,1,7,0,57,0
20,15,sdp_X_uw,2,6,1,57,0
20,15,sdp_X_uw,3,6,1,57,0
20,15,sdp_X_uw,4,6,1,57,0
20,15,sdp_X_uw,5,6,1,57,0
20,15,sdp_X_uw,6,6,1,57,0
20,15,sdp_X_uw,7,6,1,57,0
20,15,sdp_X_uw,8,6,1,57,0
20,15,sdp_X_uw,9,5,2,57,0
20,15,sdp_X_uw,10,5,2,57,0
20,15,sdp_X_uw,11,5,2,57,0
20,15,sdp_X_uw,12,5,2,57,0
20,15,sdp_X_uw,13,5,2,57,0
20,15,sdp_X_uw,14,5,2,57,0
20,15,sdp_X_uw,15,5,2,57,0
20,15,sdp_X_uw,16,5,2,57,0
20,15,sdp_X_uw,17,5,2,57,0
20,15,sdp_X_uw,18,5,2,57,0
20,15,sdp_X_uw,19,5,2,57,0
20,15,sdp_X_uw,20,5,2,57,0
20,15,lp_xu_plus_xw,0,7,0,57,0
20,15,lp_xu_plus_xw,1,7,0,57,0
20,15,lp_xu_plus_xw,2,7,0,57,0
20,15,lp_xu_plus_xw,3,6,1,57,0
20,15,lp_xu_plus_xw,4,6,1,57,0
20,15,lp_xu_plus_xw,5,6,1,57,0
20,15,lp_xu_plus_xw,6,6,1,57,0
20,15,lp_xu_plus_xw,7,6,1,57,0
20,15,lp_xu_plus_xw,8,6,1,57,0
20,15,lp_xu_plus_xw,9,6,1,57,0
20,15,lp_xu_plus_xw,10,6,1,57,0
20,15,lp_xu_plus_xw,11,6,1,57,0
20,15,lp_xu_plus_xw,12,6,1,57,0
20,15,lp_xu_plus_xw,13,6,1,57,0
20,15,lp_xu_plus_xw,14,6,1,57,0
20,15,lp_xu_plus_xw,15,6,1,57,0
20,15,lp_xu_plus_xw,16,6,1,57,0
20,15,lp_xu_plus_xw,17,6,1,57,0
20,15,lp_xu_plus_xw,18,6,1,57,0
20,15,lp_xu_plus_xw,19,6,1,57,0
20,15,lp_xu_plus_xw,20,6,1,57,0
20,15,hoffman_grad,0,7,0,57,1
20,15,drop_e_max,0,7,0,57,0
20,15,drop_e_max,1,7,0,57,0
20,15,drop_e_max,2,6,1,57,0
20,15,drop_e_max,3,6,1,57,0
20,15,drop_e_max,4,6,1,57,0
20,15,drop_e_max,5,6,1,57,0
20,15,drop_e_max,6,6,1,57,0
20,15,drop_e_max,7,6,1,57,0
20,15,drop_e_max,8,6,1,57,0
20,15,drop_e_max,9,5,2,57,0
20,15,drop_e_max,10,5,2,57,0
20,15,drop_e_max,11,5,2,57,0
20,15,drop_e_max,12,5,2,57,0
20,15,drop_e_max,13,5,2,57,0
20,15,drop_e_max,14,5,2,57,0
20,15,drop_e_max,15,5,2,57,0
20,15,drop_e_max,16,5,2,57,0
20,15,drop_e_max,17,5,2,57,0
20,15,drop_e_max,18,5,2,57,0
20,15,drop_e_max,19,5,2,57,0
20,15,drop_e_max,20,5,2,57,0
20,15,drop_l_hc,0,7,0,57,0
20,15,drop_l_hc,1,7,0,57,0
20,15,drop_l_hc,2,7,0,57,0
20,15,drop_l_hc,3,7,0,57,0
20,15,drop_l_hc,4,6,1,57,0
20,15,drop_l_hc,5,6,1,57,0
20,15,drop_l_hc,6,6,1,57,0
20,15,drop_l_hc,7,6,1,57,0
20,15,drop_l_hc,8,6,1,57,0
20,15,drop_l_hc,9,6,1,57,0
20,15,drop_l_hc,10,6,1,57,0
20,15,drop_l_hc,11,6,1,57,0
20,15,drop_l_hc,12,6,1,57,0
20,15,drop_l_hc,13,6,1,57,0
20,15,drop_l_hc,14,6,1,57,0
20,15,drop_l_hc,15,6,1,57,0
20,15,drop_l_hc,16,6,1,57,0
20,15,drop_l_hc,17,6,1,57,0
20,15,drop_l_hc,18,6,1,57,0
20,15,drop_l_hc,19,6,1,57,0
20,15,drop_l_hc,20,6,1,57,0
20,16,random,0,7,0,57,0
20,16,random,1,7,0,57,0
20,16,random,2,7,0,57,0
20,16,random,3,7,0,57,0
20,16,random,4,7,0,57,0
20,16,random,5,6,1,57,0
20,16,random,6,6,1,57,0
20,16,random,7,6,1,57,0
20,16,random,8,6,1,57,0
20,16,random,9,6,1,57,0
20,16,random,10,6,1,57,0
20,16,random,11,5,2,57,0
20,16,random,12,5,2,57,0
20,16,random,13,5,2,57,0
20,16,random,14,5,2,57,0
20,16,random,15,5,2,57,0
20,16,random,16,5,2,57,0
20,16,random,17,5,2,57,0
20,16,random,18,5,2,57,0
20,16,random,19,5,2,57,0
20,16,random,20,5,2,57,0
20,16,drop_alpha,0,7,0,57,0
20,16,drop_alpha,1,7,0,57,0
20,16,drop_alpha,2,7,0,57,0
20,16,drop_alpha,3,7,0,57,0
20,16,drop_alpha,4,7,0,57,0
20,16,drop_alpha,5,6,1,57,0
20,16,drop_alpha,6,6,1,57,0
20,16,drop_alpha,7,6,1,57,0
20,16,drop_alpha,8,6,1,57,0
20,16,drop_alpha,9,6,1,57,0
20,16,drop_alpha,10,6,1,57,0
20,16,drop_alpha,11,6,1,57,0
20,16,drop_alpha,12,6,1,57,0
20,16,drop_alpha,13,6,1,57,0
20,16,drop_alpha,14,6,1,57,0
20,16,drop_alpha,15,5,2,57,0
20,16,drop_alpha,16,5,2,57,0
20,16,drop_alpha,17,5,2,57,0
20,16,drop_alpha,18,5,2,57,0
20,16,drop_alpha,19,5,2,57,0
20,16,drop_alpha,20,5,2,57,0
20,16,hardcore_comarg,0,7,0,57,0
20,16,hardcore_comarg,1,7,0,57,0
20,16,hardcore_comarg,2,6,1,57,0
20,16,hardcore_comarg,3,6,1,57,0
20,16,hardcore_comarg,4,6,1,57,0
20,16,hardcore_comarg,5,6,1,57,0
20,16,hardcore_comarg,6,5,2,57,0
20,16,hardcore_comarg,7,5,2,57,0
20,16,hardcore_comarg,8,5,2,57,0
20,16,hardcore_comarg,9,5,2,57,0
20,16,hardcore_comarg,10,5,2,57,0
20,16,hardcore_comarg,11,5,2,57,0
20,16,hardcore_comarg,12,5,2,57,0
20,16,hardcore_comarg,13,5,2,57,0
20,16,hardcore_comarg,14,5,2,57,0
20,16,hardcore_comarg,15,5,2,57,0
20,16,hardcore_comarg,16,5,2,57,0
20,16,hardcore_comarg,17,5,2,57,0
20,16,hardcore_comarg,18,5,2,57,0
20,16,hardcore_comarg,19,5,2,57,0
20,16,hardcore_comarg,20,5,2,57,0
20,16,sdp_X_uw,0,7,0,57,0
20,16,sdp_X_uw,1,7,0,57,0
20,16,sdp_X_uw,2,6,1,57,0
20,16,sdp_X_uw,3,6,1,57,0
20,16,sdp_X_uw,4,6,1,57,0
20,16,sdp_X_uw,5,6,1,57,0
20,16,sdp_X_uw,6,6,1,57,0
20,16,sdp_X_uw,7,5,2,57,0
20,16,sdp_X_uw,8,5,2,57,0
20,16,sdp_X_uw,9,5,2,57,0
20,16,sdp_X_uw,10,5,2,57,0
20,16,sdp_X_uw,11,5,2,57,0
20,16,sdp_X_uw,12,5,2,57,0
20,16,sdp_X_uw,13,5,2,57,0
20,16,sdp_X_uw,14,5,2,57,0
20,16,sdp_X_uw,15,5,2,57,0
20,16,sdp_X_uw,16,5,2,57,0
20,16,sdp_X_uw,17,5,2,57,0
20,16,sdp_X_uw,18,5,2,57,0
20,16,sdp_X_uw,19,5,2,57,0
20,16,sdp_X_uw,20,5,2,57,0
20,16,lp_xu_plus_xw,0,7,0,57,0
20,16,lp_xu_plus_xw,1,7,0,57,0
20,16,lp_xu_plus_xw,2,7,0,57,0
20,16,lp_xu_plus_xw,3,7,0,57,0
20,16,lp_xu_plus_xw,4,7,0,57,0
20,16,lp_xu_plus_xw,5,7,0,57,0
20,16,lp_xu_plus_xw,6,7,0,57,0
20,16,lp_xu_plus_xw,7,7,0,57,0
20,16,lp_xu_plus_xw,8,7,0,57,0
20,16,lp_xu_plus_xw,9,7,0,57,0
20,16,lp_xu_plus_xw,10,7,0,57,0
20,16,lp_xu_plus_xw,11,7,0,57,0
20,16,lp_xu_plus_xw,12,7,0,57,0
20,16,lp_xu_plus_xw,13,7,0,57,0
20,16,lp_xu_plus_xw,14,7,0,57,0
20,16,lp_xu_plus_xw,15,7,0,57,0
20,16,lp_xu_plus_xw,16,7,0,57,0
20,16,lp_xu_plus_xw,17,7,0,57,0
20,16,lp_xu_plus_xw,18,7,0,57,0
20,16,lp_xu_plus_xw,19,6,1,57,0
20,16,lp_xu_plus_xw,20,6,1,57,0
20,16,hoffman_grad,0,7,0,57,1
20,16,drop_e_max,0,7,0,57,0
20,16,drop_e_max,1,7,0,57,0
20,16,drop_e_max,2,6,1,57,0
20,16,drop_e_max,3,6,1,57,0
20,16,drop_e_max,4,6,1,57,0
20,16,drop_e_max,5,6,1,57,0
20,16,drop_e_max,6,5,2,57,0
20,16,drop_e_max,7,5,2,57,0
20,16,drop_e_max,8,5,2,57,0
20,16,drop_e_max,9,5,2,57,0
20,16,drop_e_max,10,5,2,57,0
20,16,drop_e_max,11,5,2,57,0
20,16,drop_e_max,12,5,2,57,0
20,16,drop_e_max,13,5,2,57,0
20,16,drop_e_max,14,5,2,57,0
20,16,drop_e_max,15,5,2,57,0
20,16,drop_e_max,16,5,2,57,0
20,16,drop_e_max,17,5,2,57,0
20,16,drop_e_max,18,5,2,57,0
20,16,drop_e_max,19,5,2,57,0
20,16,drop_e_max,20,5,2,57,0
20,16,drop_l_hc,0,7,0,57,0
20,16,drop_l_hc,1,7,0,57,0
20,16,drop_l_hc,2,7,0,57,0
20,16,drop_l_hc,3,7,0,57,0
20,16,drop_l_hc,4,7,0,57,0
20,16,drop_l_hc,5,7,0,57,0
20,16,drop_l_hc,6,7,0,57,0
20,16,drop_l_hc,7,7,0,57,0
20,16,drop_l_hc,8,7,0,57,0
20,16,drop_l_hc,9,7,0,57,0
20,16,drop_l_hc,10,7,0,57,0
20,16,drop_l_hc,11,7,0,57,0
20,16,drop_l_hc,12,6,1,57,0
20,16,drop_l_hc,13,6,1,57,0
20,16,drop_l_hc,14,6,1,57,0
20,16,drop_l_hc,15,6,1,57,0
20,16,drop_l_hc,16,6,1,57,0
20,16,drop_l_hc,17,6,1,57,0
20,16,drop_l_hc,18,6,1,57,0
20,16,drop_l_hc,19,6,1,57,0
20,16,drop_l_hc,20,6,1,57,0
20,17,random,0,7,0,57,0
20,17,random,1,7,0,57,0
20,17,random,2,7,0,57,0
20,17,random,3,7,0,57,0
20,17,random,4,7,0,57,0
20,17,random,5,7,0,57,0
20,17,random,6,7,0,57,0
20,17,random,7,7,0,57,0
20,17,random,8,7,0,57,0
20,17,random,9,7,0,57,0
20,17,random,10,7,0,57,0
20,17,random,11,7,0,57,0
20,17,random,12,7,0,57,0
20,17,random,13,7,0,57,0
20,17,random,14,7,0,57,0
20,17,random,15,7,0,57,0
20,17,random,16,7,0,57,0
20,17,random,17,7,0,57,0
20,17,random,18,7,0,57,0
20,17,random,19,7,0,57,0
20,17,random,20,7,0,57,0
20,17,drop_alpha,0,7,0,57,0
20,17,drop_alpha,1,7,0,57,0
20,17,drop_alpha,2,7,0,57,0
20,17,drop_alpha,3,7,0,57,0
20,17,drop_alpha,4,7,0,57,0
20,17,drop_alpha,5,7,0,57,0
20,17,drop_alpha,6,7,0,57,0
20,17,drop_alpha,7,7,0,57,0
20,17,drop_alpha,8,7,0,57,0
20,17,drop_alpha,9,6,1,57,0
20,17,drop_alpha,10,6,1,57,0
20,17,drop_alpha,11,6,1,57,0
20,17,drop_alpha,12,6,1,57,0
20,17,drop_alpha,13,6,1,57,0
20,17,drop_alpha,14,6,1,57,0
20,17,drop_alpha,15,6,1,57,0
20,17,drop_alpha,16,6,1,57,0
20,17,drop_alpha,17,6,1,57,0
20,17,drop_alpha,18,6,1,57,0
20,17,drop_alpha,19,6,1,57,0
20,17,drop_alpha,20,6,1,57,0
20,17,hardcore_comarg,0,7,0,57,0
20,17,hardcore_comarg,1,7,0,57,0
20,17,hardcore_comarg,2,7,0,57,0
20,17,hardcore_comarg,3,6,1,57,0
20,17,hardcore_comarg,4,6,1,57,0
20,17,hardcore_comarg,5,6,1,57,0
20,17,hardcore_comarg,6,6,1,57,0
20,17,hardcore_comarg,7,5,2,57,0
20,17,hardcore_comarg,8,5,2,57,0
20,17,hardcore_comarg,9,5,2,57,0
20,17,hardcore_comarg,10,5,2,57,0
20,17,hardcore_comarg,11,5,2,57,0
20,17,hardcore_comarg,12,5,2,57,0
20,17,hardcore_comarg,13,5,2,57,0
20,17,hardcore_comarg,14,5,2,57,0
20,17,hardcore_comarg,15,5,2,57,0
20,17,hardcore_comarg,16,5,2,57,0
20,17,hardcore_comarg,17,5,2,57,0
20,17,hardcore_comarg,18,5,2,57,0
20,17,hardcore_comarg,19,5,2,57,0
20,17,hardcore_comarg,20,5,2,57,0
20,17,sdp_X_uw,0,7,0,57,0
20,17,sdp_X_uw,1,7,0,57,0
20,17,sdp_X_uw,2,7,0,57,0
20,17,sdp_X_uw,3,6,1,57,0
20,17,sdp_X_uw,4,6,1,57,0
20,17,sdp_X_uw,5,6,1,57,0
20,17,sdp_X_uw,6,6,1,57,0
20,17,sdp_X_uw,7,6,1,57,0
20,17,sdp_X_uw,8,6,1,57,0
20,17,sdp_X_uw,9,6,1,57,0
20,17,sdp_X_uw,10,5,2,57,0
20,17,sdp_X_uw,11,5,2,57,0
20,17,sdp_X_uw,12,5,2,57,0
20,17,sdp_X_uw,13,5,2,57,0
20,17,sdp_X_uw,14,5,2,57,0
20,17,sdp_X_uw,15,5,2,57,0
20,17,sdp_X_uw,16,5,2,57,0
20,17,sdp_X_uw,17,5,2,57,0
20,17,sdp_X_uw,18,5,2,57,0
20,17,sdp_X_uw,19,5,2,57,0
20,17,sdp_X_uw,20,5,2,57,0
20,17,lp_xu_plus_xw,0,7,0,57,0
20,17,lp_xu_plus_xw,1,7,0,57,0
20,17,lp_xu_plus_xw,2,7,0,57,0
20,17,lp_xu_plus_xw,3,7,0,57,0
20,17,lp_xu_plus_xw,4,7,0,57,0
20,17,lp_xu_plus_xw,5,7,0,57,0
20,17,lp_xu_plus_xw,6,7,0,57,0
20,17,lp_xu_plus_xw,7,6,1,57,0
20,17,lp_xu_plus_xw,8,6,1,57,0
20,17,lp_xu_plus_xw,9,6,1,57,0
20,17,lp_xu_plus_xw,10,6,1,57,0
20,17,lp_xu_plus_xw,11,6,1,57,0
20,17,lp_xu_plus_xw,12,5,2,57,0
20,17,lp_xu_plus_xw,13,5,2,57,0
20,17,lp_xu_plus_xw,14,5,2,57,0
20,17,lp_xu_plus_xw,15,5,2,57,0
20,17,lp_xu_plus_xw,16,5,2,57,0
20,17,lp_xu_plus_xw,17,5,2,57,0
20,17,lp_xu_plus_xw,18,5,2,57,0
20,17,lp_xu_plus_xw,19,5,2,57,0
20,17,lp_xu_plus_xw,20,5,2,57,0
20,17,hoffman_grad,0,7,0,57,1
20,17,drop_e_max,0,7,0,57,0
20,17,drop_e_max,1,7,0,57,0
20,17,drop_e_max,2,6,1,57,0
20,17,drop_e_max,3,6,1,57,0
20,17,drop_e_max,4,6,1,57,0
20,17,drop_e_max,5,6,1,57,0
20,17,drop_e_max,6,6,1,57,0
20,17,drop_e_max,7,5,2,57,0
20,17,drop_e_max,8,5,2,57,0
20,17,drop_e_max,9,5,2,57,0
20,17,drop_e_max,10,5,2,57,0
20,17,drop_e_max,11,5,2,57,0
20,17,drop_e_max,12,5,2,57,0
20,17,drop_e_max,13,5,2,57,0
20,17,drop_e_max,14,5,2,57,0
20,17,drop_e_max,15,5,2,57,0
20,17,drop_e_max,16,5,2,57,0
20,17,drop_e_max,17,5,2,57,0
20,17,drop_e_max,18,5,2,57,0
20,17,drop_e_max,19,5,2,57,0
20,17,drop_e_max,20,5,2,57,0
20,17,drop_l_hc,0,7,0,57,0
20,17,drop_l_hc,1,7,0,57,0
20,17,drop_l_hc,2,7,0,57,0
20,17,drop_l_hc,3,7,0,57,0
20,17,drop_l_hc,4,7,0,57,0
20,17,drop_l_hc,5,7,0,57,0
20,17,drop_l_hc,6,7,0,57,0
20,17,drop_l_hc,7,7,0,57,0
20,17,drop_l_hc,8,7,0,57,0
20,17,drop_l_hc,9,7,0,57,0
20,17,drop_l_hc,10,7,0,57,0
20,17,drop_l_hc,11,7,0,57,0
20,17,drop_l_hc,12,7,0,57,0
20,17,drop_l_hc,13,7,0,57,0
20,17,drop_l_hc,14,7,0,57,0
20,17,drop_l_hc,15,7,0,57,0
20,17,drop_l_hc,16,7,0,57,0
20,17,drop_l_hc,17,7,0,57,0
20,17,drop_l_hc,18,7,0,57,0
20,17,drop_l_hc,19,7,0,57,0
20,17,drop_l_hc,20,7,0,57,0
20,18,random,0,7,0,57,0
20,18,random,1,7,0,57,0
20,18,random,2,7,0,57,0
20,18,random,3,7,0,57,0
20,18,random,4,7,0,57,0
20,18,random,5,7,0,57,0
20,18,random,6,7,0,57,0
20,18,random,7,7,0,57,0
20,18,random,8,6,1,57,0
20,18,random,9,6,1,57,0
20,18,random,10,6,1,57,0
20,18,random,11,6,1,57,0
20,18,random,12,6,1,57,0
20,18,random,13,6,1,57,0
20,18,random,14,6,1,57,0
20,18,random,15,6,1,57,0
20,18,random,16,6,1,57,0
20,18,random,17,6,1,57,0
20,18,random,18,6,1,57,0
20,18,random,19,6,1,57,0
20,18,random,20,6,1,57,0
20,18,drop_alpha,0,7,0,57,0
20,18,drop_alpha,1,7,0,57,0
20,18,drop_alpha,2,6,1,57,0
20,18,drop_alpha,3,6,1,57,0
20,18,drop_alpha,4,6,1,57,0
20,18,drop_alpha,5,6,1,57,0
20,18,drop_alpha,6,6,1,57,0
20,18,drop_alpha,7,6,1,57,0
20,18,drop_alpha,8,6,1,57,0
20,18,drop_alpha,9,6,1,57,0
20,18,drop_alpha,10,6,1,57,0
20,18,drop_alpha,11,6,1,57,0
20,18,drop_alpha,12,6,1,57,0
20,18,drop_alpha,13,6,1,57,0
20,18,drop_alpha,14,6,1,57,0
20,18,drop_alpha,15,6,1,57,0
20,18,drop_alpha,16,6,1,57,0
20,18,drop_alpha,17,6,1,57,0
20,18,drop_alpha,18,6,1,57,0
20,18,drop_alpha,19,6,1,57,0
20,18,drop_alpha,20,6,1,57,0
20,18,hardcore_comarg,0,7,0,57,0
20,18,hardcore_comarg,1,7,0,57,0
20,18,hardcore_comarg,2,6,1,57,0
20,18,hardcore_comarg,3,6,1,57,0
20,18,hardcore_comarg,4,6,1,57,0
20,18,hardcore_comarg,5,6,1,57,0
20,18,hardcore_comarg,6,6,1,57,0
20,18,hardcore_comarg,7,5,2,57,0
20,18,hardcore_comarg,8,5,2,57,0
20,18,hardcore_comarg,9,5,2,57,0
20,18,hardcore_comarg,10,5,2,57,0
20,18,hardcore_comarg,11,5,2,57,0
20,18,hardcore_comarg,12,5,2,57,0
20,18,hardcore_comarg,13,5,2,57,0
20,18,hardcore_comarg,14,5,2,57,0
20,18,hardcore_comarg,15,5,2,57,0
20,18,hardcore_comarg,16,5,2,57,0
20,18,hardcore_comarg,17,5,2,57,0
20,18,hardcore_comarg,18,5,2,57,0
20,18,hardcore_comarg,19,5,2,57,0
20,18,hardcore_comarg,20,5,2,57,0
20,18,sdp_X_uw,0,7,0,57,0
20,18,sdp_X_uw,1,7,0,57,0
20,18,sdp_X_uw,2,6,1,57,0
20,18,sdp_X_uw,3,6,1,57,0
20,18,sdp_X_uw,4,6,1,57,0
20,18,sdp_X_uw,5,6,1,57,0
20,18,sdp_X_uw,6,6,1,57,0
20,18,sdp_X_uw,7,6,1,57,0
20,18,sdp_X_uw,8,6,1,57,0
20,18,sdp_X_uw,9,5,2,57,0
20,18,sdp_X_uw,10,5,2,57,0
20,18,sdp_X_uw,11,5,2,57,0
20,18,sdp_X_uw,12,5,2,57,0
20,18,sdp_X_uw,13,5,2,57,0
20,18,sdp_X_uw,14,5,2,57,0
20,18,sdp_X_uw,15,5,2,57,0
20,18,sdp_X_uw,16,5,2,57,0
20,18,sdp_X_uw,17,5,2,57,0
20,18,sdp_X_uw,18,5,2,57,0
20,18,sdp_X_uw,19,5,2,57,0
20,18,sdp_X_uw,20,5,2,57,0
20,18,lp_xu_plus_xw,0,7,0,57,0
20,18,lp_xu_plus_xw,1,7,0,57,0
20,18,lp_xu_plus_xw,2,6,1,57,0
20,18,lp_xu_plus_xw,3,6,1,57,0
20,18,lp_xu_plus_xw,4,6,1,57,0
20,18,lp_xu_plus_xw,5,6,1,57,0
20,18,lp_xu_plus_xw,6,6,1,57,0
20,18,lp_xu_plus_xw,7,6,1,57,0
20,18,lp_xu_plus_xw,8,6,1,57,0
20,18,lp_xu_plus_xw,9,6,1,57,0
20,18,lp_xu_plus_xw,10,6,1,57,0
20,18,lp_xu_plus_xw,11,6,1,57,0
20,18,lp_xu_plus_xw,12,6,1,57,0
20,18,lp_xu_plus_xw,13,6,1,57,0
20,18,lp_xu_plus_xw,14,6,1,57,0
20,18,lp_xu_plus_xw,15,5,2,57,0
20,18,lp_xu_plus_xw,16,5,2,57,0
20,18,lp_xu_plus_xw,17,5,2,57,0
20,18,lp_xu_plus_xw,18,5,2,57,0
20,18,lp_xu_plus_xw,19,5,2,57,0
20,18,lp_xu_plus_xw,20,5,2,57,0
20,18,hoffman_grad,0,7,0,57,1
20,18,drop_e_max,0,7,0,57,0
20,18,drop_e_max,1,7,0,57,0
20,18,drop_e_max,2,6,1,57,0
20,18,drop_e_max,3,6,1,57,0
20,18,drop_e_max,4,6,1,57,0
20,18,drop_e_max,5,6,1,57,0
20,18,drop_e_max,6,6,1,57,0
20,18,drop_e_max,7,5,2,57,0
20,18,drop_e_max,8,5,2,57,0
20,18,drop_e_max,9,5,2,57,0
20,18,drop_e_max,10,5,2,57,0
20,18,drop_e_max,11,5,2,57,0
20,18,drop_e_max,12,5,2,57,0
20,18,drop_e_max,13,5,2,57,0
20,18,drop_e_max,14,5,2,57,0
20,18,drop_e_max,15,5,2,57,0
20,18,drop_e_max,16,5,2,57,0
20,18,drop_e_max,17,5,2,57,0
20,18,drop_e_max,18,5,2,57,0
20,18,drop_e_max,19,5,2,57,0
20,18,drop_e_max,20,5,2,57,0
20,18,drop_l_hc,0,7,0,57,0
20,18,drop_l_hc,1,7,0,57,0
20,18,drop_l_hc,2,7,0,57,0
20,18,drop_l_hc,3,6,1,57,0
20,18,drop_l_hc,4,6,1,57,0
20,18,drop_l_hc,5,6,1,57,0
20,18,drop_l_hc,6,6,1,57,0
20,18,drop_l_hc,7,6,1,57,0
20,18,drop_l_hc,8,6,1,57,0
20,18,drop_l_hc,9,6,1,57,0
20,18,drop_l_hc,10,6,1,57,0
20,18,drop_l_hc,11,6,1,57,0
20,18,drop_l_hc,12,6,1,57,0
20,18,drop_l_hc,13,6,1,57,0
20,18,drop_l_hc,14,6,1,57,0
20,18,drop_l_hc,15,6,1,57,0
20,18,drop_l_hc,16,6,1,57,0
20,18,drop_l_hc,17,6,1,57,0
20,18,drop_l_hc,18,6,1,57,0
20,18,drop_l_hc,19,6,1,57,0
20,18,drop_l_hc,20,6,1,57,0
20,19,random,0,7,0,57,0
20,19,random,1,7,0,57,0
20,19,random,2,7,0,57,0
20,19,random,3,7,0,57,0
20,19,random,4,7,0,57,0
20,19,random,5,7,0,57,0
20,19,random,6,7,0,57,0
20,19,random,7,7,0,57,0
20,19,random,8,7,0,57,0
20,19,random,9,7,0,57,0
20,19,random,10,7,0,57,0
20,19,random,11,7,0,57,0
20,19,random,12,7,0,57,0
20,19,random,13,7,0,57,0
20,19,random,14,7,0,57,0
20,19,random,15,6,1,57,0
20,19,random,16,6,1,57,0
20,19,random,17,6,1,57,0
20,19,random,18,6,1,57,0
20,19,random,19,6,1,57,0
20,19,random,20,6,1,57,0
20,19,drop_alpha,0,7,0,57,0
20,19,drop_alpha,1,7,0,57,0
20,19,drop_alpha,2,7,0,57,0
20,19,drop_alpha,3,7,0,57,0
20,19,drop_alpha,4,6,1,57,0
20,19,drop_alpha,5,6,1,57,0
20,19,drop_alpha,6,6,1,57,0
20,19,drop_alpha,7,6,1,57,0
20,19,drop_alpha,8,6,1,57,0
20,19,drop_alpha,9,6,1,57,0
20,19,drop_alpha,10,6,1,57,0
20,19,drop_alpha,11,6,1,57,0
20,19,drop_alpha,12,6,1,57,0
20,19,drop_alpha,13,6,1,57,0
20,19,drop_alpha,14,6,1,57,0
20,19,drop_alpha,15,6,1,57,0
20,19,drop_alpha,16,6,1,57,0
20,19,drop_alpha,17,6,1,57,0
20,19,drop_alpha,18,6,1,57,0
20,19,drop_alpha,19,6,1,57,0
20,19,drop_alpha,20,5,2,57,0
20,19,hardcore_comarg,0,7,0,57,0
20,19,hardcore_comarg,1,7,0,57,0
20,19,hardcore_comarg,2,6,1,57,0
20,19,hardcore_comarg,3,6,1,57,0
20,19,hardcore_comarg,4,6,1,57,0
20,19,hardcore_comarg,5,6,1,57,0
20,19,hardcore_comarg,6,6,1,57,0
20,19,hardcore_comarg,7,5,2,57,0
20,19,hardcore_comarg,8,5,2,57,0
20,19,hardcore_comarg,9,5,2,57,0
20,19,hardcore_comarg,10,5,2,57,0
20,19,hardcore_comarg,11,5,2,57,0
20,19,hardcore_comarg,12,5,2,57,0
20,19,hardcore_comarg,13,5,2,57,0
20,19,hardcore_comarg,14,5,2,57,0
20,19,hardcore_comarg,15,5,2,57,0
20,19,hardcore_comarg,16,5,2,57,0
20,19,hardcore_comarg,17,5,2,57,0
20,19,hardcore_comarg,18,5,2,57,0
20,19,hardcore_comarg,19,5,2,57,0
20,19,hardcore_comarg,20,5,2,57,0
20,19,sdp_X_uw,0,7,0,57,0
20,19,sdp_X_uw,1,7,0,57,0
20,19,sdp_X_uw,2,6,1,57,0
20,19,sdp_X_uw,3,6,1,57,0
20,19,sdp_X_uw,4,6,1,57,0
20,19,sdp_X_uw,5,6,1,57,0
20,19,sdp_X_uw,6,6,1,57,0
20,19,sdp_X_uw,7,6,1,57,0
20,19,sdp_X_uw,8,5,2,57,0
20,19,sdp_X_uw,9,5,2,57,0
20,19,sdp_X_uw,10,5,2,57,0
20,19,sdp_X_uw,11,5,2,57,0
20,19,sdp_X_uw,12,5,2,57,0
20,19,sdp_X_uw,13,5,2,57,0
20,19,sdp_X_uw,14,5,2,57,0
20,19,sdp_X_uw,15,5,2,57,0
20,19,sdp_X_uw,16,5,2,57,0
20,19,sdp_X_uw,17,5,2,57,0
20,19,sdp_X_uw,18,5,2,57,0
20,19,sdp_X_uw,19,5,2,57,0
20,19,sdp_X_uw,20,5,2,57,0
20,19,lp_xu_plus_xw,0,7,0,57,0
20,19,lp_xu_plus_xw,1,7,0,57,0
20,19,lp_xu_plus_xw,2,6,1,57,0
20,19,lp_xu_plus_xw,3,6,1,57,0
20,19,lp_xu_plus_xw,4,6,1,57,0
20,19,lp_xu_plus_xw,5,6,1,57,0
20,19,lp_xu_plus_xw,6,6,1,57,0
20,19,lp_xu_plus_xw,7,6,1,57,0
20,19,lp_xu_plus_xw,8,6,1,57,0
20,19,lp_xu_plus_xw,9,6,1,57,0
20,19,lp_xu_plus_xw,10,6,1,57,0
20,19,lp_xu_plus_xw,11,6,1,57,0
20,19,lp_xu_plus_xw,12,6,1,57,0
20,19,lp_xu_plus_xw,13,6,1,57,0
20,19,lp_xu_plus_xw,14,6,1,57,0
20,19,lp_xu_plus_xw,15,6,1,57,0
20,19,lp_xu_plus_xw,16,6,1,57,0
20,19,lp_xu_plus_xw,17,6,1,57,0
20,19,lp_xu_plus_xw,18,6,1,57,0
20,19,lp_xu_plus_xw,19,6,1,57,0
20,19,lp_xu_plus_xw,20,6,1,57,0
20,19,hoffman_grad,0,7,0,57,1
20,19,drop_e_max,0,7,0,57,0
20,19,drop_e_max,1,7,0,57,0
20,19,drop_e_max,2,6,1,57,0
20,19,drop_e_max,3,6,1,57,0
20,19,drop_e_max,4,6,1,57,0
20,19,drop_e_max,5,6,1,57,0
20,19,drop_e_max,6,6,1,57,0
20,19,drop_e_max,7,5,2,57,0
20,19,drop_e_max,8,5,2,57,0
20,19,drop_e_max,9,5,2,57,0
20,19,drop_e_max,10,5,2,57,0
20,19,drop_e_max,11,5,2,57,0
20,19,drop_e_max,12,5,2,57,0
20,19,drop_e_max,13,5,2,57,0
20,19,drop_e_max,14,5,2,57,0
20,19,drop_e_max,15,5,2,57,0
20,19,drop_e_max,16,5,2,57,0
20,19,drop_e_max,17,5,2,57,0
20,19,drop_e_max,18,5,2,57,0
20,19,drop_e_max,19,5,2,57,0
20,19,drop_e_max,20,5,2,57,0
20,19,drop_l_hc,0,7,0,57,0
20,19,drop_l_hc,1,7,0,57,0
20,19,drop_l_hc,2,7,0,57,0
20,19,drop_l_hc,3,6,1,57,0
20,19,drop_l_hc,4,6,1,57,0
20,19,drop_l_hc,5,6,1,57,0
20,19,drop_l_hc,6,6,1,57,0
20,19,drop_l_hc,7,6,1,57,0
20,19,drop_l_hc,8,6,1,57,0
20,19,drop_l_hc,9,6,1,57,0
20,19,drop_l_hc,10,6,1,57,0
20,19,drop_l_hc,11,6,1,57,0
20,19,drop_l_hc,12,6,1,57,0
20,19,drop_l_hc,13,6,1,57,0
20,19,drop_l_hc,14,6,1,57,0
20,19,drop_l_hc,15,6,1,57,0
20,19,drop_l_hc,16,6,1,57,0
20,19,drop_l_hc,17,6,1,57,0
20,19,drop_l_hc,18,6,1,57,0
20,19,drop_l_hc,19,6,1,57,0
20,19,drop_l_hc,20,6,1,57,0
22,0,random,0,8,0,69,0
22,0,random,1,8,0,69,0
22,0,random,2,8,0,69,0
22,0,random,3,7,1,69,0
22,0,random,4,7,1,69,0
22,0,random,5,7,1,69,0
22,0,random,6,7,1,69,0
22,0,random,7,7,1,69,0
22,0,random,8,7,1,69,0
22,0,random,9,7,1,69,0
22,0,random,10,7,1,69,0
22,0,random,11,7,1,69,0
22,0,random,12,7,1,69,0
22,0,random,13,7,1,69,0
22,0,random,14,7,1,69,0
22,0,random,15,7,1,69,0
22,0,random,16,7,1,69,0
22,0,random,17,7,1,69,0
22,0,random,18,7,1,69,0
22,0,random,19,7,1,69,0
22,0,random,20,7,1,69,0
22,0,drop_alpha,0,8,0,69,0
22,0,drop_alpha,1,8,0,69,0
22,0,drop_alpha,2,8,0,69,0
22,0,drop_alpha,3,8,0,69,0
22,0,drop_alpha,4,8,0,69,0
22,0,drop_alpha,5,7,1,69,0
22,0,drop_alpha,6,7,1,69,0
22,0,drop_alpha,7,7,1,69,0
22,0,drop_alpha,8,7,1,69,0
22,0,drop_alpha,9,7,1,69,0
22,0,drop_alpha,10,7,1,69,0
22,0,drop_alpha,11,7,1,69,0
22,0,drop_alpha,12,7,1,69,0
22,0,drop_alpha,13,7,1,69,0
22,0,drop_alpha,14,6,2,69,0
22,0,drop_alpha,15,6,2,69,0
22,0,drop_alpha,16,6,2,69,0
22,0,drop_alpha,17,6,2,69,0
22,0,drop_alpha,18,6,2,69,0
22,0,drop_alpha,19,6,2,69,0
22,0,drop_alpha,20,6,2,69,0
22,0,hardcore_comarg,0,8,0,69,0
22,0,hardcore_comarg,1,8,0,69,0
22,0,hardcore_comarg,2,7,1,69,0
22,0,hardcore_comarg,3,7,1,69,0
22,0,hardcore_comarg,4,6,2,69,0
22,0,hardcore_comarg,5,6,2,69,0
22,0,hardcore_comarg,6,6,2,69,0
22,0,hardcore_comarg,7,6,2,69,0
22,0,hardcore_comarg,8,6,2,69,0
22,0,hardcore_comarg,9,6,2,69,0
22,0,hardcore_comarg,10,6,2,69,0
22,0,hardcore_comarg,11,6,2,69,0
22,0,hardcore_comarg,12,6,2,69,0
22,0,hardcore_comarg,13,6,2,69,0
22,0,hardcore_comarg,14,5,3,69,0
22,0,hardcore_comarg,15,5,3,69,0
22,0,hardcore_comarg,16,5,3,69,0
22,0,hardcore_comarg,17,5,3,69,0
22,0,hardcore_comarg,18,5,3,69,0
22,0,hardcore_comarg,19,5,3,69,0
22,0,hardcore_comarg,20,5,3,69,0
22,0,sdp_X_uw,0,8,0,69,0
22,0,sdp_X_uw,1,8,0,69,0
22,0,sdp_X_uw,2,7,1,69,0
22,0,sdp_X_uw,3,7,1,69,0
22,0,sdp_X_uw,4,6,2,69,0
22,0,sdp_X_uw,5,6,2,69,0
22,0,sdp_X_uw,6,6,2,69,0
22,0,sdp_X_uw,7,6,2,69,0
22,0,sdp_X_uw,8,6,2,69,0
22,0,sdp_X_uw,9,6,2,69,0
22,0,sdp_X_uw,10,6,2,69,0
22,0,sdp_X_uw,11,6,2,69,0
22,0,sdp_X_uw,12,6,2,69,0
22,0,sdp_X_uw,13,5,3,69,0
22,0,sdp_X_uw,14,5,3,69,0
22,0,sdp_X_uw,15,5,3,69,0
22,0,sdp_X_uw,16,5,3,69,0
22,0,sdp_X_uw,17,5,3,69,0
22,0,sdp_X_uw,18,5,3,69,0
22,0,sdp_X_uw,19,5,3,69,0
22,0,sdp_X_uw,20,5,3,69,0
22,0,lp_xu_plus_xw,0,8,0,69,0
22,0,lp_xu_plus_xw,1,8,0,69,0
22,0,lp_xu_plus_xw,2,8,0,69,0
22,0,lp_xu_plus_xw,3,8,0,69,0
22,0,lp_xu_plus_xw,4,8,0,69,0
22,0,lp_xu_plus_xw,5,7,1,69,0
22,0,lp_xu_plus_xw,6,7,1,69,0
22,0,lp_xu_plus_xw,7,7,1,69,0
22,0,lp_xu_plus_xw,8,7,1,69,0
22,0,lp_xu_plus_xw,9,7,1,69,0
22,0,lp_xu_plus_xw,10,7,1,69,0
22,0,lp_xu_plus_xw,11,7,1,69,0
22,0,lp_xu_plus_xw,12,7,1,69,0
22,0,lp_xu_plus_xw,13,6,2,69,0
22,0,lp_xu_plus_xw,14,6,2,69,0
22,0,lp_xu_plus_xw,15,6,2,69,0
22,0,lp_xu_plus_xw,16,6,2,69,0
22,0,lp_xu_plus_xw,17,6,2,69,0
22,0,lp_xu_plus_xw,18,6,2,69,0
22,0,lp_xu_plus_xw,19,6,2,69,0
22,0,lp_xu_plus_xw,20,6,2,69,0
22,0,hoffman_grad,0,8,0,69,1
22,1,random,0,8,0,69,0
22,1,random,1,8,0,69,0
22,1,random,2,8,0,69,0
22,1,random,3,8,0,69,0
22,1,random,4,8,0,69,0
22,1,random,5,8,0,69,0
22,1,random,6,8,0,69,0
22,1,random,7,8,0,69,0
22,1,random,8,8,0,69,0
22,1,random,9,8,0,69,0
22,1,random,10,8,0,69,0
22,1,random,11,8,0,69,0
22,1,random,12,7,1,69,0
22,1,random,13,7,1,69,0
22,1,random,14,7,1,69,0
22,1,random,15,7,1,69,0
22,1,random,16,7,1,69,0
22,1,random,17,7,1,69,0
22,1,random,18,7,1,69,0
22,1,random,19,7,1,69,0
22,1,random,20,7,1,69,0
22,1,drop_alpha,0,8,0,69,0
22,1,drop_alpha,1,8,0,69,0
22,1,drop_alpha,2,7,1,69,0
22,1,drop_alpha,3,7,1,69,0
22,1,drop_alpha,4,7,1,69,0
22,1,drop_alpha,5,7,1,69,0
22,1,drop_alpha,6,7,1,69,0
22,1,drop_alpha,7,7,1,69,0
22,1,drop_alpha,8,7,1,69,0
22,1,drop_alpha,9,7,1,69,0
22,1,drop_alpha,10,7,1,69,0
22,1,drop_alpha,11,7,1,69,0
22,1,drop_alpha,12,7,1,69,0
22,1,drop_alpha,13,7,1,69,0
22,1,drop_alpha,14,7,1,69,0
22,1,drop_alpha,15,7,1,69,0
22,1,drop_alpha,16,7,1,69,0
22,1,drop_alpha,17,7,1,69,0
22,1,drop_alpha,18,7,1,69,0
22,1,drop_alpha,19,7,1,69,0
22,1,drop_alpha,20,7,1,69,0
22,1,hardcore_comarg,0,8,0,69,0
22,1,hardcore_comarg,1,8,0,69,0
22,1,hardcore_comarg,2,7,1,69,0
22,1,hardcore_comarg,3,7,1,69,0
22,1,hardcore_comarg,4,7,1,69,0
22,1,hardcore_comarg,5,6,2,69,0
22,1,hardcore_comarg,6,6,2,69,0
22,1,hardcore_comarg,7,6,2,69,0
22,1,hardcore_comarg,8,6,2,69,0
22,1,hardcore_comarg,9,6,2,69,0
22,1,hardcore_comarg,10,6,2,69,0
22,1,hardcore_comarg,11,6,2,69,0
22,1,hardcore_comarg,12,5,3,69,0
22,1,hardcore_comarg,13,5,3,69,0
22,1,hardcore_comarg,14,5,3,69,0
22,1,hardcore_comarg,15,5,3,69,0
22,1,hardcore_comarg,16,5,3,69,0
22,1,hardcore_comarg,17,5,3,69,0
22,1,hardcore_comarg,18,5,3,69,0
22,1,hardcore_comarg,19,5,3,69,0
22,1,hardcore_comarg,20,5,3,69,0
22,1,sdp_X_uw,0,8,0,69,0
22,1,sdp_X_uw,1,8,0,69,0
22,1,sdp_X_uw,2,7,1,69,0
22,1,sdp_X_uw,3,7,1,69,0
22,1,sdp_X_uw,4,7,1,69,0
22,1,sdp_X_uw,5,7,1,69,0
22,1,sdp_X_uw,6,6,2,69,0
22,1,sdp_X_uw,7,6,2,69,0
22,1,sdp_X_uw,8,6,2,69,0
22,1,sdp_X_uw,9,6,2,69,0
22,1,sdp_X_uw,10,6,2,69,0
22,1,sdp_X_uw,11,6,2,69,0
22,1,sdp_X_uw,12,6,2,69,0
22,1,sdp_X_uw,13,5,3,69,0
22,1,sdp_X_uw,14,5,3,69,0
22,1,sdp_X_uw,15,5,3,69,0
22,1,sdp_X_uw,16,5,3,69,0
22,1,sdp_X_uw,17,5,3,69,0
22,1,sdp_X_uw,18,5,3,69,0
22,1,sdp_X_uw,19,5,3,69,0
22,1,sdp_X_uw,20,5,3,69,0
22,1,lp_xu_plus_xw,0,8,0,69,0
22,1,lp_xu_plus_xw,1,8,0,69,0
22,1,lp_xu_plus_xw,2,8,0,69,0
22,1,lp_xu_plus_xw,3,8,0,69,0
22,1,lp_xu_plus_xw,4,8,0,69,0
22,1,lp_xu_plus_xw,5,8,0,69,0
22,1,lp_xu_plus_xw,6,8,0,69,0
22,1,lp_xu_plus_xw,7,8,0,69,0
22,1,lp_xu_plus_xw,8,7,1,69,0
22,1,lp_xu_plus_xw,9,7,1,69,0
22,1,lp_xu_plus_xw,10,7,1,69,0
22,1,lp_xu_plus_xw,11,7,1,69,0
22,1,lp_xu_plus_xw,12,6,2,69,0
22,1,lp_xu_plus_xw,13,6,2,69,0
22,1,lp_xu_plus_xw,14,6,2,69,0
22,1,lp_xu_plus_xw,15,6,2,69,0
22,1,lp_xu_plus_xw,16,6,2,69,0
22,1,lp_xu_plus_xw,17,6,2,69,0
22,1,lp_xu_plus_xw,18,6,2,69,0
22,1,lp_xu_plus_xw,19,6,2,69,0
22,1,lp_xu_plus_xw,20,6,2,69,0
22,1,hoffman_grad,0,8,0,69,1
22,2,random,0,8,0,69,0
22,2,random,1,8,0,69,0
22,2,random,2,8,0,69,0
22,2,random,3,8,0,69,0
22,2,random,4,8,0,69,0
22,2,random,5,8,0,69,0
22,2,random,6,8,0,69,0
22,2,random,7,8,0,69,0
22,2,random,8,8,0,69,0
22,2,random,9,8,0,69,0
22,2,random,10,8,0,69,0
22,2,random,11,8,0,69,0
22,2,random,12,8,0,69,0
22,2,random,13,8,0,69,0
22,2,random,14,8,0,69,0
22,2,random,15,8,0,69,0
22,2,random,16,8,0,69,0
22,2,random,17,8,0,69,0
22,2,random,18,8,0,69,0
22,2,random,19,8,0,69,0
22,2,random,20,8,0,69,0
22,2,drop_alpha,0,8,0,69,0
22,2,drop_alpha,1,8,0,69,0
22,2,drop_alpha,2,8,0,69,0
22,2,drop_alpha,3,7,1,69,0
22,2,drop_alpha,4,7,1,69,0
22,2,drop_alpha,5,7,1,69,0
22,2,drop_alpha,6,7,1,69,0
22,2,drop_alpha,7,7,1,69,0
22,2,drop_alpha,8,7,1,69,0
22,2,drop_alpha,9,7,1,69,0
22,2,drop_alpha,10,7,1,69,0
22,2,drop_alpha,11,7,1,69,0
22,2,drop_alpha,12,7,1,69,0
22,2,drop_alpha,13,7,1,69,0
22,2,drop_alpha,14,7,1,69,0
22,2,drop_alpha,15,7,1,69,0
22,2,drop_alpha,16,7,1,69,0
22,2,drop_alpha,17,7,1,69,0
22,2,drop_alpha,18,7,1,69,0
22,2,drop_alpha,19,7,1,69,0
22,2,drop_alpha,20,7,1,69,0
22,2,hardcore_comarg,0,8,0,69,0
22,2,hardcore_comarg,1,8,0,69,0
22,2,hardcore_comarg,2,7,1,69,0
22,2,hardcore_comarg,3,7,1,69,0
22,2,hardcore_comarg,4,7,1,69,0
22,2,hardcore_comarg,5,7,1,69,0
22,2,hardcore_comarg,6,6,2,69,0
22,2,hardcore_comarg,7,6,2,69,0
22,2,hardcore_comarg,8,6,2,69,0
22,2,hardcore_comarg,9,6,2,69,0
22,2,hardcore_comarg,10,6,2,69,0
22,2,hardcore_comarg,11,6,2,69,0
22,2,hardcore_comarg,12,6,2,69,0
22,2,hardcore_comarg,13,6,2,69,0
22,2,hardcore_comarg,14,6,2,69,0
22,2,hardcore_comarg,15,5,3,69,0
22,2,hardcore_comarg,16,5,3,69,0
22,2,hardcore_comarg,17,5,3,69,0
22,2,hardcore_comarg,18,5,3,69,0
22,2,hardcore_comarg,19,5,3,69,0
22,2,hardcore_comarg,20,5,3,69,0
22,2,sdp_X_uw,0,8,0,69,0
22,2,sdp_X_uw,1,8,0,69,0
22,2,sdp_X_uw,2,7,1,69,0
22,2,sdp_X_uw,3,7,1,69,0
22,2,sdp_X_uw,4,7,1,69,0
22,2,sdp_X_uw,5,6,2,69,0
22,2,sdp_X_uw,6,6,2,69,0
22,2,sdp_X_uw,7,6,2,69,0
22,2,sdp_X_uw,8,6,2,69,0
22,2,sdp_X_uw,9,6,2,69,0
22,2,sdp_X_uw,10,6,2,69,0
22,2,sdp_X_uw,11,6,2,69,0
22,2,sdp_X_uw,12,6,2,69,0
22,2,sdp_X_uw,13,6,2,69,0
22,2,sdp_X_uw,14,6,2,69,0
22,2,sdp_X_uw,15,6,2,69,0
22,2,sdp_X_uw,16,6,2,69,0
22,2,sdp_X_uw,17,6,2,69,0
22,2,sdp_X_uw,18,6,2,69,0
22,2,sdp_X_uw,19,5,3,69,0
22,2,sdp_X_uw,20,5,3,69,0
22,2,lp_xu_plus_xw,0,8,0,69,0
22,2,lp_xu_plus_xw,1,8,0,69,0
22,2,lp_xu_plus_xw,2,8,0,69,0
22,2,lp_xu_plus_xw,3,8,0,69,0
22,2,lp_xu_plus_xw,4,8,0,69,0
22,2,lp_xu_plus_xw,5,8,0,69,0
22,2,lp_xu_plus_xw,6,8,0,69,0
22,2,lp_xu_plus_xw,7,8,0,69,0
22,2,lp_xu_plus_xw,8,8,0,69,0
22,2,lp_xu_plus_xw,9,8,0,69,0
22,2,lp_xu_plus_xw,10,8,0,69,0
22,2,lp_xu_plus_xw,11,8,0,69,0
22,2,lp_xu_plus_xw,12,7,1,69,0
22,2,lp_xu_plus_xw,13,7,1,69,0
22,2,lp_xu_plus_xw,14,7,1,69,0
22,2,lp_xu_plus_xw,15,7,1,69,0
22,2,lp_xu_plus_xw,16,7,1,69,0
22,2,lp_xu_plus_xw,17,7,1,69,0
22,2,lp_xu_plus_xw,18,7,1,69,0
22,2,lp_xu_plus_xw,19,7,1,69,0
22,2,lp_xu_plus_xw,20,6,2,69,0
22,2,hoffman_grad,0,8,0,69,1
22,3,random,0,8,0,69,0
22,3,random,1,8,0,69,0
22,3,random,2,8,0,69,0
22,3,random,3,8,0,69,0
22,3,random,4,8,0,69,0
22,3,random,5,8,0,69,0
22,3,random,6,8,0,69,0
22,3,random,7,7,1,69,0
22,3,random,8,7,1,69,0
22,3,random,9,7,1,69,0
22,3,random,10,7,1,69,0
22,3,random,11,7,1,69,0
22,3,random,12,7,1,69,0
22,3,random,13,7,1,69,0
22,3,random,14,7,1,69,0
22,3,random,15,7,1,69,0
22,3,random,16,7,1,69,0
22,3,random,17,7,1,69,0
22,3,random,18,7,1,69,0
22,3,random,19,7,1,69,0
22,3,random,20,7,1,69,0
22,3,drop_alpha,0,8,0,69,0
22,3,drop_alpha,1,8,0,69,0
22,3,drop_alpha,2,8,0,69,0
22,3,drop_alpha,3,7,1,69,0
22,3,drop_alpha,4,7,1,69,0
22,3,drop_alpha,5,7,1,69,0
22,3,drop_alpha,6,7,1,69,0
22,3,drop_alpha,7,7,1,69,0
22,3,drop_alpha,8,7,1,69,0
22,3,drop_alpha,9,7,1,69,0
22,3,drop_alpha,10,7,1,69,0
22,3,drop_alpha,11,7,1,69,0
22,3,drop_alpha,12,7,1,69,0
22,3,drop_alpha,13,7,1,69,0
22,3,drop_alpha,14,7,1,69,0
22,3,drop_alpha,15,7,1,69,0
22,3,drop_alpha,16,7,1,69,0
22,3,drop_alpha,17,7,1,69,0
22,3,drop_alpha,18,7,1,69,0
22,3,drop_alpha,19,7,1,69,0
22,3,drop_alpha,20,7,1,69,0
22,3,hardcore_comarg,0,8,0,69,0
22,3,hardcore_comarg,1,8,0,69,0
22,3,hardcore_comarg,2,7,1,69,0
22,3,hardcore_comarg,3,7,1,69,0
22,3,hardcore_comarg,4,7,1,69,0
22,3,hardcore_comarg,5,7,1,69,0
22,3,hardcore_comarg,6,6,2,69,0
22,3,hardcore_comarg,7,6,2,69,0
22,3,hardcore_comarg,8,6,2,69,0
22,3,hardcore_comarg,9,6,2,69,0
22,3,hardcore_comarg,10,6,2,69,0
22,3,hardcore_comarg,11,6,2,69,0
22,3,hardcore_comarg,12,6,2,69,0
22,3,hardcore_comarg,13,5,3,69,0
22,3,hardcore_comarg,14,5,3,69,0
22,3,hardcore_comarg,15,5,3,69,0
22,3,hardcore_comarg,16,5,3,69,0
22,3,hardcore_comarg,17,5,3,69,0
22,3,hardcore_comarg,18,5,3,69,0
22,3,hardcore_comarg,19,5,3,69,0
22,3,hardcore_comarg,20,5,3,69,0
22,3,sdp_X_uw,0,8,0,69,0
22,3,sdp_X_uw,1,8,0,69,0
22,3,sdp_X_uw,2,7,1,69,0
22,3,sdp_X_uw,3,7,1,69,0
22,3,sdp_X_uw,4,7,1,69,0
22,3,sdp_X_uw,5,7,1,69,0
22,3,sdp_X_uw,6,6,2,69,0
22,3,sdp_X_uw,7,6,2,69,0
22,3,sdp_X_uw,8,6,2,69,0
22,3,sdp_X_uw,9,6,2,69,0
22,3,sdp_X_uw,10,6,2,69,0
22,3,sdp_X_uw,11,6,2,69,0
22,3,sdp_X_uw,12,6,2,69,0
22,3,sdp_X_uw,13,6,2,69,0
22,3,sdp_X_uw,14,5,3,69,0
22,3,sdp_X_uw,15,5,3,69,0
22,3,sdp_X_uw,16,5,3,69,0
22,3,sdp_X_uw,17,5,3,69,0
22,3,sdp_X_uw,18,5,3,69,0
22,3,sdp_X_uw,19,5,3,69,0
22,3,sdp_X_uw,20,5,3,69,0
22,3,lp_xu_plus_xw,0,8,0,69,0
22,3,lp_xu_plus_xw,1,8,0,69,0
22,3,lp_xu_plus_xw,2,8,0,69,0
22,3,lp_xu_plus_xw,3,8,0,69,0
22,3,lp_xu_plus_xw,4,7,1,69,0
22,3,lp_xu_plus_xw,5,7,1,69,0
22,3,lp_xu_plus_xw,6,7,1,69,0
22,3,lp_xu_plus_xw,7,7,1,69,0
22,3,lp_xu_plus_xw,8,7,1,69,0
22,3,lp_xu_plus_xw,9,7,1,69,0
22,3,lp_xu_plus_xw,10,7,1,69,0
22,3,lp_xu_plus_xw,11,7,1,69,0
22,3,lp_xu_plus_xw,12,7,1,69,0
22,3,lp_xu_plus_xw,13,7,1,69,0
22,3,lp_xu_plus_xw,14,7,1,69,0
22,3,lp_xu_plus_xw,15,7,1,69,0
22,3,lp_xu_plus_xw,16,7,1,69,0
22,3,lp_xu_plus_xw,17,7,1,69,0
22,3,lp_xu_plus_xw,18,7,1,69,0
22,3,lp_xu_plus_xw,19,7,1,69,0
22,3,lp_xu_plus_xw,20,7,1,69,0
22,3,hoffman_grad,0,8,0,69,1
22,4,random,0,8,0,69,0
22,4,random,1,8,0,69,0
22,4,random,2,8,0,69,0
22,4,random,3,8,0,69,0
22,4,random,4,8,0,69,0
22,4,random,5,8,0,69,0
22,4,random,6,7,1,69,0
22,4,random,7,7,1,69,0
22,4,random,8,7,1,69,0
22,4,random,9,7,1,69,0
22,4,random,10,7,1,69,0
22,4,random,11,7,1,69,0
22,4,random,12,7,1,69,0
22,4,random,13,7,1,69,0
22,4,random,14,7,1,69,0
22,4,random,15,7,1,69,0
22,4,random,16,7,1,69,0
22,4,random,17,7,1,69,0
22,4,random,18,7,1,69,0
22,4,random,19,7,1,69,0
22,4,random,20,7,1,69,0
22,4,drop_alpha,0,8,0,69,0
22,4,drop_alpha,1,8,0,69,0
22,4,drop_alpha,2,8,0,69,0
22,4,drop_alpha,3,8,0,69,0
22,4,drop_alpha,4,8,0,69,0
22,4,drop_alpha,5,8,0,69,0
22,4,drop_alpha,6,8,0,69,0
22,4,drop_alpha,7,8,0,69,0
22,4,drop_alpha,8,8,0,69,0
22,4,drop_alpha,9,7,1,69,0
22,4,drop_alpha,10,7,1,69,0
22,4,drop_alpha,11,7,1,69,0
22,4,drop_alpha,12,7,1,69,0
22,4,drop_alpha,13,7,1,69,0
22,4,drop_alpha,14,7,1,69,0
22,4,drop_alpha,15,7,1,69,0
22,4,drop_alpha,16,7,1,69,0
22,4,drop_alpha,17,7,1,69,0
22,4,drop_alpha,18,7,1,69,0
22,4,drop_alpha,19,7,1,69,0
22,4,drop_alpha,20,7,1,69,0
22,4,hardcore_comarg,0,8,0,69,0
22,4,hardcore_comarg,1,8,0,69,0
22,4,hardcore_comarg,2,7,1,69,0
22,4,hardcore_comarg,3,7,1,69,0
22,4,hardcore_comarg,4,6,2,69,0
22,4,hardcore_comarg,5,6,2,69,0
22,4,hardcore_comarg,6,6,2,69,0
22,4,hardcore_comarg,7,6,2,69,0
22,4,hardcore_comarg,8,6,2,69,0
22,4,hardcore_comarg,9,6,2,69,0
22,4,hardcore_comarg,10,6,2,69,0
22,4,hardcore_comarg,11,6,2,69,0
22,4,hardcore_comarg,12,6,2,69,0
22,4,hardcore_comarg,13,6,2,69,0
22,4,hardcore_comarg,14,5,3,69,0
22,4,hardcore_comarg,15,5,3,69,0
22,4,hardcore_comarg,16,5,3,69,0
22,4,hardcore_comarg,17,5,3,69,0
22,4,hardcore_comarg,18,5,3,69,0
22,4,hardcore_comarg,19,5,3,69,0
22,4,hardcore_comarg,20,5,3,69,0
22,4,sdp_X_uw,0,8,0,69,0
22,4,sdp_X_uw,1,8,0,69,0
22,4,sdp_X_uw,2,7,1,69,0
22,4,sdp_X_uw,3,7,1,69,0
22,4,sdp_X_uw,4,6,2,69,0
22,4,sdp_X_uw,5,6,2,69,0
22,4,sdp_X_uw,6,6,2,69,0
22,4,sdp_X_uw,7,6,2,69,0
22,4,sdp_X_uw,8,6,2,69,0
22,4,sdp_X_uw,9,6,2,69,0
22,4,sdp_X_uw,10,6,2,69,0
22,4,sdp_X_uw,11,6,2,69,0
22,4,sdp_X_uw,12,6,2,69,0
22,4,sdp_X_uw,13,5,3,69,0
22,4,sdp_X_uw,14,5,3,69,0
22,4,sdp_X_uw,15,5,3,69,0
22,4,sdp_X_uw,16,5,3,69,0
22,4,sdp_X_uw,17,5,3,69,0
22,4,sdp_X_uw,18,5,3,69,0
22,4,sdp_X_uw,19,5,3,69,0
22,4,sdp_X_uw,20,5,3,69,0
22,4,lp_xu_plus_xw,0,8,0,69,0
22,4,lp_xu_plus_xw,1,8,0,69,0
22,4,lp_xu_plus_xw,2,7,1,69,0
22,4,lp_xu_plus_xw,3,7,1,69,0
22,4,lp_xu_plus_xw,4,7,1,69,0
22,4,lp_xu_plus_xw,5,7,1,69,0
22,4,lp_xu_plus_xw,6,7,1,69,0
22,4,lp_xu_plus_xw,7,7,1,69,0
22,4,lp_xu_plus_xw,8,7,1,69,0
22,4,lp_xu_plus_xw,9,7,1,69,0
22,4,lp_xu_plus_xw,10,7,1,69,0
22,4,lp_xu_plus_xw,11,7,1,69,0
22,4,lp_xu_plus_xw,12,7,1,69,0
22,4,lp_xu_plus_xw,13,6,2,69,0
22,4,lp_xu_plus_xw,14,6,2,69,0
22,4,lp_xu_plus_xw,15,6,2,69,0
22,4,lp_xu_plus_xw,16,6,2,69,0
22,4,lp_xu_plus_xw,17,6,2,69,0
22,4,lp_xu_plus_xw,18,6,2,69,0
22,4,lp_xu_plus_xw,19,6,2,69,0
22,4,lp_xu_plus_xw,20,6,2,69,0
22,4,hoffman_grad,0,8,0,69,1
22,5,random,0,8,0,69,0
22,5,random,1,8,0,69,0
22,5,random,2,8,0,69,0
22,5,random,3,8,0,69,0
22,5,random,4,8,0,69,0
22,5,random,5,8,0,69,0
22,5,random,6,8,0,69,0
22,5,random,7,8,0,69,0
22,5,random,8,7,1,69,0
22,5,random,9,7,1,69,0
22,5,random,10,7,1,69,0
22,5,random,11,7,1,69,0
22,5,random,12,7,1,69,0
22,5,random,13,7,1,69,0
22,5,random,14,7,1,69,0
22,5,random,15,7,1,69,0
22,5,random,16,7,1,69,0
22,5,random,17,7,1,69,0
22,5,random,18,7,1,69,0
22,5,random,19,7,1,69,0
22,5,random,20,7,1,69,0
22,5,drop_alpha,0,8,0,69,0
22,5,drop_alpha,1,8,0,69,0
22,5,drop_alpha,2,8,0,69,0
22,5,drop_alpha,3,8,0,69,0
22,5,drop_alpha,4,7,1,69,0
22,5,drop_alpha,5,7,1,69,0
22,5,drop_alpha,6,7,1,69,0
22,5,drop_alpha,7,7,1,69,0
22,5,drop_alpha,8,7,1,69,0
22,5,drop_alpha,9,7,1,69,0
22,5,drop_alpha,10,7,1,69,0
22,5,drop_alpha,11,7,1,69,0
22,5,drop_alpha,12,7,1,69,0
22,5,drop_alpha,13,6,2,69,0
22,5,drop_alpha,14,6,2,69,0
22,5,drop_alpha,15,6,2,69,0
22,5,drop_alpha,16,6,2,69,0
22,5,drop_alpha,17,6,2,69,0
22,5,drop_alpha,18,6,2,69,0
22,5,drop_alpha,19,6,2,69,0
22,5,drop_alpha,20,6,2,69,0
22,5,hardcore_comarg,0,8,0,69,0
22,5,hardcore_comarg,1,8,0,69,0
22,5,hardcore_comarg,2,7,1,69,0
22,5,hardcore_comarg,3,7,1,69,0
22,5,hardcore_comarg,4,7,1,69,0
22,5,hardcore_comarg,5,6,2,69,0
22,5,hardcore_comarg,6,6,2,69,0
22,5,hardcore_comarg,7,6,2,69,0
22,5,hardcore_comarg,8,6,2,69,0
22,5,hardcore_comarg,9,6,2,69,0
22,5,hardcore_comarg,10,6,2,69,0
22,5,hardcore_comarg,11,6,2,69,0
22,5,hardcore_comarg,12,6,2,69,0
22,5,hardcore_comarg,13,6,2,69,0
22,5,hardcore_comarg,14,6,2,69,0
22,5,hardcore_comarg,15,5,3,69,0
22,5,hardcore_comarg,16,5,3,69,0
22,5,hardcore_comarg,17,5,3,69,0
22,5,hardcore_comarg,18,5,3,69,0
22,5,hardcore_comarg,19,5,3,69,0
22,5,hardcore_comarg,20,5,3,69,0
22,5,sdp_X_uw,0,8,0,69,0
22,5,sdp_X_uw,1,8,0,69,0
22,5,sdp_X_uw,2,7,1,69,0
22,5,sdp_X_uw,3,7,1,69,0
22,5,sdp_X_uw,4,7,1,69,0
22,5,sdp_X_uw,5,6,2,69,0
22,5,sdp_X_uw,6,6,2,69,0
22,5,sdp_X_uw,7,6,2,69,0
22,5,sdp_X_uw,8,6,2,69,0
22,5,sdp_X_uw,9,6,2,69,0
22,5,sdp_X_uw,10,6,2,69,0
22,5,sdp_X_uw,11,6,2,69,0
22,5,sdp_X_uw,12,6,2,69,0
22,5,sdp_X_uw,13,6,2,69,0
22,5,sdp_X_uw,14,5,3,69,0
22,5,sdp_X_uw,15,5,3,69,0
22,5,sdp_X_uw,16,5,3,69,0
22,5,sdp_X_uw,17,5,3,69,0
22,5,sdp_X_uw,18,5,3,69,0
22,5,sdp_X_uw,19,5,3,69,0
22,5,sdp_X_uw,20,5,3,69,0
22,5,lp_xu_plus_xw,0,8,0,69,0
22,5,lp_xu_plus_xw,1,8,0,69,0
22,5,lp_xu_plus_xw,2,8,0,69,0
22,5,lp_xu_plus_xw,3,8,0,69,0
22,5,lp_xu_plus_xw,4,8,0,69,0
22,5,lp_xu_plus_xw,5,8,0,69,0
22,5,lp_xu_plus_xw,6,8,0,69,0
22,5,lp_xu_plus_xw,7,8,0,69,0
22,5,lp_xu_plus_xw,8,7,1,69,0
22,5,lp_xu_plus_xw,9,7,1,69,0
22,5,lp_xu_plus_xw,10,7,1,69,0
22,5,lp_xu_plus_xw,11,7,1,69,0
22,5,lp_xu_plus_xw,12,7,1,69,0
22,5,lp_xu_plus_xw,13,7,1,69,0
22,5,lp_xu_plus_xw,14,7,1,69,0
22,5,lp_xu_plus_xw,15,6,2,69,0
22,5,lp_xu_plus_xw,16,6,2,69,0
22,5,lp_xu_plus_xw,17,6,2,69,0
22,5,lp_xu_plus_xw,18,6,2,69,0
22,5,lp_xu_plus_xw,19,6,2,69,0
22,5,lp_xu_plus_xw,20,6,2,69,0
22,5,hoffman_grad,0,8,0,69,1
22,6,random,0,8,0,69,0
22,6,random,1,8,0,69,0
22,6,random,2,8,0,69,0
22,6,random,3,8,0,69,0
22,6,random,4,7,1,69,0
22,6,random,5,7,1,69,0
22,6,random,6,7,1,69,0
22,6,random,7,7,1,69,0
22,6,random,8,7,1,69,0
22,6,random,9,7,1,69,0
22,6,random,10,7,1,69,0
22,6,random,11,7,1,69,0
22,6,random,12,7,1,69,0
22,6,random,13,7,1,69,0
22,6,random,14,7,1,69,0
22,6,random,15,7,1,69,0
22,6,random,16,7,1,69,0
22,6,random,17,7,1,69,0
22,6,random,18,7,1,69,0
22,6,random,19,7,1,69,0
22,6,random,20,7,1,69,0
22,6,drop_alpha,0,8,0,69,0
22,6,drop_alpha,1,8,0,69,0
22,6,drop_alpha,2,8,0,69,0
22,6,drop_alpha,3,7,1,69,0
22,6,drop_alpha,4,7,1,69,0
22,6,drop_alpha,5,7,1,69,0
22,6,drop_alpha,6,7,1,69,0
22,6,drop_alpha,7,7,1,69,0
22,6,drop_alpha,8,7,1,69,0
22,6,drop_alpha,9,7,1,69,0
22,6,drop_alpha,10,7,1,69,0
22,6,drop_alpha,11,7,1,69,0
22,6,drop_alpha,12,7,1,69,0
22,6,drop_alpha,13,7,1,69,0
22,6,drop_alpha,14,7,1,69,0
22,6,drop_alpha,15,6,2,69,0
22,6,drop_alpha,16,6,2,69,0
22,6,drop_alpha,17,6,2,69,0
22,6,drop_alpha,18,6,2,69,0
22,6,drop_alpha,19,6,2,69,0
22,6,drop_alpha,20,6,2,69,0
22,6,hardcore_comarg,0,8,0,69,0
22,6,hardcore_comarg,1,8,0,69,0
22,6,hardcore_comarg,2,7,1,69,0
22,6,hardcore_comarg,3,7,1,69,0
22,6,hardcore_comarg,4,6,2,69,0
22,6,hardcore_comarg,5,6,2,69,0
22,6,hardcore_comarg,6,6,2,69,0
22,6,hardcore_comarg,7,6,2,69,0
22,6,hardcore_comarg,8,6,2,69,0
22,6,hardcore_comarg,9,6,2,69,0
22,6,hardcore_comarg,10,6,2,69,0
22,6,hardcore_comarg,11,6,2,69,0
22,6,hardcore_comarg,12,6,2,69,0
22,6,hardcore_comarg,13,5,3,69,0
22,6,hardcore_comarg,14,5,3,69,0
22,6,hardcore_comarg,15,5,3,69,0
22,6,hardcore_comarg,16,5,3,69,0
22,6,hardcore_comarg,17,5,3,69,0
22,6,hardcore_comarg,18,5,3,69,0
22,6,hardcore_comarg,19,5,3,69,0
22,6,hardcore_comarg,20,5,3,69,0
22,6,sdp_X_uw,0,8,0,69,0
22,6,sdp_X_uw,1,8,0,69,0
22,6,sdp_X_uw,2,7,1,69,0
22,6,sdp_X_uw,3,7,1,69,0
22,6,sdp_X_uw,4,7,1,69,0
22,6,sdp_X_uw,5,6,2,69,0
22,6,sdp_X_uw,6,6,2,69,0
22,6,sdp_X_uw,7,6,2,69,0
22,6,sdp_X_uw,8,6,2,69,0
22,6,sdp_X_uw,9,6,2,69,0
22,6,sdp_X_uw,10,6,2,69,0
22,6,sdp_X_uw,11,6,2,69,0
22,6,sdp_X_uw,12,6,2,69,0
22,6,sdp_X_uw,13,6,2,69,0
22,6,sdp_X_uw,14,5,3,69,0
22,6,sdp_X_uw,15,5,3,69,0
22,6,sdp_X_uw,16,5,3,69,0
22,6,sdp_X_uw,17,5,3,69,0
22,6,sdp_X_uw,18,5,3,69,0
22,6,sdp_X_uw,19,5,3,69,0
22,6,sdp_X_uw,20,5,3,69,0
22,6,lp_xu_plus_xw,0,8,0,69,0
22,6,lp_xu_plus_xw,1,8,0,69,0
22,6,lp_xu_plus_xw,2,7,1,69,0
22,6,lp_xu_plus_xw,3,7,1,69,0
22,6,lp_xu_plus_xw,4,7,1,69,0
22,6,lp_xu_plus_xw,5,7,1,69,0
22,6,lp_xu_plus_xw,6,7,1,69,0
22,6,lp_xu_plus_xw,7,7,1,69,0
22,6,lp_xu_plus_xw,8,7,1,69,0
22,6,lp_xu_plus_xw,9,7,1,69,0
22,6,lp_xu_plus_xw,10,7,1,69,0
22,6,lp_xu_plus_xw,11,7,1,69,0
22,6,lp_xu_plus_xw,12,7,1,69,0
22,6,lp_xu_plus_xw,13,7,1,69,0
22,6,lp_xu_plus_xw,14,7,1,69,0
22,6,lp_xu_plus_xw,15,7,1,69,0
22,6,lp_xu_plus_xw,16,7,1,69,0
22,6,lp_xu_plus_xw,17,7,1,69,0
22,6,lp_xu_plus_xw,18,6,2,69,0
22,6,lp_xu_plus_xw,19,6,2,69,0
22,6,lp_xu_plus_xw,20,6,2,69,0
22,6,hoffman_grad,0,8,0,69,1
22,7,random,0,8,0,69,0
22,7,random,1,8,0,69,0
22,7,random,2,8,0,69,0
22,7,random,3,8,0,69,0
22,7,random,4,8,0,69,0
22,7,random,5,8,0,69,0
22,7,random,6,8,0,69,0
22,7,random,7,8,0,69,0
22,7,random,8,8,0,69,0
22,7,random,9,8,0,69,0
22,7,random,10,8,0,69,0
22,7,random,11,8,0,69,0
22,7,random,12,8,0,69,0
22,7,random,13,8,0,69,0
22,7,random,14,8,0,69,0
22,7,random,15,7,1,69,0
22,7,random,16,7,1,69,0
22,7,random,17,7,1,69,0
22,7,random,18,7,1,69,0
22,7,random,19,6,2,69,0
22,7,random,20,6,2,69,0
22,7,drop_alpha,0,8,0,69,0
22,7,drop_alpha,1,8,0,69,0
22,7,drop_alpha,2,8,0,69,0
22,7,drop_alpha,3,8,0,69,0
22,7,drop_alpha,4,7,1,69,0
22,7,drop_alpha,5,7,1,69,0
22,7,drop_alpha,6,7,1,69,0
22,7,drop_alpha,7,7,1,69,0
22,7,drop_alpha,8,7,1,69,0
22,7,drop_alpha,9,7,1,69,0
22,7,drop_alpha,10,7,1,69,0
22,7,drop_alpha,11,7,1,69,0
22,7,drop_alpha,12,7,1,69,0
22,7,drop_alpha,13,7,1,69,0
22,7,drop_alpha,14,6,2,69,0
22,7,drop_alpha,15,6,2,69,0
22,7,drop_alpha,16,6,2,69,0
22,7,drop_alpha,17,6,2,69,0
22,7,drop_alpha,18,6,2,69,0
22,7,drop_alpha,19,6,2,69,0
22,7,drop_alpha,20,6,2,69,0
22,7,hardcore_comarg,0,8,0,69,0
22,7,hardcore_comarg,1,8,0,69,0
22,7,hardcore_comarg,2,7,1,69,0
22,7,hardcore_comarg,3,7,1,69,0
22,7,hardcore_comarg,4,7,1,69,0
22,7,hardcore_comarg,5,6,2,69,0
22,7,hardcore_comarg,6,6,2,69,0
22,7,hardcore_comarg,7,6,2,69,0
22,7,hardcore_comarg,8,6,2,69,0
22,7,hardcore_comarg,9,6,2,69,0
22,7,hardcore_comarg,10,6,2,69,0
22,7,hardcore_comarg,11,6,2,69,0
22,7,hardcore_comarg,12,6,2,69,0
22,7,hardcore_comarg,13,6,2,69,0
22,7,hardcore_comarg,14,6,2,69,0
22,7,hardcore_comarg,15,5,3,69,0
22,7,hardcore_comarg,16,5,3,69,0
22,7,hardcore_comarg,17,5,3,69,0
22,7,hardcore_comarg,18,5,3,69,0
22,7,hardcore_comarg,19,5,3,69,0
22,7,hardcore_comarg,20,5,3,69,0
22,7,sdp_X_uw,0,8,0,69,0
22,7,sdp_X_uw,1,8,0,69,0
22,7,sdp_X_uw,2,7,1,69,0
22,7,sdp_X_uw,3,7,1,69,0
22,7,sdp_X_uw,4,7,1,69,0
22,7,sdp_X_uw,5,7,1,69,0
22,7,sdp_X_uw,6,6,2,69,0
22,7,sdp_X_uw,7,6,2,69,0
22,7,sdp_X_uw,8,6,2,69,0
22,7,sdp_X_uw,9,6,2,69,0
22,7,sdp_X_uw,10,6,2,69,0
22,7,sdp_X_uw,11,6,2,69,0
22,7,sdp_X_uw,12,6,2,69,0
22,7,sdp_X_uw,13,6,2,69,0
22,7,sdp_X_uw,14,6,2,69,0
22,7,sdp_X_uw,15,5,3,69,0
22,7,sdp_X_uw,16,5,3,69,0
22,7,sdp_X_uw,17,5,3,69,0
22,7,sdp_X_uw,18,5,3,69,0
22,7,sdp_X_uw,19,5,3,69,0
22,7,sdp_X_uw,20,5,3,69,0
22,7,lp_xu_plus_xw,0,8,0,69,0
22,7,lp_xu_plus_xw,1,8,0,69,0
22,7,lp_xu_plus_xw,2,8,0,69,0
22,7,lp_xu_plus_xw,3,8,0,69,0
22,7,lp_xu_plus_xw,4,7,1,69,0
22,7,lp_xu_plus_xw,5,7,1,69,0
22,7,lp_xu_plus_xw,6,7,1,69,0
22,7,lp_xu_plus_xw,7,7,1,69,0
22,7,lp_xu_plus_xw,8,7,1,69,0
22,7,lp_xu_plus_xw,9,7,1,69,0
22,7,lp_xu_plus_xw,10,7,1,69,0
22,7,lp_xu_plus_xw,11,7,1,69,0
22,7,lp_xu_plus_xw,12,7,1,69,0
22,7,lp_xu_plus_xw,13,7,1,69,0
22,7,lp_xu_plus_xw,14,7,1,69,0
22,7,lp_xu_plus_xw,15,7,1,69,0
22,7,lp_xu_plus_xw,16,7,1,69,0
22,7,lp_xu_plus_xw,17,7,1,69,0
22,7,lp_xu_plus_xw,18,7,1,69,0
22,7,lp_xu_plus_xw,19,6,2,69,0
22,7,lp_xu_plus_xw,20,6,2,69,0
22,7,hoffman_grad,0,8,0,69,1
22,8,random,0,8,0,69,0
22,8,random,1,8,0,69,0
22,8,random,2,8,0,69,0
22,8,random,3,8,0,69,0
22,8,random,4,8,0,69,0
22,8,random,5,8,0,69,0
22,8,random,6,8,0,69,0
22,8,random,7,8,0,69,0
22,8,random,8,8,0,69,0
22,8,random,9,8,0,69,0
22,8,random,10,8,0,69,0
22,8,random,11,8,0,69,0
22,8,random,12,8,0,69,0
22,8,random,13,8,0,69,0
22,8,random,14,8,0,69,0
22,8,random,15,8,0,69,0
22,8,random,16,8,0,69,0
22,8,random,17,8,0,69,0
22,8,random,18,8,0,69,0
22,8,random,19,8,0,69,0
22,8,random,20,8,0,69,0
22,8,drop_alpha,0,8,0,69,0
22,8,drop_alpha,1,8,0,69,0
22,8,drop_alpha,2,7,1,69,0
22,8,drop_alpha,3,7,1,69,0
22,8,drop_alpha,4,7,1,69,0
22,8,drop_alpha,5,7,1,69,0
22,8,drop_alpha,6,7,1,69,0
22,8,drop_alpha,7,7,1,69,0
22,8,drop_alpha,8,7,1,69,0
22,8,drop_alpha,9,7,1,69,0
22,8,drop_alpha,10,7,1,69,0
22,8,drop_alpha,11,7,1,69,0
22,8,drop_alpha,12,7,1,69,0
22,8,drop_alpha,13,7,1,69,0
22,8,drop_alpha,14,7,1,69,0
22,8,drop_alpha,15,7,1,69,0
22,8,drop_alpha,16,7,1,69,0
22,8,drop_alpha,17,6,2,69,0
22,8,drop_alpha,18,6,2,69,0
22,8,drop_alpha,19,6,2,69,0
22,8,drop_alpha,20,6,2,69,0
22,8,hardcore_comarg,0,8,0,69,0
22,8,hardcore_comarg,1,8,0,69,0
22,8,hardcore_comarg,2,7,1,69,0
22,8,hardcore_comarg,3,7,1,69,0
22,8,hardcore_comarg,4,7,1,69,0
22,8,hardcore_comarg,5,6,2,69,0
22,8,hardcore_comarg,6,6,2,69,0
22,8,hardcore_comarg,7,6,2,69,0
22,8,hardcore_comarg,8,6,2,69,0
22,8,hardcore_comarg,9,6,2,69,0
22,8,hardcore_comarg,10,6,2,69,0
22,8,hardcore_comarg,11,6,2,69,0
22,8,hardcore_comarg,12,5,3,69,0
22,8,hardcore_comarg,13,5,3,69,0
22,8,hardcore_comarg,14,5,3,69,0
22,8,hardcore_comarg,15,5,3,69,0
22,8,hardcore_comarg,16,5,3,69,0
22,8,hardcore_comarg,17,5,3,69,0
22,8,hardcore_comarg,18,5,3,69,0
22,8,hardcore_comarg,19,5,3,69,0
22,8,hardcore_comarg,20,5,3,69,0
22,8,sdp_X_uw,0,8,0,69,0
22,8,sdp_X_uw,1,8,0,69,0
22,8,sdp_X_uw,2,7,1,69,0
22,8,sdp_X_uw,3,7,1,69,0
22,8,sdp_X_uw,4,7,1,69,0
22,8,sdp_X_uw,5,6,2,69,0
22,8,sdp_X_uw,6,6,2,69,0
22,8,sdp_X_uw,7,6,2,69,0
22,8,sdp_X_uw,8,6,2,69,0
22,8,sdp_X_uw,9,6,2,69,0
22,8,sdp_X_uw,10,6,2,69,0
22,8,sdp_X_uw,11,6,2,69,0
22,8,sdp_X_uw,12,6,2,69,0
22,8,sdp_X_uw,13,6,2,69,0
22,8,sdp_X_uw,14,5,3,69,0
22,8,sdp_X_uw,15,5,3,69,0
22,8,sdp_X_uw,16,5,3,69,0
22,8,sdp_X_uw,17,5,3,69,0
22,8,sdp_X_uw,18,5,3,69,0
22,8,sdp_X_uw,19,5,3,69,0
22,8,sdp_X_uw,20,5,3,69,0
22,8,lp_xu_plus_xw,0,8,0,69,0
22,8,lp_xu_plus_xw,1,8,0,69,0
22,8,lp_xu_plus_xw,2,8,0,69,0
22,8,lp_xu_plus_xw,3,8,0,69,0
22,8,lp_xu_plus_xw,4,8,0,69,0
22,8,lp_xu_plus_xw,5,8,0,69,0
22,8,lp_xu_plus_xw,6,8,0,69,0
22,8,lp_xu_plus_xw,7,8,0,69,0
22,8,lp_xu_plus_xw,8,8,0,69,0
22,8,lp_xu_plus_xw,9,8,0,69,0
22,8,lp_xu_plus_xw,10,8,0,69,0
22,8,lp_xu_plus_xw,11,8,0,69,0
22,8,lp_xu_plus_xw,12,8,0,69,0
22,8,lp_xu_plus_xw,13,7,1,69,0
22,8,lp_xu_plus_xw,14,7,1,69,0
22,8,lp_xu_plus_xw,15,7,1,69,0
22,8,lp_xu_plus_xw,16,7,1,69,0
22,8,lp_xu_plus_xw,17,7,1,69,0
22,8,lp_xu_plus_xw,18,7,1,69,0
22,8,lp_xu_plus_xw,19,7,1,69,0
22,8,lp_xu_plus_xw,20,7,1,69,0
22,8,hoffman_grad,0,8,0,69,1
22,9,random,0,8,0,69,0
22,9,random,1,8,0,69,0
22,9,random,2,8,0,69,0
22,9,random,3,8,0,69,0
22,9,random,4,8,0,69,0
22,9,random,5,8,0,69,0
22,9,random,6,8,0,69,0
22,9,random,7,8,0,69,0
22,9,random,8,8,0,69,0
22,9,random,9,8,0,69,0
22,9,random,10,7,1,69,0
22,9,random,11,7,1,69,0
22,9,random,12,7,1,69,0
22,9,random,13,7,1,69,0
22,9,random,14,6,2,69,0
22,9,random,15,6,2,69,0
22,9,random,16,6,2,69,0
22,9,random,17,6,2,69,0
22,9,random,18,6,2,69,0
22,9,random,19,6,2,69,0
22,9,random,20,6,2,69,0
22,9,drop_alpha,0,8,0,69,0
22,9,drop_alpha,1,8,0,69,0
22,9,drop_alpha,2,8,0,69,0
22,9,drop_alpha,3,7,1,69,0
22,9,drop_alpha,4,7,1,69,0
22,9,drop_alpha,5,7,1,69,0
22,9,drop_alpha,6,7,1,69,0
22,9,drop_alpha,7,7,1,69,0
22,9,drop_alpha,8,7,1,69,0
22,9,drop_alpha,9,7,1,69,0
22,9,drop_alpha,10,7,1,69,0
22,9,drop_alpha,11,7,1,69,0
22,9,drop_alpha,12,7,1,69,0
22,9,drop_alpha,13,7,1,69,0
22,9,drop_alpha,14,7,1,69,0
22,9,drop_alpha,15,6,2,69,0
22,9,drop_alpha,16,6,2,69,0
22,9,drop_alpha,17,6,2,69,0
22,9,drop_alpha,18,6,2,69,0
22,9,drop_alpha,19,6,2,69,0
22,9,drop_alpha,20,6,2,69,0
22,9,hardcore_comarg,0,8,0,69,0
22,9,hardcore_comarg,1,8,0,69,0
22,9,hardcore_comarg,2,7,1,69,0
22,9,hardcore_comarg,3,7,1,69,0
22,9,hardcore_comarg,4,7,1,69,0
22,9,hardcore_comarg,5,7,1,69,0
22,9,hardcore_comarg,6,6,2,69,0
22,9,hardcore_comarg,7,6,2,69,0
22,9,hardcore_comarg,8,6,2,69,0
22,9,hardcore_comarg,9,6,2,69,0
22,9,hardcore_comarg,10,6,2,69,0
22,9,hardcore_comarg,11,6,2,69,0
22,9,hardcore_comarg,12,6,2,69,0
22,9,hardcore_comarg,13,5,3,69,0
22,9,hardcore_comarg,14,5,3,69,0
22,9,hardcore_comarg,15,5,3,69,0
22,9,hardcore_comarg,16,5,3,69,0
22,9,hardcore_comarg,17,5,3,69,0
22,9,hardcore_comarg,18,5,3,69,0
22,9,hardcore_comarg,19,5,3,69,0
22,9,hardcore_comarg,20,5,3,69,0
22,9,sdp_X_uw,0,8,0,69,0
22,9,sdp_X_uw,1,8,0,69,0
22,9,sdp_X_uw,2,7,1,69,0
22,9,sdp_X_uw,3,7,1,69,0
22,9,sdp_X_uw,4,7,1,69,0
22,9,sdp_X_uw,5,7,1,69,0
22,9,sdp_X_uw,6,7,1,69,0
22,9,sdp_X_uw,7,6,2,69,0
22,9,sdp_X_uw,8,6,2,69,0
22,9,sdp_X_uw,9,6,2,69,0
22,9,sdp_X_uw,10,6,2,69,0
22,9,sdp_X_uw,11,6,2,69,0
22,9,sdp_X_uw,12,6,2,69,0
22,9,sdp_X_uw,13,6,2,69,0
22,9,sdp_X_uw,14,5,3,69,0
22,9,sdp_X_uw,15,5,3,69,0
22,9,sdp_X_uw,16,5,3,69,0
22,9,sdp_X_uw,17,5,3,69,0
22,9,sdp_X_uw,18,5,3,69,0
22,9,sdp_X_uw,19,5,3,69,0
22,9,sdp_X_uw,20,5,3,69,0
22,9,lp_xu_plus_xw,0,8,0,69,0
22,9,lp_xu_plus_xw,1,8,0,69,0
22,9,lp_xu_plus_xw,2,8,0,69,0
22,9,lp_xu_plus_xw,3,7,1,69,0
22,9,lp_xu_plus_xw,4,7,1,69,0
22,9,lp_xu_plus_xw,5,7,1,69,0
22,9,lp_xu_plus_xw,6,7,1,69,0
22,9,lp_xu_plus_xw,7,7,1,69,0
22,9,lp_xu_plus_xw,8,7,1,69,0
22,9,lp_xu_plus_xw,9,7,1,69,0
22,9,lp_xu_plus_xw,10,6,2,69,0
22,9,lp_xu_plus_xw,11,6,2,69,0
22,9,lp_xu_plus_xw,12,6,2,69,0
22,9,lp_xu_plus_xw,13,6,2,69,0
22,9,lp_xu_plus_xw,14,6,2,69,0
22,9,lp_xu_plus_xw,15,6,2,69,0
22,9,lp_xu_plus_xw,16,6,2,69,0
22,9,lp_xu_plus_xw,17,6,2,69,0
22,9,lp_xu_plus_xw,18,6,2,69,0
22,9,lp_xu_plus_xw,19,6,2,69,0
22,9,lp_xu_plus_xw,20,6,2,69,0
22,9,hoffman_grad,0,8,0,69,1
